0,zero,0,2
1,one,1,1
2,two,2,1
3,three,3,1
4,four,4,1
5,five,5,1
6,six,6,1
7,seven,7,2
8,eight,8,1
9,nine,9,1
10,ten,10,1
11,ten plus one,10 + 1,3
12,twelve,12,1
13,thirteen,13,2
14,fourteen,14,2
15,fifteen,15,2
16,four squared,4 ²,2
17,twelve plus five,12 + 5,3
18,eighteen,18,2
19,nineteen,19,2
20,twenty,20,2
21,twelve plus nine,12 + 9,3
22,twelve plus ten,12 + 10,3
23,twenty-three,23,3
24,six cubed ninths,6 ³ / 9,3
25,five squared,5 ²,2
26,twenty-six,26,3
27,three cubed,3 ³,2
28,twenty-eight,28,3
29,twenty-nine,29,3
30,thirty,30,2
31,thirty-one,31,3
32,four cubed halves,4 ³ / 2,3
33,thirty-three,33,3
34,thirty-four,34,3
35,thirty-five,35,3
36,six squared,6 ²,2
37,six squared plus one,6 ² + 1,4
38,thirty-eight,38,3
39,thirty-nine,39,3
40,forty,40,2
41,forty-one,41,3
42,forty-two,42,3
43,forty-three,43,3
44,forty-four,44,3
45,ninety halves,90 / 2,3
46,forty-six,46,3
47,ninety-four halves,94 / 2,4
48,twelve squared thirds,12 ² / 3,3
49,seven squared,7 ²,3
50,fifty,50,2
51,fifty-one,51,3
52,fifty-two,52,3
53,fifty-three,53,3
54,six cubed fourths,6 ³ / 4,3
55,fifty-five,55,3
56,fifty-six,56,3
57,three times nineteen,3 * 19,4
58,fifty-eight,58,3
59,fifty-nine,59,3
60,sixty,60,2
61,sixty-one,61,3
62,sixty-two,62,3
63,sixty-three,63,3
64,four cubed,4 ³,2
65,sixty-five,65,3
66,sixty-six,66,3
67,four cubed plus three,4 ³ + 3,4
68,sixty-eight,68,3
69,sixty-nine,69,3
70,seventy,70,3
71,seventy-one,71,4
72,six cubed thirds,6 ³ / 3,3
73,four cubed plus nine,4 ³ + 9,4
74,four cubed plus ten,4 ³ + 10,4
75,thirty squared twelfths,30 ² / 12,4
76,four times nineteen,4 * 19,4
77,three hundred eight fourths,308 / 4,5
78,six times thirteen,6 * 13,4
79,seventy-nine,79,4
80,eighty,80,2
81,nine squared,9 ²,2
82,eighty-two,82,3
83,eighty-three,83,3
84,eighty-four,84,3
85,eighty-five,85,3
86,eighty-six,86,3
87,nine squared plus six,9 ² + 6,4
88,eighty-eight,88,3
89,eighty-nine,89,3
90,ninety,90,2
91,ninety-one,91,3
92,ninety-two,92,3
93,ninety-three,93,3
94,ninety-four,94,3
95,ninety-five,95,3
96,eight times twelve,8 * 12,3
97,ninety-seven,97,4
98,ninety-eight,98,3
99,ninety-nine,99,3
100,ten squared,10 ²,2
101,ten squared plus one,10 ² + 1,4
102,ten squared plus two,10 ² + 2,4
103,ten squared plus three,10 ² + 3,4
104,eight times thirteen,8 * 13,4
105,ten squared plus five,10 ² + 5,4
106,ten squared plus six,10 ² + 6,4
107,ninety-nine plus eight,99 + 8,5
108,six cubed halves,6 ³ / 2,3
109,ten squared plus nine,10 ² + 9,4
110,ten squared plus ten,10 ² + 10,4
111,six cubed halves plus three,6 ³ / 2 + 3,5
112,eight times fourteen,8 * 14,4
113,nine hundred four eighths,904 / 8,5
114,six times nineteen,6 * 19,4
115,five cubed minus ten,5 ³ - 10,5
116,five cubed minus nine,5 ³ - 9,5
117,nine times thirteen,9 * 13,4
118,two times fifty-nine,2 * 59,5
119,five cubed minus six,5 ³ - 6,5
120,ten times twelve,10 * 12,3
121,eleven squared,11 ²,4
122,six hundred ten fifths,610 / 5,5
123,five cubed minus two,5 ³ - 2,5
124,five cubed minus one,5 ³ - 1,5
125,five cubed,5 ³,2
126,nine times fourteen,9 * 14,4
127,five cubed plus two,5 ³ + 2,4
128,eight cubed fourths,8 ³ / 4,3
129,five cubed plus four,5 ³ + 4,4
130,ten times thirteen,10 * 13,4
131,five cubed plus six,5 ³ + 6,4
132,twelve squared minus twelve,12 ² - 12,5
133,five cubed plus eight,5 ³ + 8,4
134,five cubed plus nine,5 ³ + 9,4
135,nine times fifteen,9 * 15,4
136,four hundred eight thirds,408 / 3,5
137,five cubed plus twelve,5 ³ + 12,4
138,twelve squared minus six,12 ² - 6,5
139,twelve squared minus five,12 ² - 5,5
140,ten times fourteen,10 * 14,4
141,twelve squared minus three,12 ² - 3,5
142,twelve squared minus two,12 ² - 2,5
143,twelve squared minus one,12 ² - 1,5
144,twelve squared,12 ²,2
145,twelve squared plus one,12 ² + 1,4
146,twelve squared plus two,12 ² + 2,4
147,twelve squared plus three,12 ² + 3,4
148,twelve squared plus four,12 ² + 4,4
149,twelve squared plus five,12 ² + 5,4
150,thirty squared sixths,30 ² / 6,4
151,nine hundred six sixths,906 / 6,5
152,eight times nineteen,8 * 19,4
153,twelve squared plus nine,12 ² + 9,4
154,twelve squared plus ten,12 ² + 10,4
155,three hundred ten halves,310 / 2,5
156,twelve times thirteen,12 * 13,4
157,twelve squared plus thirteen,12 ² + 13,5
158,twelve squared plus fourteen,12 ² + 14,5
159,three times fifty-three,3 * 53,5
160,forty squared tenths,40 ² / 10,4
161,eight hundred five fifths,805 / 5,5
162,six squared squared eighths,(6 ²) ² / 8,4
163,twelve squared plus nineteen,12 ² + 19,5
164,four times forty-one,4 * 41,5
165,five times thirty-three,5 * 33,5
166,two times eighty-three,2 * 83,5
167,two thousand four twelfths,2004 / 12,5
168,twelve times fourteen,12 * 14,4
169,thirteen squared,13 ²,3
170,five hundred ten thirds,510 / 3,5
171,nine times nineteen,9 * 19,4
172,four times forty-three,4 * 43,5
173,thirteen squared plus four,13 ² + 4,5
174,six times twenty-nine,6 * 29,5
175,seven hundred fourths,700 / 4,5
176,eight times twenty-two,8 * 22,5
177,three times fifty-nine,3 * 59,5
178,two times eighty-nine,2 * 89,5
179,thirteen squared plus ten,13 ² + 10,5
180,thirty squared fifths,30 ² / 5,4
181,nine hundred five fifths,905 / 5,5
182,nine hundred ten fifths,910 / 5,5
183,three times sixty-one,3 * 61,5
184,eight times twenty-three,8 * 23,5
185,five cubed plus sixty,5 ³ + 60,5
186,six times thirty-one,6 * 31,5
187,fourteen squared minus nine,14 ² - 9,6
188,two times ninety-four,2 * 94,5
189,seven times three cubed,7 * 3 ³,5
190,ten times nineteen,10 * 19,4
191,ten cubed fifths minus nine,10 ³ / 5 - 9,6
192,twelve cubed ninths,12 ³ / 9,3
193,twelve cubed ninths plus one,12 ³ / 9 + 1,5
194,twelve cubed ninths plus two,12 ³ / 9 + 2,5
195,thirteen times fifteen,13 * 15,5
196,fourteen squared,14 ²,3
197,fourteen squared plus one,14 ² + 1,5
198,nine times twenty-two,9 * 22,5
199,fourteen squared plus three,14 ² + 3,5
200,ten cubed fifths,10 ³ / 5,3
201,two hundred one,201,4
202,two hundred two,202,4
203,two hundred three,203,4
204,two hundred four,204,4
205,two hundred five,205,4
206,two hundred six,206,4
207,six cubed minus nine,6 ³ - 9,5
208,two hundred eight,208,4
209,two hundred nine,209,4
210,two hundred ten,210,4
211,six cubed minus five,6 ³ - 5,5
212,two hundred twelve,212,4
213,six cubed minus three,6 ³ - 3,5
214,six cubed minus two,6 ³ - 2,5
215,six cubed minus one,6 ³ - 1,5
216,six cubed,6 ³,2
217,six cubed plus one,6 ³ + 1,4
218,six cubed plus two,6 ³ + 2,4
219,six cubed plus three,6 ³ + 3,4
220,six cubed plus four,6 ³ + 4,4
221,six cubed plus five,6 ³ + 5,4
222,six cubed plus six,6 ³ + 6,4
223,six cubed plus seven,6 ³ + 7,5
224,six cubed plus eight,6 ³ + 8,4
225,fifteen squared,15 ²,3
226,six cubed plus ten,6 ³ + 10,4
227,nine hundred eight fourths,908 / 4,5
228,twelve times nineteen,12 * 19,4
229,fifteen squared plus four,15 ² + 4,5
230,ten times twenty-three,10 * 23,5
231,fifteen squared plus six,15 ² + 6,5
232,eight times twenty-nine,8 * 29,5
233,fifteen squared plus eight,15 ² + 8,5
234,thirteen times eighteen,13 * 18,5
235,fifteen squared plus ten,15 ² + 10,5
236,four times fifty-nine,4 * 59,5
237,fifteen squared plus twelve,15 ² + 12,5
238,ten cubed fourths minus twelve,10 ³ / 4 - 12,6
239,nine cubed thirds minus four,9 ³ / 3 - 4,6
240,twelve times twenty,12 * 20,4
241,six cubed plus five squared,6 ³ + 5 ²,5
242,forty-four squared eighths,44 ² / 8,5
243,nine cubed thirds,9 ³ / 3,3
244,four times sixty-one,4 * 61,5
245,thirty-five squared fifths,35 ² / 5,5
246,six times forty-one,6 * 41,5
247,thirteen times nineteen,13 * 19,5
248,eight times thirty-one,8 * 31,5
249,three times eighty-three,3 * 83,5
250,ten cubed fourths,10 ³ / 4,3
251,three thousand twelve twelfths,3012 / 12,5
252,one thousand eight fourths,1008 / 4,5
253,one thousand twelve fourths,1012 / 4,5
254,five hundred eight halves,508 / 2,5
255,five hundred ten halves,510 / 2,5
256,four squared squared,(4 ²) ²,3
257,four squared squared plus one,(4 ²) ² + 1,5
258,six times forty-three,6 * 43,5
259,four squared squared plus three,(4 ²) ² + 3,5
260,thirteen times twenty,13 * 20,5
261,nine times twenty-nine,9 * 29,5
262,four squared squared plus six,(4 ²) ² + 6,5
263,four squared squared plus seven,(4 ²) ² + 7,6
264,twelve times twenty-two,12 * 22,5
265,five times fifty-three,5 * 53,5
266,fourteen times nineteen,14 * 19,5
267,eight hundred one thirds,801 / 3,5
268,eight hundred four thirds,804 / 3,5
269,twelve squared plus five cubed,12 ² + 5 ³,5
270,ten times three cubed,10 * 3 ³,4
271,eight hundred thirteen thirds,813 / 3,6
272,eight times thirty-four,8 * 34,5
273,three times ninety-one,3 * 91,5
274,ten times three cubed plus four,10 * 3 ³ + 4,6
275,five times fifty-five,5 * 55,5
276,twelve times twenty-three,12 * 23,5
277,ten cubed fourths plus three cubed,10 ³ / 4 + 3 ³,6
278,ten thousand eight thirds twelfths,10008 / 3 / 12,6
279,nine times thirty-one,9 * 31,5
280,fourteen times twenty,14 * 20,5
281,four squared squared plus five squared,(4 ²) ² + 5 ²,6
282,three times ninety-four,3 * 94,5
283,twelve cubed sixths minus five,12 ³ / 6 - 5,6
284,twelve cubed sixths minus four,12 ³ / 6 - 4,6
285,fifteen times nineteen,15 * 19,5
286,four thousand four fourteenths,4004 / 14,6
287,two thousand nine sevenths,2009 / 7,6
288,twelve cubed sixths,12 ³ / 6,3
289,seventeen squared,17 ²,4
290,ten times twenty-nine,10 * 29,5
291,twelve cubed sixths plus three,12 ³ / 6 + 3,5
292,twelve cubed sixths plus four,12 ³ / 6 + 4,5
293,twelve cubed sixths plus five,12 ³ / 6 + 5,5
294,forty-two squared sixths,42 ² / 6,5
295,five times fifty-nine,5 * 59,5
296,twelve cubed sixths plus eight,12 ³ / 6 + 8,5
297,nine times thirty-three,9 * 33,5
298,twelve cubed sixths plus ten,12 ³ / 6 + 10,5
299,three hundred minus one,300 - 1,6
300,three hundred,300,3
301,three hundred one,301,4
302,three hundred two,302,4
303,three hundred three,303,4
304,three hundred four,304,4
305,three hundred five,305,4
306,three hundred six,306,4
307,three hundred seven,307,5
308,three hundred eight,308,4
309,three hundred nine,309,4
310,three hundred ten,310,4
311,three hundred ten plus one,310 + 1,6
312,three hundred twelve,312,4
313,three hundred thirteen,313,5
314,three hundred fourteen,314,5
315,nine times thirty-five,9 * 35,5
316,six cubed plus ten squared,6 ³ + 10 ²,5
317,three hundred twelve plus five,312 + 5,6
318,six times fifty-three,6 * 53,5
319,three hundred nineteen,319,5
320,forty squared fifths,40 ² / 5,4
321,eighteen squared minus three,18 ² - 3,6
322,eighteen squared minus two,18 ² - 2,6
323,eighteen squared minus one,18 ² - 1,6
324,eighteen squared,18 ²,3
325,thirteen times five squared,13 * 5 ²,5
326,eighteen squared plus two,18 ² + 2,5
327,eighteen squared plus three,18 ² + 3,5
328,eight times forty-one,8 * 41,5
329,eighteen squared plus five,18 ² + 5,5
330,ten times thirty-three,10 * 33,5
331,seven cubed minus twelve,7 ³ - 12,6
332,four times eighty-three,4 * 83,5
333,eighteen squared plus nine,18 ² + 9,5
334,four thousand eight twelfths,4008 / 12,5
335,two thousand ten sixths,2010 / 6,5
336,one thousand eight thirds,1008 / 3,5
337,seven cubed minus six,7 ³ - 6,6
338,fifty-two squared eighths,52 ² / 8,5
339,seven cubed minus four,7 ³ - 4,6
340,ten times thirty-four,10 * 34,5
341,six cubed plus five cubed,6 ³ + 5 ³,5
342,eighteen times nineteen,18 * 19,5
343,seven cubed,7 ³,3
344,eight times forty-three,8 * 43,5
345,five times sixty-nine,5 * 69,5
346,seven cubed plus three,7 ³ + 3,5
347,seven cubed plus four,7 ³ + 4,5
348,twelve times twenty-nine,12 * 29,5
349,seven cubed plus six,7 ³ + 6,5
350,seven hundred halves,700 / 2,5
351,thirteen times three cubed,13 * 3 ³,5
352,eight times forty-four,8 * 44,5
353,seven cubed plus ten,7 ³ + 10,5
354,six times fifty-nine,6 * 59,5
355,seven cubed plus twelve,7 ³ + 12,5
356,four times eighty-nine,4 * 89,5
357,nineteen squared minus four,19 ² - 4,6
358,five thousand twelve fourteenths,5012 / 14,6
359,nineteen squared minus two,19 ² - 2,6
360,sixty squared tenths,60 ² / 10,4
361,nineteen squared,19 ²,3
362,nineteen squared plus one,19 ² + 1,5
363,sixty-six squared twelfths,66 ² / 12,5
364,four times ninety-one,4 * 91,5
365,nineteen squared plus four,19 ² + 4,5
366,six times sixty-one,6 * 61,5
367,nineteen squared plus six,19 ² + 6,5
368,eight times forty-six,8 * 46,5
369,nine times forty-one,9 * 41,5
370,nineteen squared plus nine,19 ² + 9,5
371,nineteen squared plus ten,19 ² + 10,5
372,twelve times thirty-one,12 * 31,5
373,nineteen squared plus twelve,19 ² + 12,5
374,nineteen squared plus thirteen,19 ² + 13,6
375,fifteen cubed ninths,15 ³ / 9,4
376,three thousand eight eighths,3008 / 8,5
377,three thousand sixteen eighths,3016 / 8,6
378,fourteen times three cubed,14 * 3 ³,5
379,fifteen cubed ninths plus four,15 ³ / 9 + 4,6
380,nineteen times twenty,19 * 20,5
381,fifteen cubed ninths plus six,15 ³ / 9 + 6,6
382,three hundred eighty-two,382,6
383,fifteen cubed ninths plus eight,15 ³ / 9 + 8,6
384,six times four cubed,6 * 4 ³,4
385,five thousand five thirteenths,5005 / 13,6
386,six times four cubed plus two,6 * 4 ³ + 2,6
387,nine times forty-three,9 * 43,5
388,twenty squared minus twelve,20 ² - 12,6
389,six times four cubed plus five,6 * 4 ³ + 5,6
390,thirteen times thirty,13 * 30,5
391,twenty squared minus nine,20 ² - 9,6
392,fifty-six squared eighths,56 ² / 8,5
393,six times four cubed plus nine,6 * 4 ³ + 9,6
394,twenty squared minus six,20 ² - 6,6
395,twenty squared minus five,20 ² - 5,6
396,twelve times thirty-three,12 * 33,5
397,twenty squared minus three,20 ² - 3,6
398,twenty squared minus two,20 ² - 2,6
399,twenty squared minus one,20 ² - 1,6
400,twenty squared,20 ²,3
401,four hundred one,401,4
402,four hundred two,402,4
403,four hundred three,403,4
404,four hundred four,404,4
405,five times nine squared,5 * 9 ²,4
406,four hundred six,406,4
407,four hundred seven,407,5
408,four hundred eight,408,4
409,four hundred nine,409,4
410,four hundred ten,410,4
411,four hundred ten plus one,410 + 1,6
412,four hundred twelve,412,4
413,four hundred thirteen,413,5
414,nine times forty-six,9 * 46,5
415,five times eighty-three,5 * 83,5
416,eight times fifty-two,8 * 52,5
417,five thousand four twelfths,5004 / 12,5
418,four hundred eighteen,418,5
419,four hundred nineteen,419,5
420,fourteen times thirty,14 * 30,5
421,four hundred twelve plus nine,412 + 9,6
422,twelve cubed fourths minus ten,12 ³ / 4 - 10,6
423,twelve cubed fourths minus nine,12 ³ / 4 - 9,6
424,eight times fifty-three,8 * 53,5
425,five times eighty-five,5 * 85,5
426,twelve cubed fourths minus six,12 ³ / 4 - 6,6
427,twelve cubed fourths minus five,12 ³ / 4 - 5,6
428,twelve cubed fourths minus four,12 ³ / 4 - 4,6
429,six thousand six fourteenths,6006 / 14,6
430,ten times forty-three,10 * 43,5
431,twelve cubed fourths minus one,12 ³ / 4 - 1,6
432,twelve cubed fourths,12 ³ / 4,3
433,twelve cubed fourths plus one,12 ³ / 4 + 1,5
434,twelve cubed fourths plus two,12 ³ / 4 + 2,5
435,twelve cubed fourths plus three,12 ³ / 4 + 3,5
436,twelve cubed fourths plus four,12 ³ / 4 + 4,5
437,twelve cubed fourths plus five,12 ³ / 4 + 5,5
438,twelve cubed fourths plus six,12 ³ / 4 + 6,5
439,twelve cubed fourths plus seven,12 ³ / 4 + 7,6
440,ten times forty-four,10 * 44,5
441,twenty-one squared,21 ²,4
442,twelve cubed fourths plus ten,12 ³ / 4 + 10,5
443,twenty-one squared plus two,21 ² + 2,6
444,twelve cubed fourths plus twelve,12 ³ / 4 + 12,5
445,four thousand five ninths,4005 / 9,5
446,four thousand fourteen ninths,4014 / 9,6
447,twenty-one squared plus six,21 ² + 6,6
448,seven times four cubed,7 * 4 ³,5
449,twenty-one squared plus eight,21 ² + 8,6
450,sixty squared eighths,60 ² / 8,4
451,nine hundred two halves,902 / 2,5
452,nine hundred four halves,904 / 2,5
453,nine hundred six halves,906 / 2,5
454,nine hundred eight halves,908 / 2,5
455,nine hundred ten halves,910 / 2,5
456,nine hundred twelve halves,912 / 2,5
457,nine hundred fourteen halves,914 / 2,6
458,nine hundred sixteen halves,916 / 2,6
459,nine times fifty-one,9 * 51,5
460,ten times forty-six,10 * 46,5
461,nineteen squared plus ten squared,19 ² + 10 ²,6
462,six thousand six thirteenths,6006 / 13,6
463,four hundred sixty-three,463,6
464,eight times fifty-eight,8 * 58,5
465,five times ninety-three,5 * 93,5
466,ten cubed fourths plus six cubed,10 ³ / 4 + 6 ³,6
467,fourteen thousand ten thirds tenths,14010 / 3 / 10,7
468,thirteen times six squared,13 * 6 ²,5
469,four hundred sixty-nine,469,6
470,five times ninety-four,5 * 94,5
471,nine hundred forty-two halves,942 / 2,7
472,eight times fifty-nine,8 * 59,5
473,nine hundred forty-six halves,946 / 2,7
474,nine thousand six nineteenths,9006 / 19,6
475,nineteen times five squared,19 * 5 ²,5
476,eight cubed minus six squared,8 ³ - 6 ²,6
477,nine times fifty-three,9 * 53,5
478,nine hundred fifty-six halves,956 / 2,7
479,nine hundred fifty-eight halves,958 / 2,7
480,twelve times forty,12 * 40,4
481,twelve times forty plus one,12 * 40 + 1,6
482,eight cubed minus thirty,8 ³ - 30,6
483,seven times sixty-nine,7 * 69,6
484,twenty-two squared,22 ²,4
485,eight cubed minus three cubed,8 ³ - 3 ³,6
486,eighteen cubed twelfths,18 ³ / 12,4
487,eight cubed minus five squared,8 ³ - 5 ²,6
488,eight times sixty-one,8 * 61,5
489,eighteen cubed twelfths plus three,18 ³ / 12 + 3,6
490,seventy squared tenths,70 ² / 10,5
491,ten cubed halves minus nine,10 ³ / 2 - 9,6
492,twelve times forty-one,12 * 41,5
493,eight cubed minus nineteen,8 ³ - 19,6
494,ten cubed halves minus six,10 ³ / 2 - 6,6
495,nine times fifty-five,9 * 55,5
496,eight times sixty-two,8 * 62,5
497,ten cubed halves minus three,10 ³ / 2 - 3,6
498,six times eighty-three,6 * 83,5
499,ten cubed halves minus one,10 ³ / 2 - 1,6
500,ten cubed halves,10 ³ / 2,3
501,five hundred one,501,4
502,five hundred two,502,4
503,five hundred three,503,4
504,five hundred four,504,4
505,five hundred five,505,4
506,five hundred six,506,4
507,thirty-nine squared thirds,39 ² / 3,5
508,five hundred eight,508,4
509,five hundred nine,509,4
510,five hundred ten,510,4
511,eight cubed minus one,8 ³ - 1,5
512,eight cubed,8 ³,2
513,eight cubed plus one,8 ³ + 1,4
514,eight cubed plus two,8 ³ + 2,4
515,eight cubed plus three,8 ³ + 3,4
516,eight cubed plus four,8 ³ + 4,4
517,eight cubed plus five,8 ³ + 5,4
518,eight cubed plus six,8 ³ + 6,4
519,eight cubed plus seven,8 ³ + 7,5
520,eight cubed plus eight,8 ³ + 8,4
521,eight cubed plus nine,8 ³ + 9,4
522,eight cubed plus ten,8 ³ + 10,4
523,eight cubed plus ten plus one,8 ³ + 10 + 1,6
524,eight cubed plus twelve,8 ³ + 12,4
525,eight cubed plus thirteen,8 ³ + 13,5
526,eight cubed plus fourteen,8 ³ + 14,5
527,eight cubed plus fifteen,8 ³ + 15,5
528,twelve times forty-four,12 * 44,5
529,twenty-three squared,23 ²,4
530,ten times fifty-three,10 * 53,5
531,nine times fifty-nine,9 * 59,5
532,eight cubed plus twenty,8 ³ + 20,5
533,thirteen times forty-one,13 * 41,6
534,six times eighty-nine,6 * 89,5
535,twenty-three squared plus six,23 ² + 6,6
536,eight times sixty-seven,8 * 67,6
537,eight cubed plus five squared,8 ³ + 5 ²,5
538,twenty-three squared plus nine,23 ² + 9,6
539,eight cubed plus three cubed,8 ³ + 3 ³,5
540,nine times sixty,9 * 60,4
541,nine times sixty plus one,9 * 60 + 1,6
542,eight cubed plus thirty,8 ³ + 30,5
543,nine times sixty plus three,9 * 60 + 3,6
544,eight times sixty-eight,8 * 68,5
545,one thousand ninety halves,1090 / 2,6
546,six times ninety-one,6 * 91,5
547,eight cubed plus thirty-five,8 ³ + 35,6
548,eight cubed plus six squared,8 ³ + 6 ²,5
549,nine times sixty-one,9 * 61,5
550,ten times fifty-five,10 * 55,5
551,nineteen times twenty-nine,19 * 29,6
552,twelve times forty-six,12 * 46,5
553,eight cubed plus forty-one,8 ³ + 41,6
554,eight cubed plus forty-two,8 ³ + 42,6
555,eight cubed plus forty-three,8 ³ + 43,6
556,five thousand four ninths,5004 / 9,5
557,five thousand thirteen ninths,5013 / 9,6
558,nine times sixty-two,9 * 62,5
559,thirteen times forty-three,13 * 43,6
560,fourteen times forty,14 * 40,5
561,eight cubed plus seven squared,8 ³ + 7 ²,6
562,eight cubed plus fifty,8 ³ + 50,5
563,nine thousand eight halves eighths,9008 / 2 / 8,6
564,six times ninety-four,6 * 94,5
565,eight cubed plus fifty-three,8 ³ + 53,6
566,twelve cubed thirds minus ten,12 ³ / 3 - 10,6
567,seven times nine squared,7 * 9 ²,5
568,twelve cubed thirds minus eight,12 ³ / 3 - 8,6
569,five hundred sixty-nine,569,6
570,nineteen times thirty,19 * 30,5
571,twelve cubed thirds minus five,12 ³ / 3 - 5,6
572,eight cubed plus sixty,8 ³ + 60,5
573,twelve cubed thirds minus three,12 ³ / 3 - 3,6
574,twelve cubed thirds minus two,12 ³ / 3 - 2,6
575,twelve cubed thirds minus one,12 ³ / 3 - 1,6
576,twelve cubed thirds,12 ³ / 3,3
577,twelve cubed thirds plus one,12 ³ / 3 + 1,5
578,sixty-eight squared eighths,68 ² / 8,5
579,twelve cubed thirds plus three,12 ³ / 3 + 3,5
580,ten times fifty-eight,10 * 58,5
581,twelve cubed thirds plus five,12 ³ / 3 + 5,5
582,twelve cubed thirds plus six,12 ³ / 3 + 6,5
583,twelve cubed thirds plus seven,12 ³ / 3 + 7,6
584,twelve cubed thirds plus eight,12 ³ / 3 + 8,5
585,nine times sixty-five,9 * 65,5
586,twelve cubed thirds plus ten,12 ³ / 3 + 10,5
587,six hundred minus thirteen,600 - 13,7
588,eighty-four squared twelfths,84 ² / 12,5
589,nineteen times thirty-one,19 * 31,6
590,ten times fifty-nine,10 * 59,5
591,six hundred minus nine,600 - 9,6
592,eight cubed plus eighty,8 ³ + 80,5
593,eight cubed plus nine squared,8 ³ + 9 ²,5
594,nine times sixty-six,9 * 66,5
595,six hundred minus five,600 - 5,6
596,six hundred minus four,600 - 4,6
597,six hundred minus three,600 - 3,6
598,six hundred minus two,600 - 2,6
599,six hundred minus one,600 - 1,6
600,six hundred,600,3
601,six hundred one,601,4
602,six hundred two,602,4
603,six hundred three,603,4
604,six hundred four,604,4
605,six hundred five,605,4
606,six hundred six,606,4
607,six hundred seven,607,5
608,six hundred eight,608,4
609,six hundred nine,609,4
610,six hundred ten,610,4
611,six hundred ten plus one,610 + 1,6
612,six hundred twelve,612,4
613,six hundred thirteen,613,5
614,six hundred fourteen,614,5
615,six hundred fifteen,615,5
616,six hundred sixteen,616,5
617,five squared squared minus eight,(5 ²) ² - 8,6
618,six hundred eighteen,618,5
619,six hundred nineteen,619,5
620,ten times sixty-two,10 * 62,5
621,nine times sixty-nine,9 * 69,5
622,five squared squared minus three,(5 ²) ² - 3,6
623,five squared squared minus two,(5 ²) ² - 2,6
624,twelve times fifty-two,12 * 52,5
625,five squared squared,(5 ²) ²,3
626,five thousand eight eighths,5008 / 8,5
627,five squared squared plus two,(5 ²) ² + 2,5
628,five squared squared plus three,(5 ²) ² + 3,5
629,five squared squared plus four,(5 ²) ² + 4,5
630,seven times ninety,7 * 90,5
631,five squared squared plus six,(5 ²) ² + 6,5
632,twelve thousand eight nineteenths,12008 / 19,6
633,five squared squared plus eight,(5 ²) ² + 8,5
634,five squared squared plus nine,(5 ²) ² + 9,5
635,five squared squared plus ten,(5 ²) ² + 10,5
636,twelve times fifty-three,12 * 53,5
637,five squared squared plus twelve,(5 ²) ² + 12,5
638,five squared squared plus thirteen,(5 ²) ² + 13,6
639,nine cubed minus ninety,9 ³ - 90,6
640,eighty squared tenths,80 ² / 10,4
641,eighty squared tenths plus one,80 ² / 10 + 1,6
642,eighty squared tenths plus two,80 ² / 10 + 2,6
643,nine thousand two fourteenths,9002 / 14,6
644,fourteen times forty-six,14 * 46,6
645,fifteen times forty-three,15 * 43,6
646,nineteen times thirty-four,19 * 34,6
647,eighteen cubed ninths minus one,18 ³ / 9 - 1,7
648,eighteen cubed ninths,18 ³ / 9,4
649,nine cubed minus eighty,9 ³ - 80,6
650,thirteen times fifty,13 * 50,5
651,seven times ninety-three,7 * 93,6
652,eighteen cubed ninths plus four,18 ³ / 9 + 4,6
653,eighteen cubed ninths plus five,18 ³ / 9 + 5,6
654,six times one hundred nine,6 * 109,6
655,five squared squared plus thirty,(5 ²) ² + 30,6
656,eight times eighty-two,8 * 82,5
657,nine times seventy-three,9 * 73,6
658,seven times ninety-four,7 * 94,6
659,six hundred fifty-nine,659,6
660,twelve times fifty-five,12 * 55,5
661,five squared squared plus six squared,(5 ²) ² + 6 ²,6
662,six hundred sixty-two,662,6
663,thirteen times fifty-one,13 * 51,6
664,eight times eighty-three,8 * 83,5
665,nine cubed minus four cubed,9 ³ - 4 ³,6
666,nine times seventy-four,9 * 74,6
667,eight thousand four twelfths,8004 / 12,5
668,six thousand twelve ninths,6012 / 9,5
669,four thousand fourteen sixths,4014 / 6,6
670,two thousand ten thirds,2010 / 3,5
671,two thousand thirteen thirds,2013 / 3,6
672,twelve times fifty-six,12 * 56,5
673,two thousand nineteen thirds,2019 / 3,6
674,eight thousand eighty-eight twelfths,8088 / 12,7
675,ninety squared twelfths,90 ² / 12,4
676,twenty-six squared,26 ²,4
677,twenty-six squared plus one,26 ² + 1,6
678,twenty-six squared plus two,26 ² + 2,6
679,nine cubed minus fifty,9 ³ - 50,6
680,ten times sixty-eight,10 * 68,5
681,twenty-six squared plus five,26 ² + 5,6
682,twenty-six squared plus six,26 ² + 6,6
683,ninety squared twelfths plus eight,90 ² / 12 + 8,6
684,nineteen times six squared,19 * 6 ²,5
685,twenty-six squared plus nine,26 ² + 9,6
686,fourteen cubed fourths,14 ³ / 4,4
687,fourteen cubed fourths plus one,14 ³ / 4 + 1,6
688,eight times eighty-six,8 * 86,5
689,nine cubed minus forty,9 ³ - 40,6
690,ten times sixty-nine,10 * 69,5
691,fourteen cubed fourths plus five,14 ³ / 4 + 5,6
692,fourteen cubed fourths plus six,14 ³ / 4 + 6,6
693,nine thousand nine thirteenths,9009 / 13,6
694,fourteen cubed fourths plus eight,14 ³ / 4 + 8,6
695,fourteen cubed fourths plus nine,14 ³ / 4 + 9,6
696,twelve times fifty-eight,12 * 58,5
697,two thousand ninety-one thirds,2091 / 3,7
698,fourteen cubed fourths plus twelve,14 ³ / 4 + 12,6
699,nine cubed minus thirty,9 ³ - 30,6
700,seven hundred,700,4
701,seven hundred one,701,5
702,seven hundred two,702,5
703,seven hundred three,703,5
704,eight times eighty-eight,8 * 88,5
705,seven hundred five,705,5
706,seven hundred six,706,5
707,seven hundred seven,707,6
708,twelve times fifty-nine,12 * 59,5
709,seven hundred nine,709,5
710,seven hundred ten,710,5
711,nine cubed minus eighteen,9 ³ - 18,6
712,eight times eighty-nine,8 * 89,5
713,nine cubed minus four squared,9 ³ - 4 ²,6
714,nine cubed minus fifteen,9 ³ - 15,6
715,ten thousand ten fourteenths,10010 / 14,6
716,five thousand twelve sevenths,5012 / 7,6
717,nine cubed minus twelve,9 ³ - 12,5
718,seven hundred eighteen,718,6
719,nine cubed minus ten,9 ³ - 10,5
720,sixty squared fifths,60 ² / 5,4
721,nine cubed minus eight,9 ³ - 8,5
722,thirty-eight squared halves,38 ² / 2,5
723,nine cubed minus six,9 ³ - 6,5
724,nine cubed minus five,9 ³ - 5,5
725,nine cubed minus four,9 ³ - 4,5
726,sixty-six squared sixths,66 ² / 6,5
727,nine cubed minus two,9 ³ - 2,5
728,nine cubed minus one,9 ³ - 1,5
729,nine cubed,9 ³,2
730,nine cubed plus one,9 ³ + 1,4
731,nine cubed plus two,9 ³ + 2,4
732,nine cubed plus three,9 ³ + 3,4
733,nine cubed plus four,9 ³ + 4,4
734,nine cubed plus five,9 ³ + 5,4
735,nine cubed plus six,9 ³ + 6,4
736,eight times ninety-two,8 * 92,5
737,nine cubed plus eight,9 ³ + 8,4
738,nine cubed plus nine,9 ³ + 9,4
739,nine cubed plus ten,9 ³ + 10,4
740,ten times seventy-four,10 * 74,6
741,nine cubed plus twelve,9 ³ + 12,4
742,nine cubed plus thirteen,9 ³ + 13,5
743,nine cubed plus fourteen,9 ³ + 14,5
744,twelve times sixty-two,12 * 62,5
745,nine cubed plus four squared,9 ³ + 4 ²,5
746,nine cubed plus twelve plus five,9 ³ + 12 + 5,6
747,nine times eighty-three,9 * 83,5
748,nine cubed plus nineteen,9 ³ + 19,5
749,nine cubed plus twenty,9 ³ + 20,5
750,nine thousand twelfths,9000 / 12,4
751,nine thousand twelve twelfths,9012 / 12,5
752,three thousand eight fourths,3008 / 4,5
753,three thousand twelve fourths,3012 / 4,5
754,nine cubed plus five squared,9 ³ + 5 ²,5
755,nine thousand twelfths plus five,9000 / 12 + 5,6
756,twelve times sixty-three,12 * 63,5
757,nine cubed plus twenty-eight,9 ³ + 28,6
758,nine thousand twelfths plus eight,9000 / 12 + 8,6
759,nine cubed plus thirty,9 ³ + 30,5
760,nineteen times forty,19 * 40,5
761,nine cubed plus four cubed halves,9 ³ + 4 ³ / 2,6
762,nine thousand twelfths plus twelve,9000 / 12 + 12,6
763,nine cubed plus thirty-four,9 ³ + 34,6
764,nine cubed plus thirty-five,9 ³ + 35,6
765,nine times eighty-five,9 * 85,5
766,three thousand sixty-four fourths,3064 / 4,7
767,thirteen times fifty-nine,13 * 59,6
768,twelve times four cubed,12 * 4 ³,4
769,nine cubed plus forty,9 ³ + 40,5
770,ten thousand ten thirteenths,10010 / 13,6
771,twelve times four cubed plus three,12 * 4 ³ + 3,6
772,twelve times four cubed plus four,12 * 4 ³ + 4,6
773,twelve times four cubed plus five,12 * 4 ³ + 5,6
774,nine times eighty-six,9 * 86,5
775,five squared times thirty-one,5 ² * 31,6
776,eight times ninety-seven,8 * 97,6
777,twelve times four cubed plus nine,12 * 4 ³ + 9,6
778,seven thousand two ninths,7002 / 9,6
779,nine cubed plus fifty,9 ³ + 50,5
780,thirteen times sixty,13 * 60,5
781,nine cubed plus fifty-two,9 ³ + 52,6
782,nine cubed plus fifty-three,9 ³ + 53,6
783,three cubed times twenty-nine,3 ³ * 29,6
784,twenty-eight squared,28 ²,4
785,twenty-eight squared plus one,28 ² + 1,6
786,twenty-eight squared plus two,28 ² + 2,6
787,twenty-eight squared plus three,28 ² + 3,6
788,eight hundred minus twelve,800 - 12,6
789,nine cubed plus sixty,9 ³ + 60,5
790,eight hundred minus ten,800 - 10,6
791,eight hundred minus nine,800 - 9,6
792,twelve times sixty-six,12 * 66,5
793,nine cubed plus four cubed,9 ³ + 4 ³,5
794,eight hundred minus six,800 - 6,6
795,eight hundred minus five,800 - 5,6
796,eight hundred minus four,800 - 4,6
797,eight hundred minus three,800 - 3,6
798,eight hundred minus two,800 - 2,6
799,eight hundred minus one,800 - 1,6
800,eight hundred,800,3
801,eight hundred one,801,4
802,eight hundred two,802,4
803,eight hundred three,803,4
804,eight hundred four,804,4
805,eight hundred five,805,4
806,eight hundred six,806,4
807,eight hundred seven,807,5
808,eight hundred eight,808,4
809,eight hundred nine,809,4
810,ninety squared tenths,90 ² / 10,4
811,ninety squared tenths plus one,90 ² / 10 + 1,6
812,eight hundred twelve,812,4
813,eight hundred thirteen,813,5
814,eight hundred fourteen,814,5
815,eight hundred fifteen,815,5
816,twelve times sixty-eight,12 * 68,5
817,nineteen times forty-three,19 * 43,6
818,eight hundred eighteen,818,5
819,nine times ninety-one,9 * 91,5
820,ten times eighty-two,10 * 82,5
821,eight hundred twelve plus nine,812 + 9,6
822,eight hundred twelve plus ten,812 + 10,6
823,nine cubed plus ninety-four,9 ³ + 94,6
824,eight times one hundred three,8 * 103,6
825,five squared times thirty-three,5 ² * 33,6
826,fourteen times fifty-nine,14 * 59,6
827,eight hundred plus three cubed,800 + 3 ³,6
828,twelve times sixty-nine,12 * 69,5
829,nine cubed plus ten squared,9 ³ + 10 ²,5
830,ten times eighty-three,10 * 83,5
831,eight hundred thirty-one,831,6
832,thirteen times four cubed,13 * 4 ³,5
833,eight hundred thirty-three,833,6
834,ten thousand eight twelfths,10008 / 12,5
835,five thousand ten sixths,5010 / 6,5
836,five thousand sixteen sixths,5016 / 6,6
837,nine times ninety-three,9 * 93,5
838,eight hundred thirty-eight,838,6
839,eight hundred thirty-nine,839,6
840,fourteen times sixty,14 * 60,5
841,twenty-nine squared,29 ²,4
842,twenty-nine squared plus one,29 ² + 1,6
843,twenty-nine squared plus two,29 ² + 2,6
844,twenty-nine squared plus three,29 ² + 3,6
845,sixty-five squared fifths,65 ² / 5,5
846,nine times ninety-four,9 * 94,5
847,twenty-nine squared plus six,29 ² + 6,6
848,four squared times fifty-three,4 ² * 53,6
849,twenty-nine squared plus eight,29 ² + 8,6
850,ten times eighty-five,10 * 85,5
851,twenty-nine squared plus ten,29 ² + 10,6
852,twelve cubed halves minus twelve,12 ³ / 2 - 12,6
853,twenty-nine squared plus twelve,29 ² + 12,6
854,nine cubed plus five cubed,9 ³ + 5 ³,5
855,nine times ninety-five,9 * 95,5
856,twelve cubed halves minus eight,12 ³ / 2 - 8,6
857,nine cubed plus eight cubed fourths,9 ³ + 8 ³ / 4,6
858,twelve thousand twelve fourteenths,12012 / 14,6
859,twelve cubed halves minus five,12 ³ / 2 - 5,6
860,ten times eighty-six,10 * 86,5
861,twelve cubed halves minus three,12 ³ / 2 - 3,6
862,twelve cubed halves minus two,12 ³ / 2 - 2,6
863,twelve cubed halves minus one,12 ³ / 2 - 1,6
864,twelve cubed halves,12 ³ / 2,3
865,twelve cubed halves plus one,12 ³ / 2 + 1,5
866,twelve cubed halves plus two,12 ³ / 2 + 2,5
867,fifty-one squared thirds,51 ² / 3,5
868,twelve cubed halves plus four,12 ³ / 2 + 4,5
869,twelve cubed halves plus five,12 ³ / 2 + 5,5
870,twelve cubed halves plus six,12 ³ / 2 + 6,5
871,twelve cubed halves plus seven,12 ³ / 2 + 7,6
872,twelve cubed halves plus eight,12 ³ / 2 + 8,5
873,twelve cubed halves plus nine,12 ³ / 2 + 9,5
874,twelve cubed halves plus ten,12 ³ / 2 + 10,5
875,seven thousand eighths,7000 / 8,5
876,twelve cubed halves plus twelve,12 ³ / 2 + 12,5
877,twelve cubed halves plus thirteen,12 ³ / 2 + 13,6
878,twelve cubed halves plus fourteen,12 ³ / 2 + 14,6
879,twelve cubed halves plus fifteen,12 ³ / 2 + 15,6
880,ten times eighty-eight,10 * 88,5
881,eight hundred plus nine squared,800 + 9 ²,6
882,eighty-four squared eighths,84 ² / 8,5
883,twelve cubed halves plus nineteen,12 ³ / 2 + 19,6
884,thirteen times sixty-eight,13 * 68,6
885,fifteen times fifty-nine,15 * 59,6
886,eight hundred eighty-six,886,6
887,thirty squared minus thirteen,30 ² - 13,7
888,thirty squared minus twelve,30 ² - 12,6
889,eight thousand one ninths,8001 / 9,5
890,eight thousand ten ninths,8010 / 9,5
891,nine times ninety-nine,9 * 99,5
892,thirty squared minus eight,30 ² - 8,6
893,eight hundred ninety-three,893,6
894,thirty squared minus six,30 ² - 6,6
895,thirty squared minus five,30 ² - 5,6
896,fourteen times four cubed,14 * 4 ³,5
897,thirty squared minus three,30 ² - 3,6
898,thirty squared minus two,30 ² - 2,6
899,thirty squared minus one,30 ² - 1,6
900,thirty squared,30 ²,3
901,nine hundred one,901,4
902,nine hundred two,902,4
903,nine hundred three,903,4
904,nine hundred four,904,4
905,nine hundred five,905,4
906,nine hundred six,906,4
907,nine hundred seven,907,5
908,nine hundred eight,908,4
909,nine hundred nine,909,4
910,nine hundred ten,910,4
911,nine hundred ten plus one,910 + 1,6
912,nine hundred twelve,912,4
913,nine hundred thirteen,913,5
914,nine hundred fourteen,914,5
915,nine hundred fifteen,915,5
916,nine hundred sixteen,916,5
917,nine hundred twelve plus five,912 + 5,6
918,nine hundred eighteen,918,5
919,nine hundred nineteen,919,5
920,ten times ninety-two,10 * 92,5
921,nine hundred twelve plus nine,912 + 9,6
922,nine hundred twelve plus ten,912 + 10,6
923,nine hundred twenty-three,923,6
924,twelve thousand twelve thirteenths,12012 / 13,6
925,thirty squared plus five squared,30 ² + 5 ²,6
926,nine hundred twenty-six,926,6
927,nine times one hundred three,9 * 103,6
928,four squared times fifty-eight,4 ² * 58,6
929,nine cubed plus ten cubed fifths,9 ³ + 10 ³ / 5,6
930,ten times ninety-three,10 * 93,5
931,nineteen times seven squared,19 * 7 ²,6
932,nine hundred thirty-two,932,6
933,nine hundred thirty-three,933,6
934,nine hundred thirty-four,934,6
935,nine hundred thirty-five,935,6
936,ten cubed minus four cubed,10 ³ - 4 ³,6
937,ten cubed minus sixty-three,10 ³ - 63,7
938,nine hundred thirty-eight,938,6
939,nine hundred thirty-nine,939,6
940,ten times ninety-four,10 * 94,5
941,nine hundred forty-one,941,6
942,nine hundred forty-two,942,6
943,nine hundred forty-three,943,6
944,four squared times fifty-nine,4 ² * 59,6
945,nine cubed plus six cubed,9 ³ + 6 ³,5
946,nine hundred forty-six,946,6
947,ten cubed minus fifty-three,10 ³ - 53,7
948,twelve times seventy-nine,12 * 79,6
949,nine hundred forty-nine,949,6
950,nineteen times fifty,19 * 50,5
951,nine hundred fifty-one,951,6
952,fourteen times sixty-eight,14 * 68,6
953,nine hundred fifty-three,953,6
954,eighteen times fifty-three,18 * 53,6
955,nine hundred fifty-five,955,6
956,nine hundred fifty-six,956,6
957,thirty-one squared minus four,31 ² - 4,7
958,nine hundred fifty-eight,958,6
959,nine hundred fifty-nine,959,6
960,twelve times eighty,12 * 80,4
961,thirty-one squared,31 ²,4
962,thirty-one squared plus one,31 ² + 1,6
963,thirty-one squared plus two,31 ² + 2,6
964,ten cubed minus six squared,10 ³ - 6 ²,6
965,thirty-one squared plus four,31 ² + 4,6
966,fourteen times sixty-nine,14 * 69,6
967,thirty-one squared plus six,31 ² + 6,6
968,eighty-eight squared eighths,88 ² / 8,5
969,nineteen times fifty-one,19 * 51,6
970,ten cubed minus thirty,10 ³ - 30,6
971,thirty-one squared plus ten,31 ² + 10,6
972,eighteen cubed sixths,18 ³ / 6,4
973,ten cubed minus three cubed,10 ³ - 3 ³,6
974,eighteen cubed sixths plus two,18 ³ / 6 + 2,6
975,ten cubed minus five squared,10 ³ - 5 ²,6
976,four squared times sixty-one,4 ² * 61,6
977,eighteen cubed sixths plus five,18 ³ / 6 + 5,6
978,eighteen cubed sixths plus six,18 ³ / 6 + 6,6
979,nine cubed plus ten cubed fourths,9 ³ + 10 ³ / 4,6
980,seventy squared fifths,70 ² / 5,5
981,ten cubed minus nineteen,10 ³ - 19,6
982,ten cubed minus eighteen,10 ³ - 18,6
983,nine hundred eighty-three,983,6
984,twelve times eighty-two,12 * 82,5
985,ten cubed minus fifteen,10 ³ - 15,6
986,ten cubed minus fourteen,10 ³ - 14,6
987,ten cubed minus thirteen,10 ³ - 13,6
988,ten cubed minus twelve,10 ³ - 12,5
989,twelve cubed halves plus five cubed,12 ³ / 2 + 5 ³,6
990,ten cubed minus ten,10 ³ - 10,5
991,ten cubed minus nine,10 ³ - 9,5
992,ten cubed minus eight,10 ³ - 8,5
993,ten cubed minus seven,10 ³ - 7,6
994,ten cubed minus six,10 ³ - 6,5
995,ten cubed minus five,10 ³ - 5,5
996,ten cubed minus four,10 ³ - 4,5
997,ten cubed minus three,10 ³ - 3,5
998,ten cubed minus two,10 ³ - 2,5
999,ten cubed minus one,10 ³ - 1,5
1000,ten cubed,10 ³,2
1001,ten cubed plus one,10 ³ + 1,4
1002,ten cubed plus two,10 ³ + 2,4
1003,ten cubed plus three,10 ³ + 3,4
1004,ten cubed plus four,10 ³ + 4,4
1005,ten cubed plus five,10 ³ + 5,4
1006,ten cubed plus six,10 ³ + 6,4
1007,ten cubed plus seven,10 ³ + 7,5
1008,ten cubed plus eight,10 ³ + 8,4
1009,ten cubed plus nine,10 ³ + 9,4
1010,ten cubed plus ten,10 ³ + 10,4
1011,ten cubed plus ten plus one,10 ³ + 10 + 1,6
1012,ten cubed plus twelve,10 ³ + 12,4
1013,ten cubed plus thirteen,10 ³ + 13,5
1014,six times thirteen squared,6 * 13 ²,5
1015,ten cubed plus fifteen,10 ³ + 15,5
1016,ten cubed plus four squared,10 ³ + 4 ²,5
1017,ten cubed plus twelve plus five,10 ³ + 12 + 5,6
1018,ten cubed plus eighteen,10 ³ + 18,5
1019,ten cubed plus nineteen,10 ³ + 19,5
1020,twelve times eighty-five,12 * 85,5
1021,ten cubed plus twelve plus nine,10 ³ + 12 + 9,6
1022,ten cubed plus twelve plus ten,10 ³ + 12 + 10,6
1023,ten cubed plus twenty-three,10 ³ + 23,6
1024,four cubed halves squared,(4 ³ / 2) ²,4
1025,ten cubed plus five squared,10 ³ + 5 ²,5
1026,three cubed times thirty-eight,3 ³ * 38,6
1027,ten cubed plus three cubed,10 ³ + 3 ³,5
1028,four cubed halves squared plus four,(4 ³ / 2) ² + 4,6
1029,twenty-one cubed ninths,21 ³ / 9,5
1030,ten cubed plus thirty,10 ³ + 30,5
1031,ten cubed plus thirty-one,10 ³ + 31,6
1032,twelve times eighty-six,12 * 86,5
1033,four cubed halves squared plus nine,(4 ³ / 2) ² + 9,6
1034,four cubed halves squared plus ten,(4 ³ / 2) ² + 10,6
1035,fifteen times sixty-nine,15 * 69,6
1036,ten cubed plus six squared,10 ³ + 6 ²,5
1037,seventeen times sixty-one,17 * 61,7
1038,ten cubed plus thirty-eight,10 ³ + 38,6
1039,ten cubed plus thirty-nine,10 ³ + 39,6
1040,thirteen times eighty,13 * 80,5
1041,ten cubed plus forty-one,10 ³ + 41,6
1042,ten cubed plus forty-two,10 ³ + 42,6
1043,ten cubed plus forty-three,10 ³ + 43,6
1044,twenty-nine times six squared,29 * 6 ²,6
1045,two thousand ninety halves,2090 / 2,6
1046,ten cubed plus forty-six,10 ³ + 46,6
1047,two thousand ninety-four halves,2094 / 2,7
1048,ten cubed plus twelve squared thirds,10 ³ + 12 ² / 3,6
1049,ten cubed plus seven squared,10 ³ + 7 ²,6
1050,ten cubed plus fifty,10 ³ + 50,5
1051,ten cubed plus fifty-one,10 ³ + 51,6
1052,ten cubed plus fifty-two,10 ³ + 52,6
1053,thirteen times nine squared,13 * 9 ²,5
1054,ten cubed plus six cubed fourths,10 ³ + 6 ³ / 4,6
1055,ten cubed plus fifty-five,10 ³ + 55,6
1056,twelve times eighty-eight,12 * 88,5
1057,twelve times eighty-eight plus one,12 * 88 + 1,7
1058,ninety-two squared eighths,92 ² / 8,5
1059,ten cubed plus fifty-nine,10 ³ + 59,6
1060,ten cubed plus sixty,10 ³ + 60,5
1061,ten cubed plus sixty-one,10 ³ + 61,6
1062,eighteen times fifty-nine,18 * 59,6
1063,ten cubed plus sixty-three,10 ³ + 63,6
1064,ten cubed plus four cubed,10 ³ + 4 ³,5
1065,ten cubed plus sixty-five,10 ³ + 65,6
1066,thirteen times eighty-two,13 * 82,6
1067,sixteen thousand five thirds fifths,16005 / 3 / 5,7
1068,twelve times eighty-nine,12 * 89,5
1069,ten cubed plus sixty-nine,10 ³ + 69,6
1070,ten cubed plus seventy,10 ³ + 70,6
1071,twelve times ninety minus nine,12 * 90 - 9,7
1072,ten cubed plus six cubed thirds,10 ³ + 6 ³ / 3,6
1073,twelve times eighty-nine plus five,12 * 89 + 5,7
1074,twelve times ninety minus six,12 * 90 - 6,7
1075,five squared times forty-three,5 ² * 43,6
1076,twelve times ninety minus four,12 * 90 - 4,7
1077,fourteen thousand one thirteenths,14001 / 13,7
1078,twelve times ninety minus two,12 * 90 - 2,7
1079,thirteen times eighty-three,13 * 83,6
1080,twelve times ninety,12 * 90,4
1081,ten cubed plus nine squared,10 ³ + 9 ²,5
1082,twelve times ninety plus two,12 * 90 + 2,6
1083,three times nineteen squared,3 * 19 ²,5
1084,thirteen thousand eight twelfths,13008 / 12,6
1085,twelve times ninety plus five,12 * 90 + 5,6
1086,twelve times ninety plus six,12 * 90 + 6,6
1087,thirty-three squared minus two,33 ² - 2,7
1088,seventeen times four cubed,17 * 4 ³,6
1089,thirty-three squared,33 ²,4
1090,ten cubed plus ninety,10 ³ + 90,5
1091,thirty-three squared plus two,33 ² + 2,6
1092,twelve times ninety-one,12 * 91,5
1093,thirty-three squared plus four,33 ² + 4,6
1094,thirty-three squared plus five,33 ² + 5,6
1095,thirty-three squared plus six,33 ² + 6,6
1096,ten cubed plus eight times twelve,10 ³ + 8 * 12,6
1097,thirty-three squared plus eight,33 ² + 8,6
1098,eighteen times sixty-one,18 * 61,6
1099,thirty-three squared plus ten,33 ² + 10,6
1100,ten cubed plus ten squared,10 ³ + 10 ²,5
1101,thirty-three squared plus twelve,33 ² + 12,6
1102,nineteen times fifty-eight,19 * 58,6
1103,twelve cubed minus five squared squared,12 ³ - (5 ²) ²,7
1104,twelve times ninety-two,12 * 92,5
1105,thirteen times eighty-five,13 * 85,6
1106,fourteen times seventy-nine,14 * 79,7
1107,three cubed times forty-one,3 ³ * 41,6
1108,ten cubed plus six cubed halves,10 ³ + 6 ³ / 2,6
1109,twelve times ninety-two plus five,12 * 92 + 5,7
1110,thirty times thirty-seven,30 * 37,7
1111,fourteen times eighty minus nine,14 * 80 - 9,8
1112,ten thousand eight ninths,10008 / 9,5
1113,ten thousand seventeen ninths,10017 / 9,7
1114,ten thousand twenty-six ninths,10026 / 9,7
1115,ten thousand thirty-five ninths,10035 / 9,7
1116,twelve times ninety-three,12 * 93,5
1117,ten thousand fifty-three ninths,10053 / 9,7
1118,thirteen times eighty-six,13 * 86,6
1119,nine thousand eighths minus six,9000 / 8 - 6,7
1120,fourteen times eighty,14 * 80,5
1121,nineteen times fifty-nine,19 * 59,6
1122,ten thousand ninety-eight ninths,10098 / 9,7
1123,nine thousand eighths minus two,9000 / 8 - 2,7
1124,nine thousand eighths minus one,9000 / 8 - 1,7
1125,nine thousand eighths,9000 / 8,4
1126,nine thousand eight eighths,9008 / 8,5
1127,nine thousand sixteen eighths,9016 / 8,6
1128,twelve times ninety-four,12 * 94,5
1129,nine thousand eighths plus four,9000 / 8 + 4,6
1130,nine thousand eighths plus five,9000 / 8 + 5,6
1131,nine thousand eighths plus six,9000 / 8 + 6,6
1132,nine thousand fifty-six eighths,9056 / 8,7
1133,nine thousand eighths plus eight,9000 / 8 + 8,6
1134,fourteen times nine squared,14 * 9 ²,5
1135,nine thousand eighths plus ten,9000 / 8 + 10,6
1136,nine thousand eighty-eight eighths,9088 / 8,7
1137,nine thousand eighths plus twelve,9000 / 8 + 12,6
1138,fourteen times nine squared plus four,14 * 9 ² + 4,7
1139,fourteen times nine squared plus five,14 * 9 ² + 5,7
1140,nineteen times sixty,19 * 60,5
1141,nineteen times sixty plus one,19 * 60 + 1,7
1142,eight times twelve squared minus ten,8 * 12 ² - 10,7
1143,eight thousand one sevenths,8001 / 7,6
1144,ten cubed plus twelve squared,10 ³ + 12 ²,5
1145,eight thousand fifteen sevenths,8015 / 7,7
1146,thirty-four squared minus ten,34 ² - 10,7
1147,thirty-four squared minus nine,34 ² - 9,7
1148,fourteen times eighty-two,14 * 82,6
1149,eight times twelve squared minus three,8 * 12 ² - 3,7
1150,twenty-three times fifty,23 * 50,6
1151,thirty-four squared minus five,34 ² - 5,7
1152,eight times twelve squared,8 * 12 ²,4
1153,eight times twelve squared plus one,8 * 12 ² + 1,6
1154,eight times twelve squared plus two,8 * 12 ² + 2,6
1155,eight times twelve squared plus three,8 * 12 ² + 3,6
1156,thirty-four squared,34 ²,4
1157,thirteen times eighty-nine,13 * 89,6
1158,thirty-four squared plus two,34 ² + 2,6
1159,nineteen times sixty-one,19 * 61,6
1160,twenty-nine times forty,29 * 40,6
1161,three cubed times forty-three,3 ³ * 43,6
1162,fourteen times eighty-three,14 * 83,6
1163,thirty-four squared plus seven,34 ² + 7,7
1164,twelve times ninety-seven,12 * 97,6
1165,thirty-four squared plus nine,34 ² + 9,6
1166,thirty-four squared plus ten,34 ² + 10,6
1167,fourteen thousand four twelfths,14004 / 12,6
1168,seven thousand eight sixths,7008 / 6,6
1169,ten cubed plus thirteen squared,10 ³ + 13 ²,6
1170,thirteen times ninety,13 * 90,5
1171,six squared squared minus five cubed,(6 ²) ² - 5 ³,7
1172,thirteen times ninety plus two,13 * 90 + 2,7
1173,twenty-three times fifty-one,23 * 51,7
1174,thirteen times ninety plus four,13 * 90 + 4,7
1175,five squared times ninety-four halves,5 ² * 94 / 2,7
1176,eighty-four squared sixths,84 ² / 6,5
1177,eighty-four squared sixths plus one,84 ² / 6 + 1,7
1178,nineteen times sixty-two,19 * 62,6
1179,eighty-four squared sixths plus three,84 ² / 6 + 3,7
1180,twenty times fifty-nine,20 * 59,6
1181,eighty-four squared sixths plus five,84 ² / 6 + 5,7
1182,eighty-four squared sixths plus six,84 ² / 6 + 6,7
1183,ninety-one squared sevenths,91 ² / 7,6
1184,four squared times seventy-four,4 ² * 74,7
1185,fifteen times seventy-nine,15 * 79,7
1186,eighty-four squared sixths plus ten,84 ² / 6 + 10,7
1187,ninety squared twelfths plus eight cubed,90 ² / 12 + 8 ³,7
1188,twelve times ninety-nine,12 * 99,5
1189,twenty-nine times forty-one,29 * 41,7
1190,fourteen times eighty-five,14 * 85,6
1191,twelve thousand tenths minus nine,12000 / 10 - 9,7
1192,ten cubed plus twelve cubed ninths,10 ³ + 12 ³ / 9,6
1193,twelve times ninety-nine plus five,12 * 99 + 5,7
1194,twelve thousand tenths minus six,12000 / 10 - 6,7
1195,twelve thousand tenths minus five,12000 / 10 - 5,7
1196,thirteen times ninety-two,13 * 92,6
1197,nineteen times sixty-three,19 * 63,6
1198,twelve thousand tenths minus two,12000 / 10 - 2,7
1199,twelve thousand tenths minus one,12000 / 10 - 1,7
1200,twelve thousand tenths,12000 / 10,4
1201,twelve thousand ten tenths,12010 / 10,5
1202,six thousand ten fifths,6010 / 5,5
1203,six thousand fifteen fifths,6015 / 5,6
1204,fourteen times eighty-six,14 * 86,6
1205,twelve thousand tenths plus five,12000 / 10 + 5,6
1206,six times two hundred one,6 * 201,6
1207,six thousand thirty-five fifths,6035 / 5,7
1208,four times three hundred two,4 * 302,6
1209,thirteen times ninety-three,13 * 93,6
1210,one hundred ten squared tenths,110 ² / 10,6
1211,six thousand fifty-five fifths,6055 / 5,7
1212,twelve times one hundred one,12 * 101,6
1213,six thousand sixty-five fifths,6065 / 5,7
1214,two times six hundred seven,2 * 607,7
1215,fifteen times nine squared,15 * 9 ²,5
1216,nineteen times four cubed,19 * 4 ³,5
1217,six thousand eighty-five fifths,6085 / 5,7
1218,six times two hundred three,6 * 203,6
1219,six thousand ninety-five fifths,6095 / 5,7
1220,twenty times sixty-one,20 * 61,6
1221,thirty-five squared minus four,35 ² - 4,7
1222,thirteen times ninety-four,13 * 94,6
1223,thirty-five squared minus two,35 ² - 2,7
1224,thirty-four times six squared,34 * 6 ²,6
1225,thirty-five squared,35 ²,4
1226,thirty-five squared plus one,35 ² + 1,6
1227,three times four hundred nine,3 * 409,6
1228,thirty-five squared plus three,35 ² + 3,6
1229,thirty-five squared plus four,35 ² + 4,6
1230,thirty times forty-one,30 * 41,6
1231,thirty-five squared plus six,35 ² + 6,6
1232,fourteen times eighty-eight,14 * 88,6
1233,thirty-five squared plus eight,35 ² + 8,6
1234,thirty-five squared plus nine,35 ² + 9,6
1235,nineteen times sixty-five,19 * 65,6
1236,twelve times one hundred three,12 * 103,6
1237,thirty-five squared plus twelve,35 ² + 12,6
1238,ten squared squared eighths minus twelve,(10 ²) ² / 8 - 12,7
1239,twenty-one times fifty-nine,21 * 59,7
1240,thirty-one times forty,31 * 40,6
1241,nine cubed plus eight cubed,9 ³ + 8 ³,5
1242,three cubed times forty-six,3 ³ * 46,6
1243,ten cubed plus nine cubed thirds,10 ³ + 9 ³ / 3,6
1244,ten squared squared eighths minus six,(10 ²) ² / 8 - 6,7
1245,fifteen times eighty-three,15 * 83,6
1246,fourteen times eighty-nine,14 * 89,6
1247,ten squared squared eighths minus three,(10 ²) ² / 8 - 3,7
1248,thirteen times eight times twelve,13 * 8 * 12,6
1249,ten squared squared eighths minus one,(10 ²) ² / 8 - 1,7
1250,ten squared squared eighths,(10 ²) ² / 8,4
1251,ten thousand eight eighths,10008 / 8,5
1252,five thousand eight fourths,5008 / 4,5
1253,five thousand twelve fourths,5012 / 4,5
1254,five thousand sixteen fourths,5016 / 4,6
1255,ten squared squared eighths plus five,(10 ²) ² / 8 + 5,6
1256,ten squared squared eighths plus six,(10 ²) ² / 8 + 6,6
1257,ten thousand fifty-six eighths,10056 / 8,7
1258,ten squared squared eighths plus eight,(10 ²) ² / 8 + 8,6
1259,ten squared squared eighths plus nine,(10 ²) ² / 8 + 9,6
1260,fourteen times ninety,14 * 90,5
1261,ten thousand eighty-eight eighths,10088 / 8,7
1262,ten squared squared eighths plus twelve,(10 ²) ² / 8 + 12,6
1263,five thousand fifty-two fourths,5052 / 4,7
1264,five thousand fifty-six fourths,5056 / 4,7
1265,five thousand sixty halves halves,5060 / 2 / 2,7
1266,five thousand sixty-four fourths,5064 / 4,7
1267,nineteen thousand five thirds fifths,19005 / 3 / 5,7
1268,eighty squared fifths minus twelve,80 ² / 5 - 12,7
1269,six squared squared minus three cubed,(6 ²) ² - 3 ³,7
1270,five thousand eighty halves halves,5080 / 2 / 2,7
1271,five thousand eighty-four fourths,5084 / 4,7
1272,twelve times one hundred six,12 * 106,6
1273,five thousand ninety-two fourths,5092 / 4,7
1274,fourteen times ninety-one,14 * 91,6
1275,five squared times fifty-one,5 ² * 51,6
1276,eighty squared fifths minus four,80 ² / 5 - 4,7
1277,eighty squared fifths minus three,80 ² / 5 - 3,7
1278,eighty squared fifths minus two,80 ² / 5 - 2,7
1279,eighty squared fifths minus one,80 ² / 5 - 1,7
1280,eighty squared fifths,80 ² / 5,4
1281,eighty squared fifths plus one,80 ² / 5 + 1,6
1282,eighty squared fifths plus two,80 ² / 5 + 2,6
1283,eighty squared fifths plus three,80 ² / 5 + 3,6
1284,six squared squared minus twelve,(6 ²) ² - 12,6
1285,eighty squared fifths plus five,80 ² / 5 + 5,6
1286,nine thousand two sevenths,9002 / 7,6
1287,nine thousand nine sevenths,9009 / 7,6
1288,six squared squared minus eight,(6 ²) ² - 8,6
1289,eighty squared fifths plus nine,80 ² / 5 + 9,6
1290,six squared squared minus six,(6 ²) ² - 6,6
1291,six squared squared minus five,(6 ²) ² - 5,6
1292,six squared squared minus four,(6 ²) ² - 4,6
1293,six squared squared minus three,(6 ²) ² - 3,6
1294,six squared squared minus two,(6 ²) ² - 2,6
1295,six squared squared minus one,(6 ²) ² - 1,6
1296,six squared squared,(6 ²) ²,3
1297,six squared squared plus one,(6 ²) ² + 1,5
1298,six squared squared plus two,(6 ²) ² + 2,5
1299,six squared squared plus three,(6 ²) ² + 3,5
1300,thirteen thousand tenths,13000 / 10,5
1301,six squared squared plus five,(6 ²) ² + 5,5
1302,six squared squared plus six,(6 ²) ² + 6,5
1303,six squared squared plus seven,(6 ²) ² + 7,6
1304,six squared squared plus eight,(6 ²) ² + 8,5
1305,six squared squared plus nine,(6 ²) ² + 9,5
1306,six squared squared plus ten,(6 ²) ² + 10,5
1307,six squared squared plus ten plus one,(6 ²) ² + 10 + 1,7
1308,six squared squared plus twelve,(6 ²) ² + 12,5
1309,six squared squared plus thirteen,(6 ²) ² + 13,6
1310,six squared squared plus fourteen,(6 ²) ² + 14,6
1311,nineteen times sixty-nine,19 * 69,6
1312,four squared times eighty-two,4 ² * 82,6
1313,thirteen times one hundred one,13 * 101,7
1314,six squared squared plus eighteen,(6 ²) ² + 18,6
1315,six squared squared plus nineteen,(6 ²) ² + 19,6
1316,fourteen times ninety-four,14 * 94,6
1317,six squared squared plus twelve plus nine,(6 ²) ² + 12 + 9,7
1318,six squared squared plus twelve plus ten,(6 ²) ² + 12 + 10,7
1319,eleven cubed minus twelve,11 ³ - 12,7
1320,thirty-three times forty,33 * 40,6
1321,six squared squared plus five squared,(6 ²) ² + 5 ²,6
1322,eleven cubed minus nine,11 ³ - 9,7
1323,sixty-three squared thirds,63 ² / 3,5
1324,ten cubed plus eighteen squared,10 ³ + 18 ²,6
1325,five squared times fifty-three,5 ² * 53,6
1326,six squared squared plus thirty,(6 ²) ² + 30,6
1327,eleven cubed minus four,11 ³ - 4,7
1328,four squared times eighty-three,4 ² * 83,6
1329,nine cubed plus six hundred,9 ³ + 600,6
1330,nineteen times seventy,19 * 70,6
1331,eleven cubed,11 ³,4
1332,eleven cubed plus one,11 ³ + 1,6
1333,eleven cubed plus two,11 ³ + 2,6
1334,twelve thousand six ninths,12006 / 9,5
1335,eight thousand ten sixths,8010 / 6,5
1336,four thousand eight thirds,4008 / 3,5
1337,eleven cubed plus six,11 ³ + 6,6
1338,four thousand fourteen thirds,4014 / 3,6
1339,eleven cubed plus eight,11 ³ + 8,6
1340,eleven cubed plus nine,11 ³ + 9,6
1341,eleven cubed plus ten,11 ³ + 10,6
1342,eight thousand fifty-two sixths,8052 / 6,7
1343,eleven cubed plus twelve,11 ³ + 12,6
1344,twenty-one times four cubed,21 * 4 ³,6
1345,four thousand thirty-five thirds,4035 / 3,7
1346,six squared squared plus fifty,(6 ²) ² + 50,6
1347,eight thousand eighty-two sixths,8082 / 6,7
1348,eight thousand eighty-eight sixths,8088 / 6,7
1349,eight thousand ninety-four sixths,8094 / 6,7
1350,ninety squared sixths,90 ² / 6,4
1351,ninety squared sixths plus one,90 ² / 6 + 1,6
1352,fifty-two squared halves,52 ² / 2,5
1353,ninety squared sixths plus three,90 ² / 6 + 3,6
1354,ninety squared sixths plus four,90 ² / 6 + 4,6
1355,ninety squared sixths plus five,90 ² / 6 + 5,6
1356,ninety squared sixths plus six,90 ² / 6 + 6,6
1357,twenty-three times fifty-nine,23 * 59,7
1358,ninety squared sixths plus eight,90 ² / 6 + 8,6
1359,ninety squared sixths plus nine,90 ² / 6 + 9,6
1360,thirty-four times forty,34 * 40,6
1361,ten cubed plus nineteen squared,10 ³ + 19 ²,6
1362,ninety squared sixths plus twelve,90 ² / 6 + 12,6
1363,four thousand eighty-nine thirds,4089 / 3,7
1364,four thousand ninety-two thirds,4092 / 3,7
1365,fifteen times ninety-one,15 * 91,6
1366,four thousand ninety-eight thirds,4098 / 3,7
1367,fourteen cubed halves minus five,14 ³ / 2 - 5,7
1368,six squared times thirty-eight,6 ² * 38,6
1369,thirty-seven squared,37 ²,5
1370,fourteen cubed halves minus two,14 ³ / 2 - 2,7
1371,fourteen cubed halves minus one,14 ³ / 2 - 1,7
1372,fourteen cubed halves,14 ³ / 2,4
1373,fourteen cubed halves plus one,14 ³ / 2 + 1,6
1374,fourteen cubed halves plus two,14 ³ / 2 + 2,6
1375,eleven thousand eighths,11000 / 8,6
1376,four squared times eighty-six,4 ² * 86,6
1377,seventeen times nine squared,17 * 9 ²,6
1378,fourteen cubed halves plus six,14 ³ / 2 + 6,6
1379,thirty-seven squared plus ten,37 ² + 10,7
1380,twenty-three times sixty,23 * 60,6
1381,fourteen cubed halves plus nine,14 ³ / 2 + 9,6
1382,fourteen cubed halves plus ten,14 ³ / 2 + 10,6
1383,three times four hundred sixty-one,3 * 461,8
1384,fourteen cubed halves plus twelve,14 ³ / 2 + 12,6
1385,eighteen thousand five thirteenths,18005 / 13,7
1386,fourteen times ninety-nine,14 * 99,6
1387,nineteen times seventy-three,19 * 73,7
1388,fourteen cubed halves plus four squared,14 ³ / 2 + 4 ²,7
1389,fifty thousand four thirds twelfths,50004 / 3 / 12,7
1390,fourteen cubed halves plus eighteen,14 ³ / 2 + 18,7
1391,fourteen cubed halves plus nineteen,14 ³ / 2 + 19,7
1392,twenty-nine times twelve squared thirds,29 * 12 ² / 3,7
1393,fourteen cubed halves plus twelve plus nine,14 ³ / 2 + 12 + 9,8
1394,thirty-four times forty-one,34 * 41,7
1395,fifteen times ninety-three,15 * 93,6
1396,six squared squared plus ten squared,(6 ²) ² + 10 ²,6
1397,fourteen cubed halves plus five squared,14 ³ / 2 + 5 ²,7
1398,fourteen thousand tenths minus two,14000 / 10 - 2,8
1399,fourteen cubed halves plus three cubed,14 ³ / 2 + 3 ³,7
1400,fourteen thousand tenths,14000 / 10,5
1401,fourteen thousand ten tenths,14010 / 10,6
1402,seven thousand ten fifths,7010 / 5,6
1403,seven thousand fifteen fifths,7015 / 5,7
1404,six squared times thirty-nine,6 ² * 39,6
1405,fourteen thousand tenths plus five,14000 / 10 + 5,7
1406,nineteen times seventy-four,19 * 74,7
1407,seven times two hundred one,7 * 201,7
1408,twenty-two times four cubed,22 * 4 ³,6
1409,fourteen thousand tenths plus nine,14000 / 10 + 9,7
1410,fifteen times ninety-four,15 * 94,6
1411,seventeen times eighty-three,17 * 83,7
1412,thirty squared plus eight cubed,30 ² + 8 ³,6
1413,nine hundred one plus eight cubed,901 + 8 ³,7
1414,fourteen times one hundred one,14 * 101,7
1415,nine hundred three plus eight cubed,903 + 8 ³,7
1416,six cubed ninths times fifty-nine,6 ³ / 9 * 59,7
1417,seventeen thousand four twelfths,17004 / 12,7
1418,two times seven hundred nine,2 * 709,7
1419,thirty-three times forty-three,33 * 43,7
1420,twenty times seventy-one,20 * 71,7
1421,six squared squared plus five cubed,(6 ²) ² + 5 ³,6
1422,eighteen times seventy-nine,18 * 79,7
1423,twelve cubed minus three hundred five,12 ³ - 305,8
1424,four squared times eighty-nine,4 ² * 89,6
1425,fifteen times ninety-five,15 * 95,6
1426,thirty-one times forty-six,31 * 46,7
1427,ten times twelve squared minus thirteen,10 * 12 ² - 13,8
1428,ten times twelve squared minus twelve,10 * 12 ² - 12,7
1429,ten thousand three sevenths,10003 / 7,6
1430,ten thousand ten sevenths,10010 / 7,6
1431,three cubed times fifty-three,3 ³ * 53,6
1432,ten cubed plus twelve cubed fourths,10 ³ + 12 ³ / 4,6
1433,ten thousand thirty-one sevenths,10031 / 7,8
1434,thirty-eight squared minus ten,38 ² - 10,7
1435,thirty-eight squared minus nine,38 ² - 9,7
1436,thirty-eight squared minus eight,38 ² - 8,7
1437,ten times twelve squared minus three,10 * 12 ² - 3,7
1438,thirty-eight squared minus six,38 ² - 6,7
1439,thirty-eight squared minus five,38 ² - 5,7
1440,ten times twelve squared,10 * 12 ²,4
1441,ten times twelve squared plus one,10 * 12 ² + 1,6
1442,ten times twelve squared plus two,10 * 12 ² + 2,6
1443,ten times twelve squared plus three,10 * 12 ² + 3,6
1444,thirty-eight squared,38 ²,4
1445,eighty-five squared fifths,85 ² / 5,5
1446,thirty-eight squared plus two,38 ² + 2,6
1447,thirty-eight squared plus three,38 ² + 3,6
1448,thirty-eight squared plus four,38 ² + 4,6
1449,thirty-eight squared plus five,38 ² + 5,6
1450,twenty-nine times fifty,29 * 50,6
1451,eighty-five squared fifths plus six,85 ² / 5 + 6,7
1452,sixty-six squared thirds,66 ² / 3,5
1453,thirty-eight squared plus nine,38 ² + 9,6
1454,thirty-eight squared plus ten,38 ² + 10,6
1455,eighteen cubed fourths minus three,18 ³ / 4 - 3,7
1456,four squared times ninety-one,4 ² * 91,6
1457,eighteen cubed fourths minus one,18 ³ / 4 - 1,7
1458,eighteen cubed fourths,18 ³ / 4,4
1459,eighteen cubed fourths plus one,18 ³ / 4 + 1,6
1460,eighteen cubed fourths plus two,18 ³ / 4 + 2,6
1461,eighteen cubed fourths plus three,18 ³ / 4 + 3,6
1462,eighteen cubed fourths plus four,18 ³ / 4 + 4,6
1463,eighteen cubed fourths plus five,18 ³ / 4 + 5,6
1464,eighteen cubed fourths plus six,18 ³ / 4 + 6,6
1465,eighteen cubed fourths plus seven,18 ³ / 4 + 7,7
1466,eighteen cubed fourths plus eight,18 ³ / 4 + 8,6
1467,eighteen cubed fourths plus nine,18 ³ / 4 + 9,6
1468,eighteen cubed fourths plus ten,18 ³ / 4 + 10,6
1469,thirty-eight squared plus five squared,38 ² + 5 ²,7
1470,thirty times seven squared,30 * 7 ²,6
1471,eighteen cubed fourths plus thirteen,18 ³ / 4 + 13,7
1472,twenty-three times four cubed,23 * 4 ³,6
1473,eighteen cubed fourths plus fifteen,18 ³ / 4 + 15,7
1474,eighteen cubed fourths plus four squared,18 ³ / 4 + 4 ²,7
1475,five squared times fifty-nine,5 ² * 59,6
1476,six squared times forty-one,6 ² * 41,6
1477,eighteen cubed fourths plus nineteen,18 ³ / 4 + 19,7
1478,twelve cubed minus ten cubed fourths,12 ³ - 10 ³ / 4,7
1479,twenty-nine times fifty-one,29 * 51,7
1480,thirty-seven times forty,37 * 40,7
1481,thirty-nine squared minus forty,39 ² - 40,8
1482,thirty-eight times thirty-nine,38 * 39,7
1483,eighteen cubed fourths plus five squared,18 ³ / 4 + 5 ²,7
1484,twenty-eight times fifty-three,28 * 53,7
1485,three cubed times fifty-five,3 ³ * 55,6
1486,ten cubed plus eighteen cubed twelfths,10 ³ + 18 ³ / 12,7
1487,twelve thousand eighths minus thirteen,12000 / 8 - 13,8
1488,four squared times ninety-three,4 ² * 93,6
1489,twelve cubed halves plus five squared squared,12 ³ / 2 + (5 ²) ²,7
1490,twelve thousand eighths minus ten,12000 / 8 - 10,7
1491,twelve thousand eighths minus nine,12000 / 8 - 9,7
1492,twelve thousand eighths minus eight,12000 / 8 - 8,7
1493,three thousand ten halves minus twelve,3010 / 2 - 12,8
1494,eighteen times eighty-three,18 * 83,6
1495,twelve thousand eighths minus five,12000 / 8 - 5,7
1496,twelve thousand eighths minus four,12000 / 8 - 4,7
1497,twelve thousand eighths minus three,12000 / 8 - 3,7
1498,twelve thousand eighths minus two,12000 / 8 - 2,7
1499,twelve thousand eighths minus one,12000 / 8 - 1,7
1500,twelve thousand eighths,12000 / 8,4
1501,twelve thousand eight eighths,12008 / 8,5
1502,nine thousand twelve sixths,9012 / 6,5
1503,six thousand twelve fourths,6012 / 4,5
1504,three thousand eight halves,3008 / 2,5
1505,three thousand ten halves,3010 / 2,5
1506,three thousand twelve halves,3012 / 2,5
1507,three thousand fourteen halves,3014 / 2,6
1508,three thousand sixteen halves,3016 / 2,6
1509,three thousand eighteen halves,3018 / 2,6
1510,three thousand twenty halves,3020 / 2,6
1511,twelve thousand eighty-eight eighths,12088 / 8,7
1512,seven times six cubed,7 * 6 ³,5
1513,six thousand fifty-two fourths,6052 / 4,7
1514,nine thousand eighty-four sixths,9084 / 6,7
1515,three thousand thirty halves,3030 / 2,6
1516,nine thousand ninety-six sixths,9096 / 6,7
1517,six thousand sixty-eight fourths,6068 / 4,7
1518,three times five hundred six,3 * 506,6
1519,three thousand thirty-eight halves,3038 / 2,7
1520,nineteen times eighty,19 * 80,5
1521,thirty-nine squared,39 ²,4
1522,thirty-nine squared plus one,39 ² + 1,6
1523,thirty-nine squared plus two,39 ² + 2,6
1524,three times five hundred eight,3 * 508,6
1525,three thousand fifty halves,3050 / 2,6
1526,thirty-nine squared plus five,39 ² + 5,6
1527,three times five hundred nine,3 * 509,6
1528,three thousand fifty-six halves,3056 / 2,7
1529,thirty-nine squared plus eight,39 ² + 8,6
1530,three thousand sixty halves,3060 / 2,6
1531,thirty-nine squared plus ten,39 ² + 10,6
1532,three thousand sixty-four halves,3064 / 2,7
1533,thirty-nine squared plus twelve,39 ² + 12,6
1534,three thousand sixty-eight halves,3068 / 2,7
1535,three thousand seventy halves,3070 / 2,7
1536,three times eight cubed,3 * 8 ³,4
1537,three times eight cubed plus one,3 * 8 ³ + 1,6
1538,three times eight cubed plus two,3 * 8 ³ + 2,6
1539,nineteen times nine squared,19 * 9 ²,5
1540,three thousand eighty halves,3080 / 2,6
1541,three times eight cubed plus five,3 * 8 ³ + 5,6
1542,three times eight cubed plus six,3 * 8 ³ + 6,6
1543,three thousand eighty-six halves,3086 / 2,7
1544,three times eight cubed plus eight,3 * 8 ³ + 8,6
1545,three thousand ninety halves,3090 / 2,6
1546,three times eight cubed plus ten,3 * 8 ³ + 10,6
1547,three thousand ninety-four halves,3094 / 2,7
1548,six squared times forty-three,6 ² * 43,6
1549,three thousand ninety-eight halves,3098 / 2,7
1550,thirty-one times fifty,31 * 50,6
1551,nineteen times nine squared plus twelve,19 * 9 ² + 12,7
1552,four squared times ninety-seven,4 ² * 97,7
1553,six thousand two hundred twelve fourths,6212 / 4,8
1554,three times five hundred eighteen,3 * 518,7
1555,three times eight cubed plus nineteen,3 * 8 ³ + 19,7
1556,fourteen thousand four ninths,14004 / 9,6
1557,fourteen thousand thirteen ninths,14013 / 9,7
1558,nineteen times eighty-two,19 * 82,6
1559,twelve cubed minus thirteen squared,12 ³ - 13 ²,7
1560,thirty-nine times forty,39 * 40,6
1561,three times eight cubed plus five squared,3 * 8 ³ + 5 ²,7
1562,fourteen thousand fifty-eight ninths,14058 / 9,8
1563,three times eight cubed plus three cubed,3 * 8 ³ + 3 ³,7
1564,forty squared minus six squared,40 ² - 6 ²,7
1565,five times three hundred thirteen,5 * 313,7
1566,three cubed times fifty-eight,3 ³ * 58,6
1567,nine thousand four hundred two sixths,9402 / 6,8
1568,fifty-six squared halves,56 ² / 2,5
1569,fifty-six squared halves plus one,56 ² / 2 + 1,7
1570,forty squared minus thirty,40 ² - 30,7
1571,fifty-six squared halves plus three,56 ² / 2 + 3,7
1572,fifty-six squared halves plus four,56 ² / 2 + 4,7
1573,forty squared minus three cubed,40 ² - 3 ³,7
1574,fifty-six squared halves plus six,56 ² / 2 + 6,7
1575,five squared times sixty-three,5 ² * 63,6
1576,ten cubed plus twelve cubed thirds,10 ³ + 12 ³ / 3,6
1577,nineteen times eighty-three,19 * 83,6
1578,fifty-six squared halves plus ten,56 ² / 2 + 10,7
1579,thirty thousand one nineteenths,30001 / 19,7
1580,forty squared minus twenty,40 ² - 20,7
1581,forty squared minus nineteen,40 ² - 19,7
1582,forty squared minus eighteen,40 ² - 18,7
1583,eighteen cubed fourths plus five cubed,18 ³ / 4 + 5 ³,7
1584,nineteen thousand eight twelfths,19008 / 12,6
1585,forty squared minus fifteen,40 ² - 15,7
1586,forty squared minus fourteen,40 ² - 14,7
1587,sixty-nine squared thirds,69 ² / 3,5
1588,forty squared minus twelve,40 ² - 12,6
1589,sixty-nine squared thirds plus two,69 ² / 3 + 2,7
1590,forty squared minus ten,40 ² - 10,6
1591,forty squared minus nine,40 ² - 9,6
1592,forty squared minus eight,40 ² - 8,6
1593,three cubed times fifty-nine,3 ³ * 59,6
1594,forty squared minus six,40 ² - 6,6
1595,forty squared minus five,40 ² - 5,6
1596,forty squared minus four,40 ² - 4,6
1597,forty squared minus three,40 ² - 3,6
1598,forty squared minus two,40 ² - 2,6
1599,forty squared minus one,40 ² - 1,6
1600,forty squared,40 ²,3
1601,eight thousand five fifths,8005 / 5,5
1602,eight thousand ten fifths,8010 / 5,5
1603,forty squared plus three,40 ² + 3,5
1604,forty squared plus four,40 ² + 4,5
1605,forty squared plus five,40 ² + 5,5
1606,forty squared plus six,40 ² + 6,5
1607,forty squared plus seven,40 ² + 7,6
1608,forty squared plus eight,40 ² + 8,5
1609,forty squared plus nine,40 ² + 9,5
1610,forty squared plus ten,40 ² + 10,5
1611,eight thousand fifty-five fifths,8055 / 5,7
1612,forty squared plus twelve,40 ² + 12,5
1613,forty squared plus thirteen,40 ² + 13,6
1614,forty squared plus fourteen,40 ² + 14,6
1615,nineteen times eighty-five,19 * 85,6
1616,eight times two hundred two,8 * 202,6
1617,eight thousand eighty-five fifths,8085 / 5,7
1618,two times eight hundred nine,2 * 809,6
1619,forty squared plus nineteen,40 ² + 19,6
1620,ninety squared fifths,90 ² / 5,4
1621,ninety squared fifths plus one,90 ² / 5 + 1,6
1622,ninety squared fifths plus two,90 ² / 5 + 2,6
1623,ninety squared fifths plus three,90 ² / 5 + 3,6
1624,eight times two hundred three,8 * 203,6
1625,thirteen thousand eighths,13000 / 8,5
1626,thirteen thousand eight eighths,13008 / 8,6
1627,forty squared plus three cubed,40 ² + 3 ³,6
1628,twelve cubed minus ten squared,12 ³ - 10 ²,6
1629,ninety squared fifths plus nine,90 ² / 5 + 9,6
1630,ninety squared fifths plus ten,90 ² / 5 + 10,6
1631,thirteen thousand eighths plus six,13000 / 8 + 6,7
1632,eight times two hundred four,8 * 204,6
1633,twelve cubed minus ninety-five,12 ³ - 95,7
1634,nineteen times eighty-six,19 * 86,6
1635,twelve cubed minus ninety-three,12 ³ - 93,7
1636,four times four hundred nine,4 * 409,6
1637,twelve cubed minus ninety-one,12 ³ - 91,7
1638,twelve cubed minus ninety,12 ³ - 90,6
1639,twelve cubed minus eighty-nine,12 ³ - 89,7
1640,forty times forty-one,40 * 41,6
1641,nine hundred twelve plus nine cubed,912 + 9 ³,7
1642,twelve cubed minus eighty-six,12 ³ - 86,7
1643,twelve cubed minus eighty-five,12 ³ - 85,7
1644,twelve cubed minus eighty-four,12 ³ - 84,7
1645,twelve cubed minus eighty-three,12 ³ - 83,7
1646,twelve cubed minus eighty-two,12 ³ - 82,7
1647,twelve cubed minus nine squared,12 ³ - 9 ²,6
1648,twelve cubed minus eighty,12 ³ - 80,6
1649,forty squared plus seven squared,40 ² + 7 ²,7
1650,thirty-three times fifty,33 * 50,6
1651,forty squared plus fifty-one,40 ² + 51,7
1652,twenty-eight times fifty-nine,28 * 59,7
1653,nineteen times eighty-seven,19 * 87,7
1654,forty squared plus six cubed fourths,40 ² + 6 ³ / 4,7
1655,forty squared plus fifty-five,40 ² + 55,7
1656,six squared times forty-six,6 ² * 46,6
1657,six squared squared plus nineteen squared,(6 ²) ² + 19 ²,7
1658,twelve cubed minus seventy,12 ³ - 70,7
1659,twelve cubed minus sixty-nine,12 ³ - 69,7
1660,twenty times eighty-three,20 * 83,6
1661,three times eight cubed plus five cubed,3 * 8 ³ + 5 ³,7
1662,twelve cubed minus sixty-six,12 ³ - 66,7
1663,twelve cubed minus sixty-five,12 ³ - 65,7
1664,twelve cubed minus four cubed,12 ³ - 4 ³,6
1665,twelve cubed minus sixty-three,12 ³ - 63,7
1666,twelve cubed minus sixty-two,12 ³ - 62,7
1667,ten thousand two sixths,10002 / 6,5
1668,ten thousand eight sixths,10008 / 6,5
1669,ten thousand fourteen sixths,10014 / 6,6
1670,five thousand ten thirds,5010 / 3,5
1671,five thousand thirteen thirds,5013 / 3,6
1672,five thousand sixteen thirds,5016 / 3,6
1673,five thousand nineteen thirds,5019 / 3,6
1674,three cubed times sixty-two,3 ³ * 62,6
1675,ten thousand fifty halves thirds,10050 / 2 / 3,7
1676,ten thousand fifty-six sixths,10056 / 6,7
1677,ten thousand sixty-two sixths,10062 / 6,7
1678,twelve cubed minus fifty,12 ³ - 50,6
1679,forty-one squared minus two,41 ² - 2,7
1680,twenty-eight times sixty,28 * 60,6
1681,forty-one squared,41 ²,4
1682,fifty-eight squared halves,58 ² / 2,5
1683,forty-one squared plus two,41 ² + 2,6
1684,forty-one squared plus three,41 ² + 3,6
1685,forty-one squared plus four,41 ² + 4,6
1686,forty-one squared plus five,41 ² + 5,6
1687,forty-one squared plus six,41 ² + 6,6
1688,twelve cubed minus forty,12 ³ - 40,6
1689,forty-one squared plus eight,41 ² + 8,6
1690,ten times thirteen squared,10 * 13 ²,5
1691,nineteen times eighty-nine,19 * 89,6
1692,twelve cubed minus six squared,12 ³ - 6 ²,6
1693,forty-one squared plus twelve,41 ² + 12,6
1694,five thousand eighty-two thirds,5082 / 3,7
1695,five thousand eighty-five thirds,5085 / 3,7
1696,eight times two hundred twelve,8 * 212,6
1697,five thousand ninety-one thirds,5091 / 3,7
1698,twelve cubed minus thirty,12 ³ - 30,6
1699,twelve cubed minus twenty-nine,12 ³ - 29,7
1700,seventeen thousand tenths,17000 / 10,6
1701,twelve cubed minus three cubed,12 ³ - 3 ³,6
1702,twelve cubed minus twenty-six,12 ³ - 26,7
1703,twelve cubed minus five squared,12 ³ - 5 ²,6
1704,twelve cubed minus six cubed ninths,12 ³ - 6 ³ / 9,7
1705,twelve cubed minus twenty-three,12 ³ - 23,7
1706,twelve cubed minus twenty-two,12 ³ - 22,7
1707,twelve cubed minus twenty-one,12 ³ - 21,7
1708,twelve cubed minus twenty,12 ³ - 20,6
1709,twelve cubed minus nineteen,12 ³ - 19,6
1710,nineteen times ninety,19 * 90,5
1711,twelve cubed minus seventeen,12 ³ - 17,7
1712,twelve cubed minus four squared,12 ³ - 4 ²,6
1713,twelve cubed minus fifteen,12 ³ - 15,6
1714,twelve cubed minus fourteen,12 ³ - 14,6
1715,five times seven cubed,5 * 7 ³,5
1716,twelve cubed minus twelve,12 ³ - 12,5
1717,twelve thousand nineteen sevenths,12019 / 7,7
1718,twelve cubed minus ten,12 ³ - 10,5
1719,twelve cubed minus nine,12 ³ - 9,5
1720,twelve cubed minus eight,12 ³ - 8,5
1721,twelve cubed minus seven,12 ³ - 7,6
1722,twelve cubed minus six,12 ³ - 6,5
1723,twelve cubed minus five,12 ³ - 5,5
1724,twelve cubed minus four,12 ³ - 4,5
1725,twelve cubed minus three,12 ³ - 3,5
1726,twelve cubed minus two,12 ³ - 2,5
1727,twelve cubed minus one,12 ³ - 1,5
1728,twelve cubed,12 ³,2
1729,twelve cubed plus one,12 ³ + 1,4
1730,twelve cubed plus two,12 ³ + 2,4
1731,twelve cubed plus three,12 ³ + 3,4
1732,twelve cubed plus four,12 ³ + 4,4
1733,twelve cubed plus five,12 ³ + 5,4
1734,twelve cubed plus six,12 ³ + 6,4
1735,twelve cubed plus seven,12 ³ + 7,5
1736,twelve cubed plus eight,12 ³ + 8,4
1737,twelve cubed plus nine,12 ³ + 9,4
1738,twelve cubed plus ten,12 ³ + 10,4
1739,twelve cubed plus ten plus one,12 ³ + 10 + 1,6
1740,twelve cubed plus twelve,12 ³ + 12,4
1741,twelve cubed plus thirteen,12 ³ + 13,5
1742,twelve cubed plus fourteen,12 ³ + 14,5
1743,twelve cubed plus fifteen,12 ³ + 15,5
1744,twelve cubed plus four squared,12 ³ + 4 ²,5
1745,twelve cubed plus twelve plus five,12 ³ + 12 + 5,6
1746,twelve cubed plus eighteen,12 ³ + 18,5
1747,twelve cubed plus nineteen,12 ³ + 19,5
1748,twelve cubed plus twenty,12 ³ + 20,5
1749,twelve cubed plus twelve plus nine,12 ³ + 12 + 9,6
1750,fourteen thousand eighths,14000 / 8,5
1751,fourteen thousand eight eighths,14008 / 8,6
1752,seven thousand eight fourths,7008 / 4,6
1753,twelve cubed plus five squared,12 ³ + 5 ²,5
1754,twelve cubed plus twenty-six,12 ³ + 26,6
1755,twelve cubed plus three cubed,12 ³ + 3 ³,5
1756,twelve cubed plus twenty-eight,12 ³ + 28,6
1757,twelve cubed plus twenty-nine,12 ³ + 29,6
1758,twelve cubed plus thirty,12 ³ + 30,5
1759,twelve cubed plus thirty-one,12 ³ + 31,6
1760,twenty-two times eighty,22 * 80,6
1761,twelve cubed plus thirty-three,12 ³ + 33,6
1762,twelve cubed plus thirty-four,12 ³ + 34,6
1763,twelve cubed plus thirty-five,12 ³ + 35,6
1764,forty-two squared,42 ²,4
1765,forty-two squared plus one,42 ² + 1,6
1766,forty-two squared plus two,42 ² + 2,6
1767,nineteen times ninety-three,19 * 93,6
1768,twelve cubed plus forty,12 ³ + 40,5
1769,forty-two squared plus five,42 ² + 5,6
1770,thirty times fifty-nine,30 * 59,6
1771,twelve cubed plus forty-three,12 ³ + 43,6
1772,forty-two squared plus eight,42 ² + 8,6
1773,forty-two squared plus nine,42 ² + 9,6
1774,forty-two squared plus ten,42 ² + 10,6
1775,five squared times seventy-one,5 ² * 71,7
1776,forty-two squared plus twelve,42 ² + 12,6
1777,twelve cubed plus seven squared,12 ³ + 7 ²,6
1778,twelve cubed plus fifty,12 ³ + 50,5
1779,twelve cubed plus fifty-one,12 ³ + 51,6
1780,twenty times eighty-nine,20 * 89,6
1781,twelve cubed plus fifty-three,12 ³ + 53,6
1782,twenty-two times nine squared,22 * 9 ²,6
1783,twelve cubed plus fifty-five,12 ³ + 55,6
1784,twelve cubed plus fifty-six,12 ³ + 56,6
1785,thirty-five times fifty-one,35 * 51,7
1786,nineteen times ninety-four,19 * 94,6
1787,twelve cubed plus fifty-nine,12 ³ + 59,6
1788,twelve cubed plus sixty,12 ³ + 60,5
1789,twelve cubed plus sixty-one,12 ³ + 61,6
1790,twelve cubed plus sixty-two,12 ³ + 62,6
1791,twelve cubed plus sixty-three,12 ³ + 63,6
1792,twelve cubed plus four cubed,12 ³ + 4 ³,5
1793,twelve cubed plus sixty-five,12 ³ + 65,6
1794,twelve cubed plus sixty-six,12 ³ + 66,6
1795,nine thousand fifths minus five,9000 / 5 - 5,7
1796,twelve cubed plus sixty-eight,12 ³ + 68,6
1797,twelve cubed plus sixty-nine,12 ³ + 69,6
1798,twelve cubed plus seventy,12 ³ + 70,6
1799,nine thousand fifths minus one,9000 / 5 - 1,7
1800,nine thousand fifths,9000 / 5,4
1801,nine thousand five fifths,9005 / 5,5
1802,nine thousand ten fifths,9010 / 5,5
1803,nine thousand fifteen fifths,9015 / 5,6
1804,two times nine hundred two,2 * 902,6
1805,ninety-five squared fifths,95 ² / 5,5
1806,six times three hundred one,6 * 301,6
1807,nine thousand thirty-five fifths,9035 / 5,7
1808,twelve cubed plus eighty,12 ³ + 80,5
1809,twelve cubed plus nine squared,12 ³ + 9 ²,5
1810,two times nine hundred five,2 * 905,6
1811,twelve cubed plus eighty-three,12 ³ + 83,6
1812,six times three hundred two,6 * 302,6
1813,twelve cubed plus eighty-five,12 ³ + 85,6
1814,twelve cubed plus eighty-six,12 ³ + 86,6
1815,three times six hundred five,3 * 605,6
1816,two times nine hundred eight,2 * 908,6
1817,twelve cubed plus eighty-nine,12 ³ + 89,6
1818,twelve cubed plus ninety,12 ³ + 90,5
1819,twelve cubed plus ninety-one,12 ³ + 91,6
1820,twenty times ninety-one,20 * 91,6
1821,twelve cubed plus ninety-three,12 ³ + 93,6
1822,twelve cubed plus ninety-four,12 ³ + 94,6
1823,twelve cubed plus ninety-five,12 ³ + 95,6
1824,nineteen times eight times twelve,19 * 8 * 12,6
1825,five squared times seventy-three,5 ² * 73,7
1826,twelve cubed plus ninety-eight,12 ³ + 98,6
1827,nine times two hundred three,9 * 203,6
1828,twelve cubed plus ten squared,12 ³ + 10 ²,5
1829,thirty-one times fifty-nine,31 * 59,7
1830,thirty times sixty-one,30 * 61,6
1831,twelve cubed plus ten squared plus three,12 ³ + 10 ² + 3,7
1832,two times nine hundred sixteen,2 * 916,7
1833,twelve cubed plus ten squared plus five,12 ³ + 10 ² + 5,7
1834,twenty-two thousand eight twelfths,22008 / 12,7
1835,eleven thousand ten sixths,11010 / 6,7
1836,six squared times fifty-one,6 ² * 51,6
1837,forty-three squared minus twelve,43 ² - 12,7
1838,two times nine hundred nineteen,2 * 919,7
1839,forty-three squared minus ten,43 ² - 10,7
1840,twenty-three times eighty,23 * 80,6
1841,forty-three squared minus eight,43 ² - 8,7
1842,six times three hundred seven,6 * 307,7
1843,forty-three squared minus six,43 ² - 6,7
1844,forty-three squared minus five,43 ² - 5,7
1845,nine times two hundred five,9 * 205,6
1846,forty-three squared minus three,43 ² - 3,7
1847,forty-three squared minus two,43 ² - 2,7
1848,six times three hundred eight,6 * 308,6
1849,forty-three squared,43 ²,4
1850,forty-three squared plus one,43 ² + 1,6
1851,forty-three squared plus two,43 ² + 2,6
1852,forty-three squared plus three,43 ² + 3,6
1853,twelve cubed plus five cubed,12 ³ + 5 ³,5
1854,nine times two hundred six,9 * 206,6
1855,forty-three squared plus six,43 ² + 6,6
1856,twenty-nine times four cubed,29 * 4 ³,6
1857,forty-three squared plus eight,43 ² + 8,6
1858,forty-three squared plus nine,43 ² + 9,6
1859,forty-three squared plus ten,43 ² + 10,6
1860,thirty-one times sixty,31 * 60,6
1861,forty-three squared plus twelve,43 ² + 12,6
1862,nineteen times ninety-eight,19 * 98,6
1863,twenty-three times nine squared,23 * 9 ²,6
1864,ten cubed plus twelve cubed halves,10 ³ + 12 ³ / 2,6
1865,twelve cubed plus five cubed plus twelve,12 ³ + 5 ³ + 12,7
1866,fifteen thousand eighths minus nine,15000 / 8 - 9,8
1867,forty-three squared plus eighteen,43 ² + 18,7
1868,forty-three squared plus nineteen,43 ² + 19,7
1869,twenty-one times eighty-nine,21 * 89,7
1870,thirty-four times fifty-five,34 * 55,7
1871,fifteen thousand eighths minus four,15000 / 8 - 4,8
1872,thirteen times twelve squared,13 * 12 ²,5
1873,thirteen times twelve squared plus one,13 * 12 ² + 1,7
1874,thirteen times twelve squared plus two,13 * 12 ² + 2,7
1875,fifteen thousand eighths,15000 / 8,5
1876,fifteen thousand eight eighths,15008 / 8,6
1877,fifteen thousand sixteen eighths,15016 / 8,7
1878,six times three hundred thirteen,6 * 313,7
1879,fifteen thousand eighths plus four,15000 / 8 + 4,7
1880,twenty times ninety-four,20 * 94,6
1881,nineteen times ninety-nine,19 * 99,6
1882,thirteen times twelve squared plus ten,13 * 12 ² + 10,7
1883,fifteen thousand eighths plus eight,15000 / 8 + 8,7
1884,six times three hundred fourteen,6 * 314,7
1885,twenty-nine times sixty-five,29 * 65,7
1886,forty-one times forty-six,41 * 46,7
1887,fifteen thousand eighths plus twelve,15000 / 8 + 12,7
1888,four cubed halves times fifty-nine,4 ³ / 2 * 59,7
1889,seventeen thousand one ninths,17001 / 9,7
1890,twenty-one times ninety,21 * 90,6
1891,thirty-one times sixty-one,31 * 61,7
1892,forty-three times forty-four,43 * 44,7
1893,three times six hundred thirty-one,3 * 631,8
1894,nineteen thousand tenths minus six,19000 / 10 - 6,8
1895,thirty-six thousand five nineteenths,36005 / 19,8
1896,six times three hundred sixteen,6 * 316,7
1897,twelve cubed plus thirteen squared,12 ³ + 13 ²,6
1898,nineteen thousand tenths minus two,19000 / 10 - 2,8
1899,forty-three squared plus fifty,43 ² + 50,7
1900,nineteen thousand tenths,19000 / 10,5
1901,nineteen thousand ten tenths,19010 / 10,6
1902,nineteen thousand tenths plus two,19000 / 10 + 2,7
1903,nineteen thousand tenths plus three,19000 / 10 + 3,7
1904,thirty-four times fifty-six,34 * 56,7
1905,nineteen thousand tenths plus five,19000 / 10 + 5,7
1906,nineteen thousand tenths plus six,19000 / 10 + 6,7
1907,two thousand minus ninety-three,2000 - 93,8
1908,six squared times fifty-three,6 ² * 53,6
1909,twenty-three times eighty-three,23 * 83,7
1910,two thousand minus ninety,2000 - 90,7
1911,thirty-nine times seven squared,39 * 7 ²,7
1912,nineteen thousand tenths plus twelve,19000 / 10 + 12,7
1913,forty-three squared plus four cubed,43 ² + 4 ³,7
1914,thirty-three times fifty-eight,33 * 58,7
1915,thirty times four cubed minus five,30 * 4 ³ - 5,8
1916,sixty-two squared halves minus six,62 ² / 2 - 6,8
1917,twenty-three thousand four twelfths,23004 / 12,7
1918,twelve cubed plus ten times nineteen,12 ³ + 10 * 19,7
1919,two thousand minus nine squared,2000 - 9 ²,7
1920,thirty times four cubed,30 * 4 ³,5
1921,thirty times four cubed plus one,30 * 4 ³ + 1,7
1922,sixty-two squared halves,62 ² / 2,5
1923,sixty-two squared halves plus one,62 ² / 2 + 1,7
1924,twelve cubed plus fourteen squared,12 ³ + 14 ²,6
1925,thirty-five times fifty-five,35 * 55,7
1926,forty-four squared minus ten,44 ² - 10,7
1927,forty-four squared minus nine,44 ² - 9,7
1928,twelve cubed plus ten cubed fifths,12 ³ + 10 ³ / 5,6
1929,thirty times four cubed plus nine,30 * 4 ³ + 9,7
1930,forty-four squared minus six,44 ² - 6,7
1931,forty-four squared minus five,44 ² - 5,7
1932,eighteen cubed thirds minus twelve,18 ³ / 3 - 12,7
1933,forty-four squared minus three,44 ² - 3,7
1934,eighteen cubed thirds minus ten,18 ³ / 3 - 10,7
1935,eighteen cubed thirds minus nine,18 ³ / 3 - 9,7
1936,forty-four squared,44 ²,4
1937,forty-four squared plus one,44 ² + 1,6
1938,forty-four squared plus two,44 ² + 2,6
1939,forty-four squared plus three,44 ² + 3,6
1940,forty-four squared plus four,44 ² + 4,6
1941,forty-four squared plus five,44 ² + 5,6
1942,forty-four squared plus six,44 ² + 6,6
1943,eighteen cubed thirds minus one,18 ³ / 3 - 1,7
1944,eighteen cubed thirds,18 ³ / 3,4
1945,eighteen cubed thirds plus one,18 ³ / 3 + 1,6
1946,eighteen cubed thirds plus two,18 ³ / 3 + 2,6
1947,eighteen cubed thirds plus three,18 ³ / 3 + 3,6
1948,eighteen cubed thirds plus four,18 ³ / 3 + 4,6
1949,eighteen cubed thirds plus five,18 ³ / 3 + 5,6
1950,thirty-nine times fifty,39 * 50,6
1951,eighteen cubed thirds plus seven,18 ³ / 3 + 7,7
1952,eighteen cubed thirds plus eight,18 ³ / 3 + 8,6
1953,eighteen cubed thirds plus nine,18 ³ / 3 + 9,6
1954,eighteen cubed thirds plus ten,18 ³ / 3 + 10,6
1955,twenty-three times eighty-five,23 * 85,7
1956,eighteen cubed thirds plus twelve,18 ³ / 3 + 12,6
1957,nineteen times one hundred three,19 * 103,7
1958,twenty-two times eighty-nine,22 * 89,7
1959,eighteen cubed thirds plus fifteen,18 ³ / 3 + 15,7
1960,ten times fourteen squared,10 * 14 ²,5
1961,ten times fourteen squared plus one,10 * 14 ² + 1,7
1962,eighteen times one hundred nine,18 * 109,7
1963,ten times fourteen squared plus three,10 * 14 ² + 3,7
1964,two thousand minus six squared,2000 - 6 ²,7
1965,ten times fourteen squared plus five,10 * 14 ² + 5,7
1966,ten times fourteen squared plus six,10 * 14 ² + 6,7
1967,fifty-nine thousand ten thirds tenths,59010 / 3 / 10,8
1968,forty-one times twelve squared thirds,41 * 12 ² / 3,7
1969,ten times fourteen squared plus nine,10 * 14 ² + 9,7
1970,two thousand minus thirty,2000 - 30,7
1971,twelve cubed plus nine cubed thirds,12 ³ + 9 ³ / 3,6
1972,thirty-four times fifty-eight,34 * 58,7
1973,two thousand minus three cubed,2000 - 3 ³,7
1974,twenty-one times ninety-four,21 * 94,7
1975,two thousand minus five squared,2000 - 5 ²,7
1976,thirty-eight times fifty-two,38 * 52,7
1977,two thousand four minus three cubed,2004 - 3 ³,8
1978,twelve cubed plus ten cubed fourths,12 ³ + 10 ³ / 4,6
1979,ten squared squared eighths plus nine cubed,(10 ²) ² / 8 + 9 ³,7
1980,thirty-three times sixty,33 * 60,6
1981,thirteen cubed minus six cubed,13 ³ - 6 ³,7
1982,two thousand minus eighteen,2000 - 18,7
1983,two thousand ten minus three cubed,2010 - 3 ³,8
1984,thirty-one times four cubed,31 * 4 ³,6
1985,two thousand minus fifteen,2000 - 15,7
1986,two thousand minus fourteen,2000 - 14,7
1987,two thousand minus thirteen,2000 - 13,7
1988,two thousand minus twelve,2000 - 12,6
1989,two thousand one minus twelve,2001 - 12,7
1990,two thousand minus ten,2000 - 10,6
1991,two thousand minus nine,2000 - 9,6
1992,two thousand minus eight,2000 - 8,6
1993,two thousand five minus twelve,2005 - 12,7
1994,two thousand minus six,2000 - 6,6
1995,two thousand minus five,2000 - 5,6
1996,two thousand minus four,2000 - 4,6
1997,two thousand minus three,2000 - 3,6
1998,two thousand minus two,2000 - 2,6
1999,two thousand minus one,2000 - 1,6
2000,two thousand,2000,3
2001,two thousand one,2001,4
2002,two thousand two,2002,4
2003,two thousand three,2003,4
2004,two thousand four,2004,4
2005,two thousand five,2005,4
2006,two thousand six,2006,4
2007,two thousand seven,2007,5
2008,two thousand eight,2008,4
2009,two thousand nine,2009,4
2010,two thousand ten,2010,4
2011,two thousand ten plus one,2010 + 1,6
2012,two thousand twelve,2012,4
2013,two thousand thirteen,2013,5
2014,two thousand fourteen,2014,5
2015,two thousand fifteen,2015,5
2016,fourteen times twelve squared,14 * 12 ²,5
2017,two thousand twelve plus five,2012 + 5,6
2018,two thousand eighteen,2018,5
2019,two thousand nineteen,2019,5
2020,two thousand twenty,2020,5
2021,two thousand twelve plus nine,2012 + 9,6
2022,two thousand twelve plus ten,2012 + 10,6
2023,two thousand twenty-three,2023,6
2024,four times five hundred six,4 * 506,6
2025,ninety halves squared,(90 / 2) ²,4
2026,ninety halves squared plus one,(90 / 2) ² + 1,6
2027,ninety halves squared plus two,(90 / 2) ² + 2,6
2028,twelve times thirteen squared,12 * 13 ²,5
2029,ninety halves squared plus four,(90 / 2) ² + 4,6
2030,two thousand thirty,2030,5
2031,ninety halves squared plus six,(90 / 2) ² + 6,6
2032,four times five hundred eight,4 * 508,6
2033,ninety halves squared plus eight,(90 / 2) ² + 8,6
2034,ninety halves squared plus nine,(90 / 2) ² + 9,6
2035,ninety halves squared plus ten,(90 / 2) ² + 10,6
2036,four times five hundred nine,4 * 509,6
2037,ninety halves squared plus twelve,(90 / 2) ² + 12,6
2038,two thousand thirty-eight,2038,6
2039,two thousand thirty-nine,2039,6
2040,two thousand forty,2040,5
2041,two thousand forty-one,2041,6
2042,two thousand forty-two,2042,6
2043,two thousand forty-three,2043,6
2044,two thousand forty-four,2044,6
2045,four thousand ninety halves,4090 / 2,6
2046,two thousand forty-six,2046,6
2047,four thousand ninety-four halves,4094 / 2,7
2048,four squared cubed halves,(4 ²) ³ / 2,4
2049,four squared cubed halves plus one,(4 ²) ³ / 2 + 1,6
2050,two thousand fifty,2050,5
2051,four squared cubed halves plus three,(4 ²) ³ / 2 + 3,6
2052,nineteen times six cubed halves,19 * 6 ³ / 2,6
2053,four squared cubed halves plus five,(4 ²) ³ / 2 + 5,6
2054,four squared cubed halves plus six,(4 ²) ³ / 2 + 6,6
2055,two thousand fifty-five,2055,6
2056,four squared cubed halves plus eight,(4 ²) ³ / 2 + 8,6
2057,four squared cubed halves plus nine,(4 ²) ³ / 2 + 9,6
2058,six times seven cubed,6 * 7 ³,5
2059,two thousand fifty-nine,2059,6
2060,two thousand sixty,2060,5
2061,two thousand sixty-one,2061,6
2062,two thousand sixty-two,2062,6
2063,two thousand sixty-three,2063,6
2064,two thousand plus four cubed,2000 + 4 ³,6
2065,two thousand sixty-five,2065,6
2066,two thousand sixty-six,2066,6
2067,thirty-nine times fifty-three,39 * 53,7
2068,two thousand sixty-eight,2068,6
2069,two thousand sixty-nine,2069,6
2070,twenty-three times ninety,23 * 90,6
2071,twelve cubed plus seven cubed,12 ³ + 7 ³,6
2072,thirteen cubed minus five cubed,13 ³ - 5 ³,7
2073,four squared cubed halves plus five squared,(4 ²) ³ / 2 + 5 ²,7
2074,thirty-four times sixty-one,34 * 61,7
2075,five squared times eighty-three,5 ² * 83,6
2076,four times five hundred nineteen,4 * 519,7
2077,eight thousand three hundred eight fourths,8308 / 4,8
2078,four squared cubed halves plus thirty,(4 ²) ³ / 2 + 30,7
2079,thirty-three times sixty-three,33 * 63,7
2080,two thousand eighty,2080,5
2081,two thousand plus nine squared,2000 + 9 ²,6
2082,two thousand eighty-two,2082,6
2083,two thousand eighty-three,2083,6
2084,two thousand eighty-four,2084,6
2085,two thousand eighty-five,2085,6
2086,two thousand eighty-six,2086,6
2087,two thousand six plus nine squared,2006 + 9 ²,7
2088,six squared times fifty-eight,6 ² * 58,6
2089,twelve cubed plus nineteen squared,12 ³ + 19 ²,6
2090,two thousand ninety,2090,5
2091,two thousand ninety-one,2091,6
2092,two thousand ninety-two,2092,6
2093,two thousand ninety-three,2093,6
2094,two thousand ninety-four,2094,6
2095,two thousand ninety-five,2095,6
2096,two thousand ninety-six,2096,6
2097,thirteen cubed minus ten squared,13 ³ - 10 ²,7
2098,two thousand ninety-eight,2098,6
2099,two thousand ninety-nine,2099,6
2100,forty-two times fifty,42 * 50,6
2101,twenty-one thousand ten tenths,21010 / 10,7
2102,two thousand ninety plus twelve,2090 + 12,7
2103,three times seven hundred one,3 * 701,7
2104,forty-six squared minus twelve,46 ² - 12,7
2105,ninety halves squared plus eighty,(90 / 2) ² + 80,7
2106,twenty-six times nine squared,26 * 9 ²,6
2107,forty-six squared minus nine,46 ² - 9,7
2108,forty-six squared minus eight,46 ² - 8,7
2109,three times seven hundred three,3 * 703,7
2110,forty-six squared minus six,46 ² - 6,7
2111,forty-six squared minus five,46 ² - 5,7
2112,nineteen thousand eight ninths,19008 / 9,6
2113,forty-six squared minus three,46 ² - 3,7
2114,forty-six squared minus two,46 ² - 2,7
2115,forty-six squared minus one,46 ² - 1,7
2116,forty-six squared,46 ²,4
2117,forty-six squared plus one,46 ² + 1,6
2118,forty-six squared plus two,46 ² + 2,6
2119,forty-six squared plus three,46 ² + 3,6
2120,forty times fifty-three,40 * 53,6
2121,forty-six squared plus five,46 ² + 5,6
2122,forty-six squared plus six,46 ² + 6,6
2123,forty-six squared plus seven,46 ² + 7,7
2124,six squared times fifty-nine,6 ² * 59,6
2125,seventeen thousand eighths,17000 / 8,6
2126,forty-six squared plus ten,46 ² + 10,6
2127,three times seven hundred nine,3 * 709,7
2128,forty-six squared plus twelve,46 ² + 12,6
2129,forty-six squared plus thirteen,46 ² + 13,7
2130,thirty times seventy-one,30 * 71,7
2131,forty-six squared plus fifteen,46 ² + 15,7
2132,forty-one times fifty-two,41 * 52,7
2133,thirteen cubed minus four cubed,13 ³ - 4 ³,7
2134,forty-six squared plus eighteen,46 ² + 18,7
2135,thirty-five times sixty-one,35 * 61,7
2136,six cubed ninths times eighty-nine,6 ³ / 9 * 89,7
2137,thirteen cubed minus sixty,13 ³ - 60,7
2138,four squared cubed halves plus ninety,(4 ²) ³ / 2 + 90,7
2139,thirty-one times sixty-nine,31 * 69,7
2140,ten times two hundred fourteen,10 * 214,7
2141,forty-six squared plus five squared,46 ² + 5 ²,7
2142,forty-two times fifty-one,42 * 51,7
2143,thirty thousand two fourteenths,30002 / 14,7
2144,two thousand plus twelve squared,2000 + 12 ²,6
2145,thirty-nine times fifty-five,39 * 55,7
2146,forty-six squared plus thirty,46 ² + 30,7
2147,thirteen cubed minus fifty,13 ³ - 50,7
2148,ten times six cubed minus twelve,10 * 6 ³ - 12,7
2149,two thousand five plus twelve squared,2005 + 12 ²,7
2150,forty-three times fifty,43 * 50,6
2151,ten times six cubed minus nine,10 * 6 ³ - 9,7
2152,ten times six cubed minus eight,10 * 6 ³ - 8,7
2153,two thousand nine plus twelve squared,2009 + 12 ²,7
2154,ten times six cubed minus six,10 * 6 ³ - 6,7
2155,ten times six cubed minus five,10 * 6 ³ - 5,7
2156,ten times six cubed minus four,10 * 6 ³ - 4,7
2157,ten times six cubed minus three,10 * 6 ³ - 3,7
2158,ten times six cubed minus two,10 * 6 ³ - 2,7
2159,ten times six cubed minus one,10 * 6 ³ - 1,7
2160,ten times six cubed,10 * 6 ³,4
2161,ten times six cubed plus one,10 * 6 ³ + 1,6
2162,ten times six cubed plus two,10 * 6 ³ + 2,6
2163,ten times six cubed plus three,10 * 6 ³ + 3,6
2164,ten times six cubed plus four,10 * 6 ³ + 4,6
2165,ten times six cubed plus five,10 * 6 ³ + 5,6
2166,six times nineteen squared,6 * 19 ²,5
2167,thirteen thousand two sixths,13002 / 6,6
2168,thirteen thousand eight sixths,13008 / 6,6
2169,ten times six cubed plus nine,10 * 6 ³ + 9,6
2170,ten times six cubed plus ten,10 * 6 ³ + 10,6
2171,six times nineteen squared plus five,6 * 19 ² + 5,7
2172,ten times six cubed plus twelve,10 * 6 ³ + 12,6
2173,forty-one times fifty-three,41 * 53,7
2174,six times nineteen squared plus eight,6 * 19 ² + 8,7
2175,three cubed cubed ninths minus twelve,(3 ³) ³ / 9 - 12,7
2176,thirty-four times four cubed,34 * 4 ³,6
2177,three cubed cubed ninths minus ten,(3 ³) ³ / 9 - 10,7
2178,sixty-six squared halves,66 ² / 2,5
2179,three cubed cubed ninths minus eight,(3 ³) ³ / 9 - 8,7
2180,twenty times one hundred nine,20 * 109,7
2181,three cubed cubed ninths minus six,(3 ³) ³ / 9 - 6,7
2182,three cubed cubed ninths minus five,(3 ³) ³ / 9 - 5,7
2183,three cubed cubed ninths minus four,(3 ³) ³ / 9 - 4,7
2184,three cubed cubed ninths minus three,(3 ³) ³ / 9 - 3,7
2185,thirteen cubed minus twelve,13 ³ - 12,6
2186,three cubed cubed ninths minus one,(3 ³) ³ / 9 - 1,7
2187,three cubed cubed ninths,(3 ³) ³ / 9,4
2188,thirteen cubed minus nine,13 ³ - 9,6
2189,thirteen cubed minus eight,13 ³ - 8,6
2190,three cubed cubed ninths plus three,(3 ³) ³ / 9 + 3,6
2191,thirteen cubed minus six,13 ³ - 6,6
2192,thirteen cubed minus five,13 ³ - 5,6
2193,thirteen cubed minus four,13 ³ - 4,6
2194,thirteen cubed minus three,13 ³ - 3,6
2195,thirteen cubed minus two,13 ³ - 2,6
2196,thirteen cubed minus one,13 ³ - 1,6
2197,thirteen cubed,13 ³,3
2198,thirteen cubed plus one,13 ³ + 1,5
2199,thirteen cubed plus two,13 ³ + 2,5
2200,thirteen cubed plus three,13 ³ + 3,5
2201,thirteen cubed plus four,13 ³ + 4,5
2202,thirteen cubed plus five,13 ³ + 5,5
2203,thirteen cubed plus six,13 ³ + 6,5
2204,thirteen cubed plus seven,13 ³ + 7,6
2205,thirteen cubed plus eight,13 ³ + 8,5
2206,thirteen cubed plus nine,13 ³ + 9,5
2207,thirteen cubed plus ten,13 ³ + 10,5
2208,forty-six times twelve squared thirds,46 * 12 ² / 3,7
2209,ninety-four halves squared,(94 / 2) ²,5
2210,thirteen cubed plus thirteen,13 ³ + 13,6
2211,thirteen cubed plus fourteen,13 ³ + 14,6
2212,thirteen cubed plus fifteen,13 ³ + 15,6
2213,thirteen cubed plus four squared,13 ³ + 4 ²,6
2214,three cubed times eighty-two,3 ³ * 82,6
2215,thirteen cubed plus eighteen,13 ³ + 18,6
2216,thirteen cubed plus nineteen,13 ³ + 19,6
2217,thirteen cubed plus twenty,13 ³ + 20,6
2218,ninety-four halves squared plus nine,(94 / 2) ² + 9,7
2219,ninety-four halves squared plus ten,(94 / 2) ² + 10,7
2220,thirty-seven times sixty,37 * 60,7
2221,ninety-four halves squared plus twelve,(94 / 2) ² + 12,7
2222,thirteen cubed plus five squared,13 ³ + 5 ²,6
2223,twenty thousand seven ninths,20007 / 9,7
2224,thirteen cubed plus three cubed,13 ³ + 3 ³,6
2225,five squared times eighty-nine,5 ² * 89,6
2226,forty-two times fifty-three,42 * 53,7
2227,thirteen cubed plus thirty,13 ³ + 30,6
2228,twelve cubed plus ten cubed halves,12 ³ + 10 ³ / 2,6
2229,twelve thousand eighths plus nine cubed,12000 / 8 + 9 ³,7
2230,thirteen cubed plus thirty-three,13 ³ + 33,7
2231,thirteen cubed plus thirty-four,13 ³ + 34,7
2232,six squared times sixty-two,6 ² * 62,6
2233,thirteen cubed plus six squared,13 ³ + 6 ²,6
2234,twelve cubed plus five hundred six,12 ³ + 506,7
2235,thirteen cubed plus thirty-eight,13 ³ + 38,7
2236,forty-three times fifty-two,43 * 52,7
2237,thirteen cubed plus forty,13 ³ + 40,6
2238,thirty cubed twelfths minus twelve,30 ³ / 12 - 12,7
2239,thirteen cubed plus forty-two,13 ³ + 42,7
2240,twelve cubed plus eight cubed,12 ³ + 8 ³,5
2241,three cubed times eighty-three,3 ³ * 83,6
2242,thirty cubed twelfths minus eight,30 ³ / 12 - 8,7
2243,twelve cubed plus eight cubed plus three,12 ³ + 8 ³ + 3,7
2244,thirty cubed twelfths minus six,30 ³ / 12 - 6,7
2245,thirty cubed twelfths minus five,30 ³ / 12 - 5,7
2246,thirty cubed twelfths minus four,30 ³ / 12 - 4,7
2247,thirteen cubed plus fifty,13 ³ + 50,6
2248,thirty cubed twelfths minus two,30 ³ / 12 - 2,7
2249,thirty cubed twelfths minus one,30 ³ / 12 - 1,7
2250,thirty cubed twelfths,30 ³ / 12,4
2251,nine thousand four fourths,9004 / 4,5
2252,nine thousand eight fourths,9008 / 4,5
2253,nine thousand twelve fourths,9012 / 4,5
2254,nine thousand sixteen fourths,9016 / 4,6
2255,thirty cubed twelfths plus five,30 ³ / 12 + 5,6
2256,thirty cubed twelfths plus six,30 ³ / 12 + 6,6
2257,thirteen cubed plus sixty,13 ³ + 60,6
2258,thirty cubed twelfths plus eight,30 ³ / 12 + 8,6
2259,thirty cubed twelfths plus nine,30 ³ / 12 + 9,6
2260,thirty cubed twelfths plus ten,30 ³ / 12 + 10,6
2261,thirteen cubed plus four cubed,13 ³ + 4 ³,6
2262,thirty cubed twelfths plus twelve,30 ³ / 12 + 12,6
2263,nine thousand fifty-two fourths,9052 / 4,7
2264,nine thousand fifty-six fourths,9056 / 4,7
2265,nine thousand sixty halves halves,9060 / 2 / 2,7
2266,nine thousand sixty-four fourths,9064 / 4,7
2267,nine thousand sixty-eight fourths,9068 / 4,7
2268,twenty-eight times nine squared,28 * 9 ²,6
2269,thirty cubed twelfths plus nineteen,30 ³ / 12 + 19,7
2270,nine thousand eighty halves halves,9080 / 2 / 2,7
2271,nine thousand eighty-four fourths,9084 / 4,7
2272,nine thousand eighty-eight fourths,9088 / 4,7
2273,nine thousand ninety-two fourths,9092 / 4,7
2274,nine thousand ninety-six fourths,9096 / 4,7
2275,five squared times ninety-one,5 ² * 91,6
2276,forty-two squared plus eight cubed,42 ² + 8 ³,7
2277,thirteen cubed plus eighty,13 ³ + 80,6
2278,thirteen cubed plus nine squared,13 ³ + 9 ²,6
2279,forty-three times fifty-three,43 * 53,7
2280,thirty-eight times sixty,38 * 60,6
2281,thirteen cubed plus eighty-four,13 ³ + 84,7
2282,thirteen cubed plus eighty-five,13 ³ + 85,7
2283,thirteen cubed plus eighty-six,13 ³ + 86,7
2284,fifty squared minus six cubed,50 ² - 6 ³,7
2285,ten times six cubed plus five cubed,10 * 6 ³ + 5 ³,7
2286,sixteen thousand two sevenths,16002 / 7,7
2287,thirteen cubed plus ninety,13 ³ + 90,6
2288,forty-four times fifty-two,44 * 52,7
2289,thirteen cubed plus ninety-two,13 ³ + 92,7
2290,thirty cubed twelfths plus forty,30 ³ / 12 + 40,7
2291,thirteen cubed plus ninety-four,13 ³ + 94,7
2292,twelve squared thirds squared minus twelve,(12 ² / 3) ² - 12,7
2293,thirteen cubed plus eight times twelve,13 ³ + 8 * 12,7
2294,twelve squared thirds squared minus ten,(12 ² / 3) ² - 10,7
2295,three cubed times eighty-five,3 ³ * 85,6
2296,six squared squared plus ten cubed,(6 ²) ² + 10 ³,6
2297,thirteen cubed plus ten squared,13 ³ + 10 ²,6
2298,twelve squared thirds squared minus six,(12 ² / 3) ² - 6,7
2299,two hundred nine squared nineteenths,209 ² / 19,7
2300,forty-six times fifty,46 * 50,6
2301,twenty-three thousand ten tenths,23010 / 10,7
2302,twelve squared thirds squared minus two,(12 ² / 3) ² - 2,7
2303,twelve squared thirds squared minus one,(12 ² / 3) ² - 1,7
2304,twelve squared thirds squared,(12 ² / 3) ²,4
2305,twelve squared thirds squared plus one,(12 ² / 3) ² + 1,6
2306,twelve squared thirds squared plus two,(12 ² / 3) ² + 2,6
2307,twelve squared thirds squared plus three,(12 ² / 3) ² + 3,6
2308,twelve squared thirds squared plus four,(12 ² / 3) ² + 4,6
2309,twelve squared thirds squared plus five,(12 ² / 3) ² + 5,6
2310,twelve squared thirds squared plus six,(12 ² / 3) ² + 6,6
2311,twelve squared thirds squared plus seven,(12 ² / 3) ² + 7,7
2312,sixty-eight squared halves,68 ² / 2,5
2313,twelve squared thirds squared plus nine,(12 ² / 3) ² + 9,6
2314,twelve squared thirds squared plus ten,(12 ² / 3) ² + 10,6
2315,sixty-eight squared halves plus three,68 ² / 2 + 3,7
2316,twelve squared thirds squared plus twelve,(12 ² / 3) ² + 12,6
2317,sixty-eight squared halves plus five,68 ² / 2 + 5,7
2318,thirty-eight times sixty-one,38 * 61,7
2319,twelve squared thirds squared plus fifteen,(12 ² / 3) ² + 15,7
2320,twenty-nine times eighty,29 * 80,6
2321,sixty-eight squared halves plus nine,68 ² / 2 + 9,7
2322,three cubed times eighty-six,3 ³ * 86,6
2323,twelve squared thirds squared plus nineteen,(12 ² / 3) ² + 19,7
2324,twenty-eight times eighty-three,28 * 83,7
2325,five squared times ninety-three,5 ² * 93,6
2326,nine thousand three hundred four fourths,9304 / 4,8
2327,nine thousand three hundred eight fourths,9308 / 4,8
2328,twelve cubed plus six hundred,12 ³ + 600,6
2329,forty squared plus nine cubed,40 ² + 9 ³,6
2330,thirty cubed twelfths plus eighty,30 ³ / 12 + 80,7
2331,twelve squared thirds squared plus three cubed,(12 ² / 3) ² + 3 ³,7
2332,forty-four times fifty-three,44 * 53,7
2333,twelve cubed plus six hundred five,12 ³ + 605,7
2334,fourteen thousand four sixths,14004 / 6,6
2335,fourteen thousand ten sixths,14010 / 6,6
2336,seven thousand eight thirds,7008 / 3,6
2337,twelve cubed plus six hundred nine,12 ³ + 609,7
2338,seven thousand fourteen thirds,7014 / 3,7
2339,fourteen thousand thirty-four sixths,14034 / 6,8
2340,thirty-nine times sixty,39 * 60,6
2341,thirteen cubed plus twelve squared,13 ³ + 12 ²,6
2342,fourteen thousand fifty-two sixths,14052 / 6,8
2343,two thousand plus seven cubed,2000 + 7 ³,7
2344,twelve squared thirds squared plus forty,(12 ² / 3) ² + 40,7
2345,seven thousand thirty-five thirds,7035 / 3,8
2346,forty-six times fifty-one,46 * 51,7
2347,fourteen thousand eighty-two sixths,14082 / 6,8
2348,fourteen thousand eighty-eight sixths,14088 / 6,8
2349,twenty-nine times nine squared,29 * 9 ²,6
2350,five squared times ninety-four,5 ² * 94,6
2351,nine thousand four hundred four fourths,9404 / 4,8
2352,eighty-four squared thirds,84 ² / 3,5
2353,twelve cubed plus five squared squared,12 ³ + (5 ²) ²,6
2354,eighty-four squared thirds plus two,84 ² / 3 + 2,7
2355,eighty-four squared thirds plus three,84 ² / 3 + 3,7
2356,fifty squared minus twelve squared,50 ² - 12 ²,7
2357,eighty-four squared thirds plus five,84 ² / 3 + 5,7
2358,eighty-four squared thirds plus six,84 ² / 3 + 6,7
2359,twelve cubed plus five squared squared plus six,12 ³ + (5 ²) ² + 6,8
2360,forty times fifty-nine,40 * 59,6
2361,eighty-four squared thirds plus nine,84 ² / 3 + 9,7
2362,eighty-four squared thirds plus ten,84 ² / 3 + 10,7
2363,seven thousand eighty-nine thirds,7089 / 3,8
2364,eighty-four squared thirds plus twelve,84 ² / 3 + 12,7
2365,forty-three times fifty-five,43 * 55,7
2366,fourteen times thirteen squared,14 * 13 ²,6
2367,nineteen thousand eighths minus eight,19000 / 8 - 8,8
2368,four squared cubed minus twelve cubed,(4 ²) ³ - 12 ³,7
2369,nineteen thousand eighths minus six,19000 / 8 - 6,8
2370,thirty times seventy-nine,30 * 79,7
2371,nineteen thousand eighths minus four,19000 / 8 - 4,8
2372,fourteen cubed halves plus ten cubed,14 ³ / 2 + 10 ³,7
2373,nineteen thousand eighths minus two,19000 / 8 - 2,8
2374,nineteen thousand eighths minus one,19000 / 8 - 1,8
2375,nineteen thousand eighths,19000 / 8,5
2376,nineteen thousand eight eighths,19008 / 8,6
2377,nineteen thousand sixteen eighths,19016 / 8,7
2378,forty-one times fifty-eight,41 * 58,7
2379,thirty-nine times sixty-one,39 * 61,7
2380,thirty-five times sixty-eight,35 * 68,7
2381,nineteen thousand eighths plus six,19000 / 8 + 6,7
2382,nineteen thousand fifty-six eighths,19056 / 8,8
2383,nineteen thousand eighths plus eight,19000 / 8 + 8,7
2384,nineteen thousand eighths plus nine,19000 / 8 + 9,7
2385,ninety halves times fifty-three,90 / 2 * 53,7
2386,nineteen thousand eighty-eight eighths,19088 / 8,8
2387,nineteen thousand eighths plus twelve,19000 / 8 + 12,7
2388,twelve thousand fifths minus twelve,12000 / 5 - 12,7
2389,seven squared squared minus twelve,(7 ²) ² - 12,7
2390,twelve thousand fifths minus ten,12000 / 5 - 10,7
2391,seven squared squared minus ten,(7 ²) ² - 10,7
2392,seven squared squared minus nine,(7 ²) ² - 9,7
2393,seven squared squared minus eight,(7 ²) ² - 8,7
2394,twelve thousand fifths minus six,12000 / 5 - 6,7
2395,seven squared squared minus six,(7 ²) ² - 6,7
2396,seven squared squared minus five,(7 ²) ² - 5,7
2397,seven squared squared minus four,(7 ²) ² - 4,7
2398,seven squared squared minus three,(7 ²) ² - 3,7
2399,seven squared squared minus two,(7 ²) ² - 2,7
2400,twelve thousand fifths,12000 / 5,4
2401,seven squared squared,(7 ²) ²,4
2402,twelve thousand ten fifths,12010 / 5,5
2403,twelve thousand fifteen fifths,12015 / 5,6
2404,four times six hundred one,4 * 601,6
2405,seven squared squared plus four,(7 ²) ² + 4,6
2406,six times four hundred one,6 * 401,6
2407,seven squared squared plus six,(7 ²) ² + 6,6
2408,eight times three hundred one,8 * 301,6
2409,three times eight hundred three,3 * 803,6
2410,seven squared squared plus nine,(7 ²) ² + 9,6
2411,seven squared squared plus ten,(7 ²) ² + 10,6
2412,twelve times two hundred one,12 * 201,6
2413,seven squared squared plus twelve,(7 ²) ² + 12,6
2414,twelve thousand ten fifths plus twelve,12010 / 5 + 12,7
2415,three times eight hundred five,3 * 805,6
2416,eight times three hundred two,8 * 302,6
2417,twenty-nine thousand four twelfths,29004 / 12,7
2418,six times four hundred three,6 * 403,6
2419,twelve thousand ninety-five fifths,12095 / 5,7
2420,one hundred ten squared fifths,110 ² / 5,6
2421,three times eight hundred seven,3 * 807,7
2422,thirteen cubed plus fifteen squared,13 ³ + 15 ²,7
2423,one hundred ten squared fifths plus three,110 ² / 5 + 3,8
2424,twelve times two hundred two,12 * 202,6
2425,five squared times ninety-seven,5 ² * 97,7
2426,seven squared squared plus five squared,(7 ²) ² + 5 ²,7
2427,three times eight hundred nine,3 * 809,6
2428,four times six hundred seven,4 * 607,7
2429,twelve squared thirds squared plus five cubed,(12 ² / 3) ² + 5 ³,7
2430,thirty times nine squared,30 * 9 ²,5
2431,thirty times nine squared plus one,30 * 9 ² + 1,7
2432,thirty-eight times four cubed,38 * 4 ³,6
2433,thirty times nine squared plus three,30 * 9 ² + 3,7
2434,thirty times nine squared plus four,30 * 9 ² + 4,7
2435,thirty times nine squared plus five,30 * 9 ² + 5,7
2436,twelve times two hundred three,12 * 203,6
2437,seven squared squared plus six squared,(7 ²) ² + 6 ²,7
2438,forty-six times fifty-three,46 * 53,7
2439,three times eight hundred thirteen,3 * 813,7
2440,forty times sixty-one,40 * 61,6
2441,seven squared squared plus forty,(7 ²) ² + 40,7
2442,six times four hundred seven,6 * 407,7
2443,forty times sixty-one plus three,40 * 61 + 3,8
2444,twenty-six times ninety-four,26 * 94,7
2445,twenty-two thousand five ninths,22005 / 9,7
2446,twenty-two thousand fourteen ninths,22014 / 9,8
2447,thirteen cubed plus ten cubed fourths,13 ³ + 10 ³ / 4,7
2448,seventeen times twelve squared,17 * 12 ²,6
2449,twelve cubed plus nine cubed minus eight,12 ³ + 9 ³ - 8,8
2450,seventy squared halves,70 ² / 2,5
2451,seventy squared halves plus one,70 ² / 2 + 1,7
2452,four times six hundred thirteen,4 * 613,7
2453,seventy squared halves plus three,70 ² / 2 + 3,7
2454,six times four hundred nine,6 * 409,6
2455,seventy squared halves plus five,70 ² / 2 + 5,7
2456,eight times three hundred seven,8 * 307,7
2457,twelve cubed plus nine cubed,12 ³ + 9 ³,5
2458,twelve cubed plus nine cubed plus one,12 ³ + 9 ³ + 1,7
2459,twelve cubed plus nine cubed plus two,12 ³ + 9 ³ + 2,7
2460,forty-one times sixty,41 * 60,6
2461,twelve cubed plus nine cubed plus four,12 ³ + 9 ³ + 4,7
2462,twelve cubed plus nine cubed plus five,12 ³ + 9 ³ + 5,7
2463,twelve cubed plus nine cubed plus six,12 ³ + 9 ³ + 6,7
2464,eight times three hundred eight,8 * 308,6
2465,twenty-nine times eighty-five,29 * 85,7
2466,twelve cubed plus nine cubed plus nine,12 ³ + 9 ³ + 9,7
2467,twelve cubed plus nine cubed plus ten,12 ³ + 9 ³ + 10,7
2468,fifty squared minus four cubed halves,50 ² - 4 ³ / 2,8
2469,twelve cubed plus nine cubed plus twelve,12 ³ + 9 ³ + 12,7
2470,fifty squared minus thirty,50 ² - 30,7
2471,eighty squared halves minus nine cubed,80 ² / 2 - 9 ³,8
2472,twelve times two hundred six,12 * 206,6
2473,fifty squared minus three cubed,50 ² - 3 ³,7
2474,fifty squared minus twenty-six,50 ² - 26,8
2475,five squared times ninety-nine,5 ² * 99,6
2476,four times six hundred nineteen,4 * 619,7
2477,nine thousand nine hundred eight fourths,9908 / 4,8
2478,forty-two times fifty-nine,42 * 59,7
2479,five times eight cubed minus nine squared,5 * 8 ³ - 9 ²,8
2480,thirty-one times eighty,31 * 80,6
2481,fifty squared minus nineteen,50 ² - 19,7
2482,fifty squared minus eighteen,50 ² - 18,7
2483,fifty squared minus seventeen,50 ² - 17,8
2484,six squared times sixty-nine,6 ² * 69,6
2485,fifty squared minus fifteen,50 ² - 15,7
2486,fifty squared minus fourteen,50 ² - 14,7
2487,fifty squared minus thirteen,50 ² - 13,7
2488,fifty squared minus twelve,50 ² - 12,6
2489,ten thousand four fourths minus twelve,10004 / 4 - 12,8
2490,fifty squared minus ten,50 ² - 10,6
2491,fifty squared minus nine,50 ² - 9,6
2492,fifty squared minus eight,50 ² - 8,6
2493,fifty squared minus seven,50 ² - 7,7
2494,fifty squared minus six,50 ² - 6,6
2495,fifty squared minus five,50 ² - 5,6
2496,fifty squared minus four,50 ² - 4,6
2497,fifty squared minus three,50 ² - 3,6
2498,fifty squared minus two,50 ² - 2,6
2499,fifty squared minus one,50 ² - 1,6
2500,fifty squared,50 ²,3
2501,ten thousand four fourths,10004 / 4,5
2502,ten thousand eight fourths,10008 / 4,5
2503,ten thousand twelve fourths,10012 / 4,5
2504,five thousand eight halves,5008 / 2,5
2505,five thousand ten halves,5010 / 2,5
2506,five thousand twelve halves,5012 / 2,5
2507,five thousand fourteen halves,5014 / 2,6
2508,fifty squared plus eight,50 ² + 8,5
2509,fifty squared plus nine,50 ² + 9,5
2510,fifty squared plus ten,50 ² + 10,5
2511,thirty-one times nine squared,31 * 9 ²,6
2512,fifty squared plus twelve,50 ² + 12,5
2513,fifty squared plus thirteen,50 ² + 13,6
2514,fifty squared plus fourteen,50 ² + 14,6
2515,five thousand thirty halves,5030 / 2,6
2516,fifty squared plus four squared,50 ² + 4 ²,6
2517,ten thousand sixty-eight fourths,10068 / 4,7
2518,fifty squared plus eighteen,50 ² + 18,6
2519,fifty squared plus nineteen,50 ² + 19,6
2520,five thousand forty halves,5040 / 2,6
2521,ten thousand eighty-four fourths,10084 / 4,7
2522,ten thousand eighty-eight fourths,10088 / 4,7
2523,eighty-seven squared thirds,87 ² / 3,6
2524,ten thousand ninety-six fourths,10096 / 4,7
2525,five thousand fifty halves,5050 / 2,6
2526,five thousand fifty-two halves,5052 / 2,7
2527,seven times nineteen squared,7 * 19 ²,6
2528,twelve cubed plus eight hundred,12 ³ + 800,6
2529,five thousand fifty-eight halves,5058 / 2,7
2530,five thousand sixty halves,5060 / 2,6
2531,five thousand sixty-two halves,5062 / 2,7
2532,five thousand sixty-four halves,5064 / 2,7
2533,five thousand sixty-six halves,5066 / 2,7
2534,five thousand sixty-eight halves,5068 / 2,7
2535,fifteen times thirteen squared,15 * 13 ²,6
2536,fifty squared plus six squared,50 ² + 6 ²,6
2537,forty-three times fifty-nine,43 * 59,7
2538,three cubed times ninety-four,3 ³ * 94,6
2539,fifty squared plus thirty-nine,50 ² + 39,7
2540,five thousand eighty halves,5080 / 2,6
2541,five thousand eighty-two halves,5082 / 2,7
2542,five thousand eighty-four halves,5084 / 2,7
2543,five thousand eighty-six halves,5086 / 2,7
2544,twelve times two hundred twelve,12 * 212,6
2545,five thousand ninety halves,5090 / 2,6
2546,five thousand ninety-two halves,5092 / 2,7
2547,five thousand ninety-four halves,5094 / 2,7
2548,thirteen times fourteen squared,13 * 14 ²,6
2549,five thousand ninety-eight halves,5098 / 2,7
2550,fifty times fifty-one,50 * 51,6
2551,five times eight cubed minus nine,5 * 8 ³ - 9,7
2552,five times eight cubed minus eight,5 * 8 ³ - 8,7
2553,fifty squared plus fifty-three,50 ² + 53,7
2554,five times eight cubed minus six,5 * 8 ³ - 6,7
2555,five times eight cubed minus five,5 * 8 ³ - 5,7
2556,twenty-three thousand four ninths,23004 / 9,7
2557,five times eight cubed minus three,5 * 8 ³ - 3,7
2558,five times eight cubed minus two,5 * 8 ³ - 2,7
2559,five times eight cubed minus one,5 * 8 ³ - 1,7
2560,five times eight cubed,5 * 8 ³,4
2561,five times eight cubed plus one,5 * 8 ³ + 1,6
2562,five times eight cubed plus two,5 * 8 ³ + 2,6
2563,five times eight cubed plus three,5 * 8 ³ + 3,6
2564,five times eight cubed plus four,5 * 8 ³ + 4,6
2565,three cubed times ninety-five,3 ³ * 95,6
2566,five times eight cubed plus six,5 * 8 ³ + 6,6
2567,five times eight cubed plus seven,5 * 8 ³ + 7,7
2568,five times eight cubed plus eight,5 * 8 ³ + 8,6
2569,five times eight cubed plus nine,5 * 8 ³ + 9,6
2570,five times eight cubed plus ten,5 * 8 ³ + 10,6
2571,fifty-one squared minus thirty,51 ² - 30,8
2572,five times eight cubed plus twelve,5 * 8 ³ + 12,6
2573,thirty-one times eighty-three,31 * 83,7
2574,thirty-nine times sixty-six,39 * 66,7
2575,five squared times one hundred three,5 ² * 103,7
2576,forty-six times fifty-six,46 * 56,7
2577,ten thousand three hundred eight fourths,10308 / 4,8
2578,five times eight cubed plus eighteen,5 * 8 ³ + 18,7
2579,five times eight cubed plus nineteen,5 * 8 ³ + 19,7
2580,forty-three times sixty,43 * 60,6
2581,fifty squared plus nine squared,50 ² + 9 ²,6
2582,twelve squared squared eighths minus ten,(12 ²) ² / 8 - 10,7
2583,twelve squared squared eighths minus nine,(12 ²) ² / 8 - 9,7
2584,thirty-one thousand eight twelfths,31008 / 12,7
2585,five times eight cubed plus five squared,5 * 8 ³ + 5 ²,7
2586,twelve squared squared eighths minus six,(12 ²) ² / 8 - 6,7
2587,twelve squared squared eighths minus five,(12 ²) ² / 8 - 5,7
2588,twelve squared squared eighths minus four,(12 ²) ² / 8 - 4,7
2589,fifty-one squared minus twelve,51 ² - 12,7
2590,fifty squared plus ninety,50 ² + 90,6
2591,fifty-one squared minus ten,51 ² - 10,7
2592,twelve squared squared eighths,(12 ²) ² / 8,4
2593,twelve squared squared eighths plus one,(12 ²) ² / 8 + 1,6
2594,twelve squared squared eighths plus two,(12 ²) ² / 8 + 2,6
2595,twelve squared squared eighths plus three,(12 ²) ² / 8 + 3,6
2596,twelve squared squared eighths plus four,(12 ²) ² / 8 + 4,6
2597,twelve squared squared eighths plus five,(12 ²) ² / 8 + 5,6
2598,twelve squared squared eighths plus six,(12 ²) ² / 8 + 6,6
2599,fifty-one squared minus two,51 ² - 2,7
2600,thirteen thousand fifths,13000 / 5,5
2601,fifty-one squared,51 ²,4
2602,thirteen thousand ten fifths,13010 / 5,6
2603,fifty-one squared plus two,51 ² + 2,6
2604,fifty-one squared plus three,51 ² + 3,6
2605,fifty-one squared plus four,51 ² + 4,6
2606,fifty-one squared plus five,51 ² + 5,6
2607,fifty-one squared plus six,51 ² + 6,6
2608,thirteen thousand fifths plus eight,13000 / 5 + 8,7
2609,fifty-one squared plus eight,51 ² + 8,6
2610,twenty-nine times ninety,29 * 90,6
2611,fifty-one squared plus ten,51 ² + 10,6
2612,thirteen thousand fifths plus twelve,13000 / 5 + 12,7
2613,fifty-one squared plus twelve,51 ² + 12,6
2614,fifty-one squared plus thirteen,51 ² + 13,7
2615,fifty-one squared plus fourteen,51 ² + 14,7
2616,twelve times two hundred eighteen,12 * 218,7
2617,fifty-one squared plus four squared,51 ² + 4 ²,7
2618,fifty-one squared plus twelve plus five,51 ² + 12 + 5,8
2619,fourteen cubed minus five cubed,14 ³ - 5 ³,7
2620,fifty-one squared plus nineteen,51 ² + 19,7
2621,fifty-one squared plus twenty,51 ² + 20,7
2622,thirty-eight times sixty-nine,38 * 69,7
2623,forty-three times sixty-one,43 * 61,7
2624,forty-one times four cubed,41 * 4 ³,6
2625,twenty-one times five cubed,21 * 5 ³,6
2626,twenty-one thousand eight eighths,21008 / 8,7
2627,twenty-one thousand sixteen eighths,21016 / 8,8
2628,twelve cubed plus thirty squared,12 ³ + 30 ²,6
2629,thirteen cubed plus twelve cubed fourths,13 ³ + 12 ³ / 4,7
2630,twelve cubed plus nine hundred two,12 ³ + 902,7
2631,fifty-one squared plus thirty,51 ² + 30,7
2632,fifty thousand eight nineteenths,50008 / 19,7
2633,twelve cubed plus nine hundred five,12 ³ + 905,7
2634,twelve cubed plus nine hundred six,12 ³ + 906,7
2635,thirty-one times eighty-five,31 * 85,7
2636,twelve cubed plus nine hundred eight,12 ³ + 908,7
2637,fifty-one squared plus six squared,51 ² + 6 ²,7
2638,twelve cubed plus nine hundred ten,12 ³ + 910,7
2639,twenty-nine times ninety-one,29 * 91,7
2640,forty-four times sixty,44 * 60,6
2641,fifty-one squared plus forty,51 ² + 40,7
2642,twelve squared squared eighths plus fifty,(12 ²) ² / 8 + 50,7
2643,three times eight hundred eighty-one,3 * 881,8
2644,fifty squared plus twelve squared,50 ² + 12 ²,6
2645,five times twenty-three squared,5 * 23 ²,6
2646,three cubed times ninety-eight,3 ³ * 98,6
2647,three cubed times ninety-eight plus one,3 ³ * 98 + 1,8
2648,fourteen cubed minus eight times twelve,14 ³ - 8 * 12,8
2649,fourteen cubed minus ninety-five,14 ³ - 95,8
2650,fifty times fifty-three,50 * 53,6
2651,fifty-one squared plus fifty,51 ² + 50,7
2652,fifty-one times fifty-two,51 * 52,7
2653,ten thousand six hundred twelve fourths,10612 / 4,8
2654,fourteen cubed minus ninety,14 ³ - 90,7
2655,ninety halves times fifty-nine,90 / 2 * 59,7
2656,four cubed halves times eighty-three,4 ³ / 2 * 83,7
2657,eight thousand one thirds minus ten,8001 / 3 - 10,8
2658,eight thousand ten thirds minus twelve,8010 / 3 - 12,8
2659,eight thousand four thirds minus nine,8004 / 3 - 9,8
2660,thirty-eight times seventy,38 * 70,7
2661,fifty-one squared plus sixty,51 ² + 60,7
2662,twenty-two cubed fourths,22 ³ / 4,5
2663,fourteen cubed minus nine squared,14 ³ - 9 ²,7
2664,fourteen cubed minus eighty,14 ³ - 80,7
2665,forty-one times sixty-five,41 * 65,7
2666,forty-three times sixty-two,43 * 62,7
2667,eight thousand one thirds,8001 / 3,5
2668,eight thousand four thirds,8004 / 3,5
2669,eight thousand seven thirds,8007 / 3,6
2670,eight thousand ten thirds,8010 / 3,5
2671,eight thousand thirteen thirds,8013 / 3,6
2672,eight thousand sixteen thirds,8016 / 3,6
2673,eight thousand nineteen thirds,8019 / 3,6
2674,eight thousand twenty-two thirds,8022 / 3,7
2675,eight thousand twenty-five thirds,8025 / 3,7
2676,eight thousand twenty-eight thirds,8028 / 3,7
2677,eight thousand thirty-one thirds,8031 / 3,7
2678,eight thousand thirty-four thirds,8034 / 3,7
2679,eight thousand ten thirds plus nine,8010 / 3 + 9,7
2680,fourteen cubed minus four cubed,14 ³ - 4 ³,7
2681,eight thousand forty-three thirds,8043 / 3,7
2682,eight thousand forty-six thirds,8046 / 3,7
2683,eight thousand forty-nine thirds,8049 / 3,7
2684,eight thousand fifty-two thirds,8052 / 3,7
2685,eight thousand fifty-five thirds,8055 / 3,7
2686,eight thousand fifty-eight thirds,8058 / 3,7
2687,eight thousand sixty-one thirds,8061 / 3,7
2688,forty-two times four cubed,42 * 4 ³,6
2689,twelve cubed plus thirty-one squared,12 ³ + 31 ²,7
2690,thirty cubed tenths minus ten,30 ³ / 10 - 10,7
2691,thirty cubed tenths minus nine,30 ³ / 10 - 9,7
2692,fifty-two squared minus twelve,52 ² - 12,7
2693,eight thousand seventy-nine thirds,8079 / 3,8
2694,eight thousand eighty-two thirds,8082 / 3,7
2695,eight thousand eighty-five thirds,8085 / 3,7
2696,eight thousand eighty-eight thirds,8088 / 3,7
2697,eight thousand ninety-one thirds,8091 / 3,7
2698,eight thousand ninety-four thirds,8094 / 3,7
2699,fifty-two squared minus five,52 ² - 5,7
2700,thirty cubed tenths,30 ³ / 10,4
2701,thirty cubed tenths plus one,30 ³ / 10 + 1,6
2702,thirty cubed tenths plus two,30 ³ / 10 + 2,6
2703,three times nine hundred one,3 * 901,6
2704,fifty-two squared,52 ²,4
2705,fifty-two squared plus one,52 ² + 1,6
2706,three times nine hundred two,3 * 902,6
2707,fifty-two squared plus three,52 ² + 3,6
2708,fifty-two squared plus four,52 ² + 4,6
2709,nine times three hundred one,9 * 301,6
2710,fifty-two squared plus six,52 ² + 6,6
2711,fifty-two squared plus seven,52 ² + 7,7
2712,three times nine hundred four,3 * 904,6
2713,fifty-two squared plus nine,52 ² + 9,6
2714,fifty-two squared plus ten,52 ² + 10,6
2715,three times nine hundred five,3 * 905,6
2716,fifty-two squared plus twelve,52 ² + 12,6
2717,fourteen cubed minus three cubed,14 ³ - 3 ³,7
2718,nine times three hundred two,9 * 302,6
2719,fourteen cubed minus five squared,14 ³ - 5 ²,7
2720,thirty-four times eighty,34 * 80,6
2721,three times nine hundred seven,3 * 907,7
2722,fifty-two squared plus eighteen,52 ² + 18,7
2723,fifty-two squared plus nineteen,52 ² + 19,7
2724,three times nine hundred eight,3 * 908,6
2725,fourteen cubed minus nineteen,14 ³ - 19,7
2726,fourteen cubed minus eighteen,14 ³ - 18,7
2727,nine times three hundred three,9 * 303,6
2728,twelve cubed plus ten cubed,12 ³ + 10 ³,5
2729,two thousand plus nine cubed,2000 + 9 ³,6
2730,thirty times ninety-one,30 * 91,6
2731,fourteen cubed minus thirteen,14 ³ - 13,7
2732,fourteen cubed minus twelve,14 ³ - 12,6
2733,twelve cubed plus ten cubed plus five,12 ³ + 10 ³ + 5,7
2734,fourteen cubed minus ten,14 ³ - 10,6
2735,fourteen cubed minus nine,14 ³ - 9,6
2736,nineteen times twelve squared,19 * 12 ²,5
2737,fourteen cubed minus seven,14 ³ - 7,7
2738,seventy-four squared halves,74 ² / 2,6
2739,fourteen cubed minus five,14 ³ - 5,6
2740,fourteen cubed minus four,14 ³ - 4,6
2741,fourteen cubed minus three,14 ³ - 3,6
2742,fourteen cubed minus two,14 ³ - 2,6
2743,fourteen cubed minus one,14 ³ - 1,6
2744,fourteen cubed,14 ³,3
2745,fourteen cubed plus one,14 ³ + 1,5
2746,fourteen cubed plus two,14 ³ + 2,5
2747,fourteen cubed plus three,14 ³ + 3,5
2748,fourteen cubed plus four,14 ³ + 4,5
2749,fourteen cubed plus five,14 ³ + 5,5
2750,fourteen cubed plus six,14 ³ + 6,5
2751,fourteen cubed plus seven,14 ³ + 7,6
2752,fourteen cubed plus eight,14 ³ + 8,5
2753,fourteen cubed plus nine,14 ³ + 9,5
2754,fourteen cubed plus ten,14 ³ + 10,5
2755,twenty-nine times ninety-five,29 * 95,7
2756,fourteen cubed plus twelve,14 ³ + 12,5
2757,fourteen cubed plus thirteen,14 ³ + 13,6
2758,fourteen cubed plus fourteen,14 ³ + 14,6
2759,fourteen cubed plus fifteen,14 ³ + 15,6
2760,forty-six times sixty,46 * 60,6
2761,fourteen cubed plus twelve plus five,14 ³ + 12 + 5,7
2762,fourteen cubed plus eighteen,14 ³ + 18,6
2763,fourteen cubed plus nineteen,14 ³ + 19,6
2764,fourteen cubed plus twenty,14 ³ + 20,6
2765,fourteen cubed plus twelve plus nine,14 ³ + 12 + 9,7
2766,fourteen cubed plus twelve plus ten,14 ³ + 12 + 10,7
2767,fourteen cubed plus twenty-three,14 ³ + 23,7
2768,fourteen cubed plus twelve plus twelve,14 ³ + 12 + 12,7
2769,fourteen cubed plus five squared,14 ³ + 5 ²,6
2770,fourteen cubed plus twenty-six,14 ³ + 26,7
2771,fourteen cubed plus three cubed,14 ³ + 3 ³,6
2772,nine times three hundred eight,9 * 308,6
2773,fourteen cubed plus twenty-nine,14 ³ + 29,7
2774,fourteen cubed plus thirty,14 ³ + 30,6
2775,fourteen cubed plus thirty-one,14 ³ + 31,7
2776,five times eight cubed plus six cubed,5 * 8 ³ + 6 ³,7
2777,four squared cubed halves plus nine cubed,(4 ²) ³ / 2 + 9 ³,7
2778,fifty thousand four halves ninths,50004 / 2 / 9,7
2779,fourteen cubed plus thirty-five,14 ³ + 35,7
2780,fourteen cubed plus six squared,14 ³ + 6 ²,6
2781,nine times three hundred nine,9 * 309,6
2782,fourteen cubed plus thirty-eight,14 ³ + 38,7
2783,fourteen cubed plus thirty-nine,14 ³ + 39,7
2784,fourteen cubed plus forty,14 ³ + 40,6
2785,fifty-two squared plus nine squared,52 ² + 9 ²,7
2786,fourteen cubed plus forty-two,14 ³ + 42,7
2787,fourteen cubed plus forty-three,14 ³ + 43,7
2788,forty-one times sixty-eight,41 * 68,7
2789,fourteen cubed plus ninety halves,14 ³ + 90 / 2,7
2790,thirty-one times ninety,31 * 90,6
2791,fourteen thousand fifths minus nine,14000 / 5 - 9,8
2792,fourteen cubed plus twelve squared thirds,14 ³ + 12 ² / 3,7
2793,fourteen cubed plus seven squared,14 ³ + 7 ²,7
2794,fourteen cubed plus fifty,14 ³ + 50,6
2795,forty-three times sixty-five,43 * 65,7
2796,fourteen cubed plus fifty-two,14 ³ + 52,7
2797,fifty-three squared minus twelve,53 ² - 12,7
2798,fourteen cubed plus six cubed fourths,14 ³ + 6 ³ / 4,7
2799,fifty-three squared minus ten,53 ² - 10,7
2800,fourteen thousand fifths,14000 / 5,5
2801,fourteen thousand five fifths,14005 / 5,6
2802,fourteen thousand ten fifths,14010 / 5,6
2803,fourteen thousand fifteen fifths,14015 / 5,7
2804,fourteen cubed plus sixty,14 ³ + 60,6
2805,fifty-three squared minus four,53 ² - 4,7
2806,fifty-three squared minus three,53 ² - 3,7
2807,fifty-three squared minus two,53 ² - 2,7
2808,thirteen times six cubed,13 * 6 ³,5
2809,fifty-three squared,53 ²,4
2810,fifty-three squared plus one,53 ² + 1,6
2811,fifty-three squared plus two,53 ² + 2,6
2812,fifty-three squared plus three,53 ² + 3,6
2813,fifty-three squared plus four,53 ² + 4,6
2814,fifty-three squared plus five,53 ² + 5,6
2815,fifty-three squared plus six,53 ² + 6,6
2816,forty-four times four cubed,44 * 4 ³,6
2817,fifty-three squared plus eight,53 ² + 8,6
2818,fifty-three squared plus nine,53 ² + 9,6
2819,fifty-three squared plus ten,53 ² + 10,6
2820,thirty times ninety-four,30 * 94,6
2821,fifty-three squared plus twelve,53 ² + 12,6
2822,thirty-four times eighty-three,34 * 83,7
2823,fifty-three squared plus fourteen,53 ² + 14,7
2824,fourteen cubed plus eighty,14 ³ + 80,6
2825,fourteen cubed plus nine squared,14 ³ + 9 ²,6
2826,nine times three hundred fourteen,9 * 314,7
2827,fifty-three squared plus eighteen,53 ² + 18,7
2828,fourteen times two hundred two,14 * 202,7
2829,forty-one times sixty-nine,41 * 69,7
2830,fourteen cubed plus eighty-six,14 ³ + 86,7
2831,three thousand minus thirteen squared,3000 - 13 ²,8
2832,twelve squared thirds times fifty-nine,12 ² / 3 * 59,7
2833,fourteen cubed plus eighty-nine,14 ³ + 89,7
2834,fourteen cubed plus ninety,14 ³ + 90,6
2835,thirty-five times nine squared,35 * 9 ²,6
2836,four times seven hundred nine,4 * 709,7
2837,fourteen cubed plus ninety-three,14 ³ + 93,7
2838,forty-three times sixty-six,43 * 66,7
2839,fifty-three squared plus thirty,53 ² + 30,7
2840,forty times seventy-one,40 * 71,7
2841,thirty-five times nine squared plus six,35 * 9 ² + 6,8
2842,seven squared times fifty-eight,7 ² * 58,7
2843,fourteen cubed plus ninety-nine,14 ³ + 99,7
2844,fourteen cubed plus ten squared,14 ³ + 10 ²,6
2845,fifty-three squared plus six squared,53 ² + 6 ²,7
2846,fourteen cubed plus ten squared plus two,14 ³ + 10 ² + 2,8
2847,thirty-nine times seventy-three,39 * 73,8
2848,four cubed halves times eighty-nine,4 ³ / 2 * 89,7
2849,fifty-three squared plus forty,53 ² + 40,7
2850,thirty times ninety-five,30 * 95,6
2851,thirty times ninety-five plus one,30 * 95 + 1,8
2852,forty-six times sixty-two,46 * 62,7
2853,twelve cubed plus nine thousand eighths,12 ³ + 9000 / 8,7
2854,thirty times ninety-five plus four,30 * 95 + 4,8
2855,thirty times ninety-five plus five,30 * 95 + 5,8
2856,three thousand minus twelve squared,3000 - 12 ²,7
2857,three thousand one minus twelve squared,3001 - 12 ²,8
2858,forty thousand twelve fourteenths,40012 / 14,7
2859,fifty-three squared plus fifty,53 ² + 50,7
2860,fifty-two times fifty-five,52 * 55,7
2861,fifty squared plus nineteen squared,50 ² + 19 ²,7
2862,fifty-three times six cubed fourths,53 * 6 ³ / 4,7
2863,fifteen cubed minus eight cubed,15 ³ - 8 ³,7
2864,fourteen cubed plus ten times twelve,14 ³ + 10 * 12,7
2865,three thousand nine minus twelve squared,3009 - 12 ²,8
2866,three thousand ten minus twelve squared,3010 - 12 ²,8
2867,eighty-six thousand ten thirds tenths,86010 / 3 / 10,8
2868,eight thousand six hundred four thirds,8604 / 3,8
2869,fourteen cubed plus five cubed,14 ³ + 5 ³,6
2870,forty-one times seventy,41 * 70,7
2871,sixty squared minus nine cubed,60 ² - 9 ³,7
2872,fourteen cubed plus eight cubed fourths,14 ³ + 8 ³ / 4,7
2873,seventeen times thirteen squared,17 * 13 ²,7
2874,ninety-three squared thirds minus nine,93 ² / 3 - 9,8
2875,twenty-three times five cubed,23 * 5 ³,6
2876,twenty-three thousand eight eighths,23008 / 8,7
2877,twenty-three thousand sixteen eighths,23016 / 8,8
2878,eight times nineteen squared minus ten,8 * 19 ² - 10,8
2879,eight times nineteen squared minus nine,8 * 19 ² - 9,8
2880,six squared times eighty,6 ² * 80,5
2881,six squared times eighty plus one,6 ² * 80 + 1,7
2882,six squared times eighty plus two,6 ² * 80 + 2,7
2883,ninety-three squared thirds,93 ² / 3,5
2884,fourteen times two hundred six,14 * 206,7
2885,ninety-three squared thirds plus two,93 ² / 3 + 2,7
2886,ninety-three squared thirds plus three,93 ² / 3 + 3,7
2887,ninety-three squared thirds plus four,93 ² / 3 + 4,7
2888,eight times nineteen squared,8 * 19 ²,5
2889,twenty-six thousand one ninths,26001 / 9,7
2890,ten times seventeen squared,10 * 17 ²,6
2891,seven squared times fifty-nine,7 ² * 59,7
2892,eight times nineteen squared plus four,8 * 19 ² + 4,7
2893,eight times nineteen squared plus five,8 * 19 ² + 5,7
2894,eight times nineteen squared plus six,8 * 19 ² + 6,7
2895,ninety-three squared thirds plus twelve,93 ² / 3 + 12,7
2896,eight times nineteen squared plus eight,8 * 19 ² + 8,7
2897,eight times nineteen squared plus nine,8 * 19 ² + 9,7
2898,forty-six times sixty-three,46 * 63,7
2899,fifty-three squared plus ninety,53 ² + 90,7
2900,twenty-nine times ten squared,29 * 10 ²,6
2901,twenty-nine thousand ten tenths,29010 / 10,7
2902,two thousand nine hundred two,2902,7
2903,two thousand nine hundred three,2903,7
2904,six times twenty-two squared,6 * 22 ²,6
2905,thirty-five times eighty-three,35 * 83,7
2906,six cubed fourths squared minus ten,(6 ³ / 4) ² - 10,7
2907,six cubed fourths squared minus nine,(6 ³ / 4) ² - 9,7
2908,six cubed fourths squared minus eight,(6 ³ / 4) ² - 8,7
2909,fifty-three squared plus ten squared,53 ² + 10 ²,7
2910,six cubed fourths squared minus six,(6 ³ / 4) ² - 6,7
2911,six cubed fourths squared minus five,(6 ³ / 4) ² - 5,7
2912,six cubed fourths squared minus four,(6 ³ / 4) ² - 4,7
2913,six cubed fourths squared minus three,(6 ³ / 4) ² - 3,7
2914,six cubed fourths squared minus two,(6 ³ / 4) ² - 2,7
2915,six cubed fourths squared minus one,(6 ³ / 4) ² - 1,7
2916,six cubed fourths squared,(6 ³ / 4) ²,4
2917,six cubed fourths squared plus one,(6 ³ / 4) ² + 1,6
2918,six cubed fourths squared plus two,(6 ³ / 4) ² + 2,6
2919,six cubed fourths squared plus three,(6 ³ / 4) ² + 3,6
2920,six cubed fourths squared plus four,(6 ³ / 4) ² + 4,6
2921,six cubed fourths squared plus five,(6 ³ / 4) ² + 5,6
2922,six cubed fourths squared plus six,(6 ³ / 4) ² + 6,6
2923,six cubed fourths squared plus seven,(6 ³ / 4) ² + 7,7
2924,six cubed fourths squared plus eight,(6 ³ / 4) ² + 8,6
2925,thirteen times fifteen squared,13 * 15 ²,6
2926,six cubed fourths squared plus ten,(6 ³ / 4) ² + 10,6
2927,three thousand eight minus nine squared,3008 - 9 ²,8
2928,six cubed fourths squared plus twelve,(6 ³ / 4) ² + 12,6
2929,six cubed fourths squared plus thirteen,(6 ³ / 4) ² + 13,7
2930,six cubed fourths squared plus fourteen,(6 ³ / 4) ² + 14,7
2931,six cubed fourths squared plus fifteen,(6 ³ / 4) ² + 15,7
2932,six cubed fourths squared plus four squared,(6 ³ / 4) ² + 4 ²,7
2933,seven times four hundred nineteen,7 * 419,8
2934,six cubed fourths squared plus eighteen,(6 ³ / 4) ² + 18,7
2935,six cubed fourths squared plus nineteen,(6 ³ / 4) ² + 19,7
2936,three thousand minus four cubed,3000 - 4 ³,7
2937,thirty-three times eighty-nine,33 * 89,7
2938,three thousand two minus four cubed,3002 - 4 ³,8
2939,three thousand three minus four cubed,3003 - 4 ³,8
2940,seven squared times sixty,7 ² * 60,6
2941,six cubed fourths squared plus five squared,(6 ³ / 4) ² + 5 ²,7
2942,three thousand six minus four cubed,3006 - 4 ³,8
2943,three cubed times one hundred nine,3 ³ * 109,7
2944,forty-six times four cubed,46 * 4 ³,6
2945,thirty-one times ninety-five,31 * 95,7
2946,six cubed fourths squared plus thirty,(6 ³ / 4) ² + 30,7
2947,six times eight cubed minus five cubed,6 * 8 ³ - 5 ³,8
2948,fifty-six thousand twelve nineteenths,56012 / 19,8
2949,three thousand nine minus sixty,3009 - 60,8
2950,fifty times fifty-nine,50 * 59,6
2951,five thousand nine hundred two halves,5902 / 2,8
2952,six squared times eighty-two,6 ² * 82,6
2953,fifty-three squared plus twelve squared,53 ² + 12 ²,7
2954,five thousand nine hundred eight halves,5908 / 2,8
2955,five thousand nine hundred ten halves,5910 / 2,8
2956,six cubed fourths squared plus forty,(6 ³ / 4) ² + 40,7
2957,three thousand minus forty-three,3000 - 43,8
2958,fifty-one times fifty-eight,51 * 58,7
2959,three thousand nine minus fifty,3009 - 50,8
2960,fourteen cubed plus six cubed,14 ³ + 6 ³,6
2961,fifty-five squared minus four cubed,55 ² - 4 ³,8
2962,three thousand twelve minus fifty,3012 - 50,8
2963,eighty thousand one thirds ninths,80001 / 3 / 9,7
2964,three thousand minus six squared,3000 - 6 ²,7
2965,fifty-five squared minus sixty,55 ² - 60,8
2966,six cubed fourths squared plus fifty,(6 ³ / 4) ² + 50,7
2967,forty-three times sixty-nine,43 * 69,7
2968,fifty-three times fifty-six,53 * 56,7
2969,fourteen cubed plus fifteen squared,14 ³ + 15 ²,7
2970,thirty-three times ninety,33 * 90,6
2971,three thousand one minus thirty,3001 - 30,8
2972,six times eight cubed minus ten squared,6 * 8 ³ - 10 ²,8
2973,three thousand minus three cubed,3000 - 3 ³,7
2974,three thousand ten minus six squared,3010 - 6 ²,8
2975,three thousand minus five squared,3000 - 5 ²,7
2976,twelve squared thirds times sixty-two,12 ² / 3 * 62,7
2977,three thousand four minus three cubed,3004 - 3 ³,8
2978,twelve cubed plus ten squared squared eighths,12 ³ + (10 ²) ² / 8,7
2979,thirty cubed twelfths plus nine cubed,30 ³ / 12 + 9 ³,7
2980,three thousand minus twenty,3000 - 20,7
2981,three thousand minus nineteen,3000 - 19,7
2982,three thousand minus eighteen,3000 - 18,7
2983,three thousand ten minus three cubed,3010 - 3 ³,8
2984,three thousand minus four squared,3000 - 4 ²,7
2985,three thousand minus fifteen,3000 - 15,7
2986,three thousand minus fourteen,3000 - 14,7
2987,three thousand minus thirteen,3000 - 13,7
2988,three thousand minus twelve,3000 - 12,6
2989,three thousand one minus twelve,3001 - 12,7
2990,three thousand minus ten,3000 - 10,6
2991,three thousand minus nine,3000 - 9,6
2992,three thousand minus eight,3000 - 8,6
2993,three thousand five minus twelve,3005 - 12,7
2994,three thousand minus six,3000 - 6,6
2995,three thousand minus five,3000 - 5,6
2996,three thousand minus four,3000 - 4,6
2997,three thousand minus three,3000 - 3,6
2998,three thousand minus two,3000 - 2,6
2999,three thousand minus one,3000 - 1,6
3000,three thousand,3000,3
3001,three thousand one,3001,4
3002,three thousand two,3002,4
3003,three thousand three,3003,4
3004,three thousand four,3004,4
3005,three thousand five,3005,4
3006,three thousand six,3006,4
3007,three thousand seven,3007,5
3008,three thousand eight,3008,4
3009,three thousand nine,3009,4
3010,three thousand ten,3010,4
3011,three thousand ten plus one,3010 + 1,6
3012,three thousand twelve,3012,4
3013,three thousand thirteen,3013,5
3014,three thousand fourteen,3014,5
3015,three thousand fifteen,3015,5
3016,three thousand sixteen,3016,5
3017,three thousand twelve plus five,3012 + 5,6
3018,three thousand eighteen,3018,5
3019,three thousand nineteen,3019,5
3020,three thousand twenty,3020,5
3021,three thousand twelve plus nine,3012 + 9,6
3022,three thousand twelve plus ten,3012 + 10,6
3023,three thousand twenty-three,3023,6
3024,fourteen times six cubed,14 * 6 ³,5
3025,fifty-five squared,55 ²,4
3026,fifty-five squared plus one,55 ² + 1,6
3027,three times one thousand nine,3 * 1009,6
3028,fifty-five squared plus three,55 ² + 3,6
3029,fifty-five squared plus four,55 ² + 4,6
3030,three thousand thirty,3030,5
3031,fifty-five squared plus six,55 ² + 6,6
3032,three thousand thirty-two,3032,6
3033,fifty-five squared plus eight,55 ² + 8,6
3034,fifty-five squared plus nine,55 ² + 9,6
3035,fifty-five squared plus ten,55 ² + 10,6
3036,six times five hundred six,6 * 506,6
3037,fifty-five squared plus twelve,55 ² + 12,6
3038,three thousand thirty-eight,3038,6
3039,three thousand thirty-nine,3039,6
3040,three thousand forty,3040,5
3041,three thousand forty-one,3041,6
3042,seventy-eight squared halves,78 ² / 2,6
3043,three thousand forty-three,3043,6
3044,three thousand forty-four,3044,6
3045,six thousand ninety halves,6090 / 2,6
3046,three thousand forty-six,3046,6
3047,six thousand ninety-four halves,6094 / 2,7
3048,six times five hundred eight,6 * 508,6
3049,three thousand forty-nine,3049,6
3050,three thousand fifty,3050,5
3051,three thousand fifty-one,3051,6
3052,three thousand fifty-two,3052,6
3053,three thousand fifty-three,3053,6
3054,six times five hundred nine,6 * 509,6
3055,three thousand fifty-five,3055,6
3056,three thousand fifty-six,3056,6
3057,three times one thousand nineteen,3 * 1019,7
3058,three thousand fifty-eight,3058,6
3059,three thousand fifty-nine,3059,6
3060,three thousand sixty,3060,5
3061,three thousand sixty-one,3061,6
3062,three thousand sixty-two,3062,6
3063,three thousand sixty-three,3063,6
3064,three thousand plus four cubed,3000 + 4 ³,6
3065,three thousand sixty-five,3065,6
3066,three thousand sixty-six,3066,6
3067,six times eight cubed minus five,6 * 8 ³ - 5,7
3068,three thousand sixty-eight,3068,6
3069,three thousand sixty-nine,3069,6
3070,three thousand seventy,3070,6
3071,six times eight cubed minus one,6 * 8 ³ - 1,7
3072,six times eight cubed,6 * 8 ³,4
3073,six times eight cubed plus one,6 * 8 ³ + 1,6
3074,six times eight cubed plus two,6 * 8 ³ + 2,6
3075,six times eight cubed plus three,6 * 8 ³ + 3,6
3076,six times eight cubed plus four,6 * 8 ³ + 4,6
3077,six times eight cubed plus five,6 * 8 ³ + 5,6
3078,thirty-eight times nine squared,38 * 9 ²,6
3079,six times eight cubed plus seven,6 * 8 ³ + 7,7
3080,three thousand eighty,3080,5
3081,six times eight cubed plus nine,6 * 8 ³ + 9,6
3082,six times eight cubed plus ten,6 * 8 ³ + 10,6
3083,three thousand eighty-three,3083,6
3084,six times eight cubed plus twelve,6 * 8 ³ + 12,6
3085,three thousand eighty-five,3085,6
3086,three thousand eighty-six,3086,6
3087,twenty-one cubed thirds,21 ³ / 3,5
3088,three thousand eighty-eight,3088,6
3089,three thousand eighty-nine,3089,6
3090,three thousand ninety,3090,5
3091,three thousand ninety-one,3091,6
3092,three thousand ninety-two,3092,6
3093,three thousand ninety-three,3093,6
3094,three thousand ninety-four,3094,6
3095,three thousand ninety-five,3095,6
3096,six squared times eighty-six,6 ² * 86,6
3097,twenty-one cubed thirds plus ten,21 ³ / 3 + 10,7
3098,three thousand ninety-eight,3098,6
3099,three thousand ninety-nine,3099,6
3100,thirty-one times ten squared,31 * 10 ²,6
3101,thirty-one thousand ten tenths,31010 / 10,7
3102,thirty-three times ninety-four,33 * 94,7
3103,three thousand three plus ten squared,3003 + 10 ²,7
3104,three thousand four plus ten squared,3004 + 10 ²,7
3105,ninety halves times sixty-nine,90 / 2 * 69,7
3106,fifty-five squared plus nine squared,55 ² + 9 ²,7
3107,five to the fifth minus eighteen,5 ⁵ - 18,8
3108,six times five hundred eighteen,6 * 518,7
3109,three thousand nine plus ten squared,3009 + 10 ²,7
3110,three thousand ten plus ten squared,3010 + 10 ²,7
3111,fifty-one times sixty-one,51 * 61,7
3112,twenty-eight thousand eight ninths,28008 / 9,7
3113,five to the fifth minus twelve,5 ⁵ - 12,7
3114,six times five hundred nineteen,6 * 519,7
3115,five to the fifth minus ten,5 ⁵ - 10,7
3116,five to the fifth minus nine,5 ⁵ - 9,7
3117,five to the fifth minus eight,5 ⁵ - 8,7
3118,fifty-six squared minus eighteen,56 ² - 18,8
3119,five to the fifth minus six,5 ⁵ - 6,7
3120,fifty-two times sixty,52 * 60,6
3121,five to the fifth minus four,5 ⁵ - 4,7
3122,five to the fifth minus three,5 ⁵ - 3,7
3123,five to the fifth minus two,5 ⁵ - 2,7
3124,fifty-six squared minus twelve,56 ² - 12,7
3125,five to the fifth,5 ⁵,4
3126,five to the fifth plus one,5 ⁵ + 1,6
3127,five to the fifth plus two,5 ⁵ + 2,6
3128,five to the fifth plus three,5 ⁵ + 3,6
3129,five to the fifth plus four,5 ⁵ + 4,6
3130,five to the fifth plus five,5 ⁵ + 5,6
3131,five to the fifth plus six,5 ⁵ + 6,6
3132,fifty-six squared minus four,56 ² - 4,7
3133,five to the fifth plus eight,5 ⁵ + 8,6
3134,five to the fifth plus nine,5 ⁵ + 9,6
3135,five to the fifth plus ten,5 ⁵ + 10,6
3136,fifty-six squared,56 ²,4
3137,fifty-six squared plus one,56 ² + 1,6
3138,fifty-six squared plus two,56 ² + 2,6
3139,fifty-six squared plus three,56 ² + 3,6
3140,fifty-six squared plus four,56 ² + 4,6
3141,fifty-six squared plus five,56 ² + 5,6
3142,fifty-six squared plus six,56 ² + 6,6
3143,fifty-six squared plus seven,56 ² + 7,7
3144,fifty-six squared plus eight,56 ² + 8,6
3145,fifty-six squared plus nine,56 ² + 9,6
3146,fifty-six squared plus ten,56 ² + 10,6
3147,three thousand three plus twelve squared,3003 + 12 ²,7
3148,fifty-six squared plus twelve,56 ² + 12,6
3149,fifty-six squared plus thirteen,56 ² + 13,7
3150,thirty-five times ninety,35 * 90,6
3151,fifty-six squared plus fifteen,56 ² + 15,7
3152,fifty-six squared plus four squared,56 ² + 4 ²,7
3153,six times eight cubed plus nine squared,6 * 8 ³ + 9 ²,7
3154,thirty-eight times eighty-three,38 * 83,7
3155,fifty-six squared plus nineteen,56 ² + 19,7
3156,fifty-six squared plus twenty,56 ² + 20,7
3157,seven times nine hundred two halves,7 * 902 / 2,8
3158,sixty thousand two nineteenths,60002 / 19,7
3159,thirty-nine times nine squared,39 * 9 ²,6
3160,forty times seventy-nine,40 * 79,7
3161,fifty-six squared plus five squared,56 ² + 5 ²,7
3162,fifty-one times sixty-two,51 * 62,7
3163,fifty-six squared plus three cubed,56 ² + 3 ³,7
3164,eighty squared halves minus six squared,80 ² / 2 - 6 ²,8
3165,five to the fifth plus forty,5 ⁵ + 40,7
3166,fifty-six squared plus thirty,56 ² + 30,7
3167,nineteen thousand two sixths,19002 / 6,6
3168,nineteen thousand eight sixths,19008 / 6,6
3169,nineteen thousand fourteen sixths,19014 / 6,7
3170,nineteen thousand twenty halves thirds,19020 / 2 / 3,8
3171,nineteen thousand twenty-six sixths,19026 / 6,8
3172,fifty-two times sixty-one,52 * 61,7
3173,nineteen thousand thirty-eight sixths,19038 / 6,8
3174,six times twenty-three squared,6 * 23 ²,6
3175,five to the fifth plus fifty,5 ⁵ + 50,7
3176,fifty-six squared plus forty,56 ² + 40,7
3177,nineteen thousand sixty-two sixths,19062 / 6,8
3178,nineteen thousand sixty-eight sixths,19068 / 6,8
3179,fifteen cubed minus fourteen squared,15 ³ - 14 ²,8
3180,fifty-three times sixty,53 * 60,6
3181,nineteen thousand eighty-six sixths,19086 / 6,8
3182,nineteen thousand ninety-two sixths,19092 / 6,8
3183,nineteen thousand ninety-eight sixths,19098 / 6,8
3184,eighty squared halves minus four squared,80 ² / 2 - 4 ²,8
3185,seven squared times sixty-five,7 ² * 65,7
3186,six cubed fourths times fifty-nine,6 ³ / 4 * 59,7
3187,three cubed cubed ninths plus ten cubed,(3 ³) ³ / 9 + 10 ³,7
3188,eighty squared halves minus twelve,80 ² / 2 - 12,7
3189,five to the fifth plus four cubed,5 ⁵ + 4 ³,7
3190,eighty squared halves minus ten,80 ² / 2 - 10,7
3191,eighty squared halves minus nine,80 ² / 2 - 9,7
3192,eighty squared halves minus eight,80 ² / 2 - 8,7
3193,eighty squared halves minus seven,80 ² / 2 - 7,8
3194,eighty squared halves minus six,80 ² / 2 - 6,7
3195,eighty squared halves minus five,80 ² / 2 - 5,7
3196,eighty squared halves minus four,80 ² / 2 - 4,7
3197,thirteen cubed plus ten cubed,13 ³ + 10 ³,6
3198,eighty squared halves minus two,80 ² / 2 - 2,7
3199,eighty squared halves minus one,80 ² / 2 - 1,7
3200,eighty squared halves,80 ² / 2,4
3201,sixteen thousand five fifths,16005 / 5,6
3202,sixteen thousand ten fifths,16010 / 5,6
3203,eighty squared halves plus three,80 ² / 2 + 3,6
3204,six squared times eighty-nine,6 ² * 89,6
3205,eighty squared halves plus five,80 ² / 2 + 5,6
3206,eighty squared halves plus six,80 ² / 2 + 6,6
3207,eighty squared halves plus seven,80 ² / 2 + 7,7
3208,eight times four hundred one,8 * 401,6
3209,eighty squared halves plus nine,80 ² / 2 + 9,6
3210,eighty squared halves plus ten,80 ² / 2 + 10,6
3211,nineteen times thirteen squared,19 * 13 ²,6
3212,four times eight hundred three,4 * 803,6
3213,fifty-one times sixty-three,51 * 63,7
3214,eighty squared halves plus fourteen,80 ² / 2 + 14,7
3215,eighty squared halves plus fifteen,80 ² / 2 + 15,7
3216,eight times four hundred two,8 * 402,6
3217,fifty-six squared plus nine squared,56 ² + 9 ²,7
3218,eighty squared halves plus eighteen,80 ² / 2 + 18,7
3219,eighty squared halves plus nineteen,80 ² / 2 + 19,7
3220,four times eight hundred five,4 * 805,6
3221,three thousand five plus six cubed,3005 + 6 ³,7
3222,three thousand six plus six cubed,3006 + 6 ³,7
3223,twenty-nine thousand seven ninths,29007 / 9,8
3224,eight times four hundred three,8 * 403,6
3225,eighty squared halves plus five squared,80 ² / 2 + 5 ²,7
3226,fifty-six squared plus ninety,56 ² + 90,7
3227,eighty squared halves plus three cubed,80 ² / 2 + 3 ³,7
3228,four times eight hundred seven,4 * 807,7
3229,fifty squared plus nine cubed,50 ² + 9 ³,6
3230,thirty-eight times eighty-five,38 * 85,7
3231,fifteen cubed minus twelve squared,15 ³ - 12 ²,7
3232,eight times four hundred four,8 * 404,6
3233,fifty-three times sixty-one,53 * 61,7
3234,seven squared times sixty-six,7 ² * 66,7
3235,forty times nine squared minus five,40 * 9 ² - 5,8
3236,four times eight hundred nine,4 * 809,6
3237,thirty-nine times eighty-three,39 * 83,7
3238,thirteen thousand fourths minus twelve,13000 / 4 - 12,8
3239,fifty-seven squared minus ten,57 ² - 10,8
3240,forty times nine squared,40 * 9 ²,5
3241,forty times nine squared plus one,40 * 9 ² + 1,7
3242,forty times nine squared plus two,40 * 9 ² + 2,7
3243,forty times nine squared plus three,40 * 9 ² + 3,7
3244,forty times nine squared plus four,40 * 9 ² + 4,7
3245,fifty-five times fifty-nine,55 * 59,7
3246,forty times nine squared plus six,40 * 9 ² + 6,7
3247,thirteen thousand fourths minus three,13000 / 4 - 3,8
3248,eight times four hundred six,8 * 406,6
3249,fifty-seven squared,57 ²,5
3250,thirteen thousand fourths,13000 / 4,5
3251,thirteen thousand four fourths,13004 / 4,6
3252,thirteen thousand eight fourths,13008 / 4,6
3253,thirteen thousand twelve fourths,13012 / 4,6
3254,thirteen thousand sixteen fourths,13016 / 4,7
3255,thirty-five times ninety-three,35 * 93,7
3256,fourteen cubed plus eight cubed,14 ³ + 8 ³,6
3257,fifty-seven squared plus eight,57 ² + 8,7
3258,thirteen thousand fourths plus eight,13000 / 4 + 8,7
3259,thirteen thousand fourths plus nine,13000 / 4 + 9,7
3260,four times eight hundred fifteen,4 * 815,7
3261,fifty-seven squared plus twelve,57 ² + 12,7
3262,thirteen thousand fourths plus twelve,13000 / 4 + 12,7
3263,thirteen thousand fifty-two fourths,13052 / 4,8
3264,fifty-one times four cubed,51 * 4 ³,6
3265,thirteen thousand sixty halves halves,13060 / 2 / 2,8
3266,thirteen thousand sixty-four fourths,13064 / 4,8
3267,ninety-nine squared thirds,99 ² / 3,5
3268,thirty-eight times eighty-six,38 * 86,7
3269,ninety-nine squared thirds plus two,99 ² / 3 + 2,7
3270,thirty times one hundred nine,30 * 109,7
3271,four thousand minus nine cubed,4000 - 9 ³,7
3272,eight times four hundred nine,8 * 409,6
3273,ninety-nine squared thirds plus six,99 ² / 3 + 6,7
3274,thirteen thousand ninety-six fourths,13096 / 4,8
3275,fifteen cubed minus ten squared,15 ³ - 10 ²,7
3276,six squared times ninety-one,6 ² * 91,6
3277,ninety-nine squared thirds plus ten,99 ² / 3 + 10,7
3278,fifty-nine thousand four halves ninths,59004 / 2 / 9,8
3279,ninety-nine squared thirds plus twelve,99 ² / 3 + 12,7
3280,forty-one times eighty,41 * 80,6
3281,eighty squared halves plus nine squared,80 ² / 2 + 9 ²,7
3282,five thousand ten minus twelve cubed,5010 - 12 ³,8
3283,four thousand twelve minus nine cubed,4012 - 9 ³,8
3284,five thousand twelve minus twelve cubed,5012 - 12 ³,8
3285,fifteen cubed minus ninety,15 ³ - 90,7
3286,fifty-three times sixty-two,53 * 62,7
3287,twenty-three thousand nine sevenths,23009 / 7,8
3288,six times eight cubed plus six cubed,6 * 8 ³ + 6 ³,7
3289,five times eight cubed plus nine cubed,5 * 8 ³ + 9 ³,7
3290,thirty-five times ninety-four,35 * 94,7
3291,fifteen cubed minus eighty-four,15 ³ - 84,8
3292,fifteen cubed minus eighty-three,15 ³ - 83,8
3293,fifteen cubed minus eighty-two,15 ³ - 82,8
3294,fifteen cubed minus nine squared,15 ³ - 9 ²,7
3295,fifteen cubed minus eighty,15 ³ - 80,7
3296,eight times four hundred twelve,8 * 412,6
3297,three times one thousand ninety-nine,3 * 1099,8
3298,thirty-four times ninety-seven,34 * 97,8
3299,eight times four hundred twelve plus three,8 * 412 + 3,8
3300,fifty-five times sixty,55 * 60,6
3301,thirty-three thousand ten tenths,33010 / 10,7
3302,three thousand three hundred two,3302,7
3303,three thousand three hundred three,3303,7
3304,fifty-six times fifty-nine,56 * 59,7
3305,three thousand three hundred five,3305,7
3306,three thousand three hundred six,3306,7
3307,fifteen cubed minus sixty-eight,15 ³ - 68,8
3308,three thousand three hundred eight,3308,7
3309,three thousand three hundred nine,3309,7
3310,three thousand three hundred ten,3310,7
3311,fifteen cubed minus four cubed,15 ³ - 4 ³,7
3312,twenty-three times twelve squared,23 * 12 ²,6
3313,fifty-three thousand eight halves eighths,53008 / 2 / 8,8
3314,fifty-eight squared minus fifty,58 ² - 50,8
3315,fifteen cubed minus sixty,15 ³ - 60,7
3316,sixty-three thousand four nineteenths,63004 / 19,8
3317,fifteen cubed minus fifty-eight,15 ³ - 58,8
3318,forty-two times seventy-nine,42 * 79,8
3319,fifteen cubed minus fifty-six,15 ³ - 56,8
3320,forty times eighty-three,40 * 83,6
3321,forty-one times nine squared,41 * 9 ²,6
3322,ten thousand two thirds minus twelve,10002 / 3 - 12,8
3323,ten thousand five thirds minus twelve,10005 / 3 - 12,8
3324,three thousand plus eighteen squared,3000 + 18 ²,7
3325,fifteen cubed minus fifty,15 ³ - 50,7
3326,ten thousand eight thirds minus ten,10008 / 3 - 10,8
3327,ten thousand eight thirds minus nine,10008 / 3 - 9,8
3328,fifty-two times four cubed,52 * 4 ³,6
3329,ten thousand five thirds minus six,10005 / 3 - 6,8
3330,thirty-seven times ninety,37 * 90,7
3331,ten thousand eight thirds minus five,10008 / 3 - 5,8
3332,seven squared times sixty-eight,7 ² * 68,7
3333,ten thousand eight thirds minus three,10008 / 3 - 3,8
3334,ten thousand two thirds,10002 / 3,5
3335,ten thousand five thirds,10005 / 3,5
3336,ten thousand eight thirds,10008 / 3,5
3337,ten thousand eleven thirds,10011 / 3,7
3338,ten thousand fourteen thirds,10014 / 3,6
3339,ten thousand seventeen thirds,10017 / 3,7
3340,ten times four thousand eight twelfths,10 * 4008 / 12,7
3341,ten thousand twenty-three thirds,10023 / 3,7
3342,ten thousand twenty-six thirds,10026 / 3,7
3343,ten thousand twenty-nine thirds,10029 / 3,7
3344,ten thousand thirty-two thirds,10032 / 3,7
3345,ten thousand thirty-five thirds,10035 / 3,7
3346,ten thousand thirty-eight thirds,10038 / 3,7
3347,ten thousand forty-one thirds,10041 / 3,7
3348,six squared times ninety-three,6 ² * 93,6
3349,twenty thousand ninety-four sixths,20094 / 6,8
3350,fifteen cubed minus five squared,15 ³ - 5 ²,7
3351,ten thousand fifty-three thirds,10053 / 3,7
3352,ten thousand fifty-six thirds,10056 / 3,7
3353,ten thousand fifty-nine thirds,10059 / 3,7
3354,ten thousand sixty-two thirds,10062 / 3,7
3355,ten thousand sixty-five thirds,10065 / 3,7
3356,ten thousand sixty-eight thirds,10068 / 3,7
3357,fifteen cubed minus eighteen,15 ³ - 18,7
3358,fifty-eight squared minus six,58 ² - 6,7
3359,fifty-eight squared minus five,58 ² - 5,7
3360,fifty-six times sixty,56 * 60,6
3361,ten thousand eighty-three thirds,10083 / 3,7
3362,eighty-two squared halves,82 ² / 2,5
3363,fifteen cubed minus twelve,15 ³ - 12,6
3364,fifty-eight squared,58 ²,4
3365,fifteen cubed minus ten,15 ³ - 10,6
3366,fifteen cubed minus nine,15 ³ - 9,6
3367,fifteen cubed minus eight,15 ³ - 8,6
3368,fifty-eight squared plus four,58 ² + 4,6
3369,fifteen cubed minus six,15 ³ - 6,6
3370,fifteen cubed minus five,15 ³ - 5,6
3371,fifteen cubed minus four,15 ³ - 4,6
3372,fifteen cubed minus three,15 ³ - 3,6
3373,fifteen cubed minus two,15 ³ - 2,6
3374,fifteen cubed minus one,15 ³ - 1,6
3375,fifteen cubed,15 ³,3
3376,fifteen cubed plus one,15 ³ + 1,5
3377,fifteen cubed plus two,15 ³ + 2,5
3378,fifteen cubed plus three,15 ³ + 3,5
3379,fifteen cubed plus four,15 ³ + 4,5
3380,fifteen cubed plus five,15 ³ + 5,5
3381,fifteen cubed plus six,15 ³ + 6,5
3382,fifteen cubed plus seven,15 ³ + 7,6
3383,fifteen cubed plus eight,15 ³ + 8,5
3384,fifteen cubed plus nine,15 ³ + 9,5
3385,fifteen cubed plus ten,15 ³ + 10,5
3386,fifteen cubed plus ten plus one,15 ³ + 10 + 1,7
3387,fifteen cubed plus twelve,15 ³ + 12,5
3388,fifteen cubed plus thirteen,15 ³ + 13,6
3389,fifteen cubed plus fourteen,15 ³ + 14,6
3390,fifteen cubed plus fifteen,15 ³ + 15,6
3391,fifteen cubed plus four squared,15 ³ + 4 ²,6
3392,fifty-three times four cubed,53 * 4 ³,6
3393,fifteen cubed plus eighteen,15 ³ + 18,6
3394,fifteen cubed plus nineteen,15 ³ + 19,6
3395,fifteen cubed plus twenty,15 ³ + 20,6
3396,fifteen cubed plus twelve plus nine,15 ³ + 12 + 9,7
3397,fifteen cubed plus twelve plus ten,15 ³ + 12 + 10,7
3398,fifteen cubed plus twenty-three,15 ³ + 23,7
3399,fifteen cubed plus twelve plus twelve,15 ³ + 12 + 12,7
3400,seventeen thousand fifths,17000 / 5,6
3401,thirty-four thousand ten tenths,34010 / 10,7
3402,forty-two times nine squared,42 * 9 ²,6
3403,forty-one times eighty-three,41 * 83,7
3404,fifty-eight squared plus forty,58 ² + 40,7
3405,fifteen cubed plus thirty,15 ³ + 30,6
3406,fifteen cubed plus thirty-one,15 ³ + 31,7
3407,fifteen cubed plus four cubed halves,15 ³ + 4 ³ / 2,7
3408,fifteen cubed plus thirty-three,15 ³ + 33,7
3409,fifteen cubed plus thirty-four,15 ³ + 34,7
3410,fifty-five times sixty-two,55 * 62,7
3411,fifteen cubed plus six squared,15 ³ + 6 ²,6
3412,three thousand four hundred twelve,3412,7
3413,fifteen cubed plus thirty-eight,15 ³ + 38,7
3414,fifty-eight squared plus fifty,58 ² + 50,7
3415,fifteen cubed plus forty,15 ³ + 40,6
3416,fifty-six times sixty-one,56 * 61,7
3417,forty-one thousand four twelfths,41004 / 12,7
3418,fifteen cubed plus forty-three,15 ³ + 43,7
3419,fifteen cubed plus forty-four,15 ³ + 44,7
3420,thirty-eight times ninety,38 * 90,6
3421,fifteen cubed plus forty-six,15 ³ + 46,7
3422,fifty-eight times fifty-nine,58 * 59,7
3423,fifteen cubed plus twelve squared thirds,15 ³ + 12 ² / 3,7
3424,fifty-eight squared plus sixty,58 ² + 60,7
3425,fifteen cubed plus fifty,15 ³ + 50,6
3426,fifteen cubed plus fifty-one,15 ³ + 51,7
3427,fifteen cubed plus fifty-two,15 ³ + 52,7
3428,fifty-eight squared plus four cubed,58 ² + 4 ³,7
3429,thirty cubed tenths plus nine cubed,30 ³ / 10 + 9 ³,7
3430,ten times seven cubed,10 * 7 ³,5
3431,ten times seven cubed plus one,10 * 7 ³ + 1,7
3432,fifty-two times sixty-six,52 * 66,7
3433,ten times seven cubed plus three,10 * 7 ³ + 3,7
3434,ten times seven cubed plus four,10 * 7 ³ + 4,7
3435,fifteen cubed plus sixty,15 ³ + 60,6
3436,ten times seven cubed plus six,10 * 7 ³ + 6,7
3437,fifteen cubed plus sixty-two,15 ³ + 62,7
3438,ten times seven cubed plus eight,10 * 7 ³ + 8,7
3439,fifteen cubed plus four cubed,15 ³ + 4 ³,6
3440,forty-three times eighty,43 * 80,6
3441,fifteen cubed plus sixty-six,15 ³ + 66,7
3442,ten times seven cubed plus twelve,10 * 7 ³ + 12,7
3443,fifteen cubed plus sixty-eight,15 ³ + 68,7
3444,twelve squared squared sixths minus twelve,(12 ²) ² / 6 - 12,7
3445,thirty-one thousand five ninths,31005 / 9,7
3446,twelve squared squared sixths minus ten,(12 ²) ² / 6 - 10,7
3447,twelve squared squared sixths minus nine,(12 ²) ² / 6 - 9,7
3448,twelve squared squared sixths minus eight,(12 ²) ² / 6 - 8,7
3449,twelve squared squared sixths minus seven,(12 ²) ² / 6 - 7,8
3450,fifty times sixty-nine,50 * 69,6
3451,twelve squared squared sixths minus five,(12 ²) ² / 6 - 5,7
3452,twelve squared squared sixths minus four,(12 ²) ² / 6 - 4,7
3453,twelve squared squared sixths minus three,(12 ²) ² / 6 - 3,7
3454,twelve squared squared sixths minus two,(12 ²) ² / 6 - 2,7
3455,fifteen cubed plus eighty,15 ³ + 80,6
3456,twelve squared squared sixths,(12 ²) ² / 6,4
3457,twelve squared squared sixths plus one,(12 ²) ² / 6 + 1,6
3458,twelve squared squared sixths plus two,(12 ²) ² / 6 + 2,6
3459,twelve squared squared sixths plus three,(12 ²) ² / 6 + 3,6
3460,twelve squared squared sixths plus four,(12 ²) ² / 6 + 4,6
3461,twelve squared squared sixths plus five,(12 ²) ² / 6 + 5,6
3462,twelve squared squared sixths plus six,(12 ²) ² / 6 + 6,6
3463,twelve squared squared sixths plus seven,(12 ²) ² / 6 + 7,7
3464,twelve squared squared sixths plus eight,(12 ²) ² / 6 + 8,6
3465,twelve squared squared sixths plus nine,(12 ²) ² / 6 + 9,6
3466,twelve squared squared sixths plus ten,(12 ²) ² / 6 + 10,6
3467,fifteen cubed plus ninety-two,15 ³ + 92,7
3468,two hundred four squared twelfths,204 ² / 12,6
3469,fifty-nine squared minus twelve,59 ² - 12,7
3470,twelve squared squared sixths plus fourteen,(12 ²) ² / 6 + 14,7
3471,fifty-nine squared minus ten,59 ² - 10,7
3472,fifty-nine squared minus nine,59 ² - 9,7
3473,fourteen cubed plus nine cubed,14 ³ + 9 ³,6
3474,twelve squared squared sixths plus eighteen,(12 ²) ² / 6 + 18,7
3475,fifteen cubed plus ten squared,15 ³ + 10 ²,6
3476,fifty-nine squared minus five,59 ² - 5,7
3477,fifty-nine squared minus four,59 ² - 4,7
3478,fifty-nine squared minus three,59 ² - 3,7
3479,fifty-nine squared minus two,59 ² - 2,7
3480,fifty-eight times sixty,58 * 60,6
3481,fifty-nine squared,59 ²,4
3482,fifty-nine squared plus one,59 ² + 1,6
3483,forty-three times nine squared,43 * 9 ²,6
3484,fifty-nine squared plus three,59 ² + 3,6
3485,fifty-nine squared plus four,59 ² + 4,6
3486,fifty-nine squared plus five,59 ² + 5,6
3487,fifty-nine squared plus six,59 ² + 6,6
3488,four thousand minus eight cubed,4000 - 8 ³,7
3489,fifty-nine squared plus eight,59 ² + 8,6
3490,fifty-nine squared plus nine,59 ² + 9,6
3491,fifty-nine squared plus ten,59 ² + 10,6
3492,six squared times ninety-seven,6 ² * 97,7
3493,fifty-nine squared plus twelve,59 ² + 12,6
3494,fifty-nine squared plus thirteen,59 ² + 13,7
3495,fifty-nine squared plus fourteen,59 ² + 14,7
3496,thirty-eight times ninety-two,38 * 92,7
3497,fifty-nine squared plus four squared,59 ² + 4 ²,7
3498,fifty-three times sixty-six,53 * 66,7
3499,fifty-nine squared plus eighteen,59 ² + 18,7
3500,fourteen thousand fourths,14000 / 4,5
3501,fourteen thousand four fourths,14004 / 4,6
3502,fourteen thousand eight fourths,14008 / 4,6
3503,fourteen thousand twelve fourths,14012 / 4,6
3504,seven thousand eight halves,7008 / 2,6
3505,seven thousand ten halves,7010 / 2,6
3506,seven thousand twelve halves,7012 / 2,6
3507,seven thousand fourteen halves,7014 / 2,7
3508,seven thousand sixteen halves,7016 / 2,7
3509,seven thousand eighteen halves,7018 / 2,7
3510,thirty-nine times ninety,39 * 90,6
3511,fifty-nine squared plus thirty,59 ² + 30,7
3512,three thousand plus eight cubed,3000 + 8 ³,6
3513,three thousand one plus eight cubed,3001 + 8 ³,7
3514,seven times five hundred two,7 * 502,7
3515,seven thousand thirty halves,7030 / 2,7
3516,twelve squared squared sixths plus sixty,(12 ²) ² / 6 + 60,7
3517,fifty-nine squared plus six squared,59 ² + 6 ²,7
3518,three thousand six plus eight cubed,3006 + 8 ³,7
3519,fifteen cubed plus twelve squared,15 ³ + 12 ²,6
3520,fifty-five times four cubed,55 * 4 ³,6
3521,seven times five hundred three,7 * 503,7
3522,three thousand ten plus eight cubed,3010 + 8 ³,7
3523,fourteen thousand ninety-two fourths,14092 / 4,8
3524,three thousand twelve plus eight cubed,3012 + 8 ³,7
3525,seven thousand fifty halves,7050 / 2,7
3526,forty-three times eighty-two,43 * 82,7
3527,seven thousand fifty-four halves,7054 / 2,8
3528,eighty-four squared halves,84 ² / 2,5
3529,eighty-four squared halves plus one,84 ² / 2 + 1,7
3530,seven thousand sixty halves,7060 / 2,7
3531,eighty-four squared halves plus three,84 ² / 2 + 3,7
3532,eighty-four squared halves plus four,84 ² / 2 + 4,7
3533,eighty-four squared halves plus five,84 ² / 2 + 5,7
3534,thirty-eight times ninety-three,38 * 93,7
3535,seven times five hundred five,7 * 505,7
3536,sixty squared minus four cubed,60 ² - 4 ³,7
3537,eighty-four squared halves plus nine,84 ² / 2 + 9,7
3538,fifty-eight times sixty-one,58 * 61,7
3539,sixty squared minus sixty-one,60 ² - 61,8
3540,fifty-nine times sixty,59 * 60,6
3541,fifty-nine squared plus sixty,59 ² + 60,7
3542,seven times five hundred six,7 * 506,7
3543,seven thousand eighty-six halves,7086 / 2,8
3544,fifteen cubed plus thirteen squared,15 ³ + 13 ²,7
3545,seven thousand ninety halves,7090 / 2,7
3546,twelve squared squared sixths plus ninety,(12 ²) ² / 6 + 90,7
3547,seven thousand ninety-four halves,7094 / 2,8
3548,seven thousand ninety-six halves,7096 / 2,8
3549,thirty-nine times ninety-one,39 * 91,7
3550,sixty squared minus fifty,60 ² - 50,7
3551,sixty squared minus seven squared,60 ² - 7 ²,8
3552,sixty squared minus twelve squared thirds,60 ² - 12 ² / 3,8
3553,seventeen times two hundred nine,17 * 209,8
3554,sixty squared minus forty-six,60 ² - 46,8
3555,five times nine cubed minus ninety,5 * 9 ³ - 90,8
3556,thirty-two thousand four ninths,32004 / 9,7
3557,thirty-two thousand thirteen ninths,32013 / 9,8
3558,sixty squared minus forty-two,60 ² - 42,8
3559,sixty squared minus forty-one,60 ² - 41,8
3560,forty times eighty-nine,40 * 89,6
3561,fifty-nine squared plus eighty,59 ² + 80,7
3562,fifty-nine squared plus nine squared,59 ² + 9 ²,7
3563,seven times five hundred nine,7 * 509,7
3564,forty-four times nine squared,44 * 9 ²,6
3565,five times nine cubed minus eighty,5 * 9 ³ - 80,8
3566,sixty squared minus thirty-four,60 ² - 34,8
3567,fifteen cubed plus twelve cubed ninths,15 ³ + 12 ³ / 9,7
3568,four thousand minus twelve cubed fourths,4000 - 12 ³ / 4,8
3569,forty-three times eighty-three,43 * 83,7
3570,sixty squared minus thirty,60 ² - 30,7
3571,fifty-nine squared plus ninety,59 ² + 90,7
3572,fifty thousand eight fourteenths,50008 / 14,7
3573,sixty squared minus three cubed,60 ² - 3 ³,7
3574,seven times eight cubed minus ten,7 * 8 ³ - 10,8
3575,sixty squared minus five squared,60 ² - 5 ²,7
3576,three thousand plus twelve cubed thirds,3000 + 12 ³ / 3,7
3577,forty-three squared plus twelve cubed,43 ² + 12 ³,7
3578,seven times eight cubed minus six,7 * 8 ³ - 6,8
3579,sixty-eight thousand one nineteenths,68001 / 19,8
3580,sixty squared minus twenty,60 ² - 20,7
3581,sixty squared minus nineteen,60 ² - 19,7
3582,sixty squared minus eighteen,60 ² - 18,7
3583,seven times eight cubed minus one,7 * 8 ³ - 1,8
3584,seven times eight cubed,7 * 8 ³,5
3585,sixty squared minus fifteen,60 ² - 15,7
3586,sixty squared minus fourteen,60 ² - 14,7
3587,sixty squared minus thirteen,60 ² - 13,7
3588,sixty squared minus twelve,60 ² - 12,6
3589,seven times eight cubed plus five,7 * 8 ³ + 5,7
3590,sixty squared minus ten,60 ² - 10,6
3591,sixty squared minus nine,60 ² - 9,6
3592,sixty squared minus eight,60 ² - 8,6
3593,sixty squared minus seven,60 ² - 7,7
3594,sixty squared minus six,60 ² - 6,6
3595,sixty squared minus five,60 ² - 5,6
3596,sixty squared minus four,60 ² - 4,6
3597,sixty squared minus three,60 ² - 3,6
3598,sixty squared minus two,60 ² - 2,6
3599,sixty squared minus one,60 ² - 1,6
3600,sixty squared,60 ²,3
3601,sixty squared plus one,60 ² + 1,5
3602,sixty squared plus two,60 ² + 2,5
3603,sixty squared plus three,60 ² + 3,5
3604,sixty squared plus four,60 ² + 4,5
3605,sixty squared plus five,60 ² + 5,5
3606,sixty squared plus six,60 ² + 6,5
3607,sixty squared plus seven,60 ² + 7,6
3608,sixty squared plus eight,60 ² + 8,5
3609,sixty squared plus nine,60 ² + 9,5
3610,ten times nineteen squared,10 * 19 ²,5
3611,ten times nineteen squared plus one,10 * 19 ² + 1,7
3612,sixty squared plus twelve,60 ² + 12,5
3613,sixty squared plus thirteen,60 ² + 13,6
3614,sixty squared plus fourteen,60 ² + 14,6
3615,sixty squared plus fifteen,60 ² + 15,6
3616,four times nine hundred four,4 * 904,6
3617,sixty squared plus twelve plus five,60 ² + 12 + 5,7
3618,nine times four hundred two,9 * 402,6
3619,sixty squared plus nineteen,60 ² + 19,6
3620,four times nine hundred five,4 * 905,6
3621,sixty squared plus twelve plus nine,60 ² + 12 + 9,7
3622,sixty squared plus twelve plus ten,60 ² + 12 + 10,7
3623,sixty squared plus twenty-three,60 ² + 23,7
3624,twelve times three hundred two,12 * 302,6
3625,twenty-nine times five cubed,29 * 5 ³,6
3626,twenty-nine thousand eight eighths,29008 / 8,7
3627,nine times four hundred three,9 * 403,6
3628,four times nine hundred seven,4 * 907,7
3629,sixty squared plus twenty-nine,60 ² + 29,7
3630,six times six hundred five,6 * 605,6
3631,sixty squared plus thirty-one,60 ² + 31,7
3632,four times nine hundred eight,4 * 908,6
3633,five times nine cubed minus twelve,5 * 9 ³ - 12,7
3634,sixty squared plus thirty-four,60 ² + 34,7
3635,five times nine cubed minus ten,5 * 9 ³ - 10,7
3636,twelve times three hundred three,12 * 303,6
3637,five times nine cubed minus eight,5 * 9 ³ - 8,7
3638,sixty squared plus thirty-eight,60 ² + 38,7
3639,five times nine cubed minus six,5 * 9 ³ - 6,7
3640,forty times ninety-one,40 * 91,6
3641,five times nine cubed minus four,5 * 9 ³ - 4,7
3642,five times nine cubed minus three,5 * 9 ³ - 3,7
3643,five times nine cubed minus two,5 * 9 ³ - 2,7
3644,five times nine cubed minus one,5 * 9 ³ - 1,7
3645,five times nine cubed,5 * 9 ³,4
3646,five times nine cubed plus one,5 * 9 ³ + 1,6
3647,five times nine cubed plus two,5 * 9 ³ + 2,6
3648,nineteen times twelve cubed ninths,19 * 12 ³ / 9,6
3649,five times nine cubed plus four,5 * 9 ³ + 4,6
3650,five times nine cubed plus five,5 * 9 ³ + 5,6
3651,five times nine cubed plus six,5 * 9 ³ + 6,6
3652,forty-four times eighty-three,44 * 83,7
3653,five times nine cubed plus eight,5 * 9 ³ + 8,6
3654,nine times four hundred six,9 * 406,6
3655,five times nine cubed plus ten,5 * 9 ³ + 10,6
3656,four times nine hundred fourteen,4 * 914,7
3657,five times nine cubed plus twelve,5 * 9 ³ + 12,6
3658,fifty-nine times sixty-two,59 * 62,7
3659,five times nine cubed plus fourteen,5 * 9 ³ + 14,7
3660,sixty times sixty-one,60 * 61,6
3661,five times nine cubed plus four squared,5 * 9 ³ + 4 ²,7
3662,sixty squared plus sixty-two,60 ² + 62,7
3663,nine times four hundred seven,9 * 407,7
3664,sixty squared plus four cubed,60 ² + 4 ³,6
3665,five times nine cubed plus twenty,5 * 9 ³ + 20,7
3666,thirty-nine times ninety-four,39 * 94,7
3667,forty-four thousand four twelfths,44004 / 12,7
3668,thirty-three thousand twelve ninths,33012 / 9,7
3669,sixty squared plus sixty-nine,60 ² + 69,7
3670,eleven thousand ten thirds,11010 / 3,7
3671,eleven thousand thirteen thirds,11013 / 3,8
3672,seventeen times six cubed,17 * 6 ³,6
3673,eleven thousand nineteen thirds,11019 / 3,8
3674,seventeen times six cubed plus two,17 * 6 ³ + 2,8
3675,two hundred ten squared twelfths,210 ² / 12,6
3676,four times nine hundred nineteen,4 * 919,7
3677,two hundred ten squared twelfths plus two,210 ² / 12 + 2,8
3678,six times six hundred thirteen,6 * 613,7
3679,two hundred ten squared twelfths plus four,210 ² / 12 + 4,8
3680,forty-six times eighty,46 * 80,6
3681,nine times four hundred nine,9 * 409,6
3682,sixty squared plus eighty-two,60 ² + 82,7
3683,sixty squared plus eighty-three,60 ² + 83,7
3684,twelve times three hundred seven,12 * 307,7
3685,five times nine cubed plus forty,5 * 9 ³ + 40,7
3686,sixty squared plus eighty-six,60 ² + 86,7
3687,nine times four hundred nine plus six,9 * 409 + 6,8
3688,sixty squared plus eighty-eight,60 ² + 88,7
3689,sixty squared plus eighty-nine,60 ² + 89,7
3690,forty-one times ninety,41 * 90,6
3691,sixty squared plus ninety-one,60 ² + 91,7
3692,sixty squared plus ninety-two,60 ² + 92,7
3693,sixty squared plus ninety-three,60 ² + 93,7
3694,sixty squared plus ninety-four,60 ² + 94,7
3695,five times nine cubed plus fifty,5 * 9 ³ + 50,7
3696,twelve times three hundred eight,12 * 308,6
3697,fifty-nine squared plus six cubed,59 ² + 6 ³,7
3698,eighty-six squared halves,86 ² / 2,5
3699,eighty-six squared halves plus one,86 ² / 2 + 1,7
3700,sixty squared plus ten squared,60 ² + 10 ²,6
3701,eighty-six squared halves plus three,86 ² / 2 + 3,7
3702,eighty-six squared halves plus four,86 ² / 2 + 4,7
3703,seven times twenty-three squared,7 * 23 ²,7
3704,eighty-six squared halves plus six,86 ² / 2 + 6,7
3705,thirty-nine times ninety-five,39 * 95,7
3706,eighty-six squared halves plus eight,86 ² / 2 + 8,7
3707,eighty-six squared halves plus nine,86 ² / 2 + 9,7
3708,twelve times three hundred nine,12 * 309,6
3709,sixty-one squared minus twelve,61 ² - 12,7
3710,fifty-three times seventy,53 * 70,7
3711,sixty-one squared minus ten,61 ² - 10,7
3712,fifty-eight times four cubed,58 * 4 ³,6
3713,sixty-one squared minus eight,61 ² - 8,7
3714,six times six hundred nineteen,6 * 619,7
3715,sixty-one squared minus six,61 ² - 6,7
3716,sixty-one squared minus five,61 ² - 5,7
3717,sixty-one squared minus four,61 ² - 4,7
3718,sixty-one squared minus three,61 ² - 3,7
3719,sixty-one squared minus two,61 ² - 2,7
3720,sixty times sixty-two,60 * 62,6
3721,sixty-one squared,61 ²,4
3722,sixty-one squared plus one,61 ² + 1,6
3723,sixty-one squared plus two,61 ² + 2,6
3724,nineteen times fourteen squared,19 * 14 ²,6
3725,sixty-one squared plus four,61 ² + 4,6
3726,forty-six times nine squared,46 * 9 ²,6
3727,sixty-one squared plus six,61 ² + 6,6
3728,two thousand plus twelve cubed,2000 + 12 ³,6
3729,sixty-one squared plus eight,61 ² + 8,6
3730,sixty-one squared plus nine,61 ² + 9,6
3731,sixty-one squared plus ten,61 ² + 10,6
3732,three thousand three plus nine cubed,3003 + 9 ³,7
3733,sixty-one squared plus twelve,61 ² + 12,6
3734,sixty-one squared plus thirteen,61 ² + 13,7
3735,ninety halves times eighty-three,90 / 2 * 83,7
3736,sixty-one squared plus fifteen,61 ² + 15,7
3737,sixty-one squared plus four squared,61 ² + 4 ²,7
3738,forty-two times eighty-nine,42 * 89,7
3739,sixty-one squared plus eighteen,61 ² + 18,7
3740,fifty-five times sixty-eight,55 * 68,7
3741,sixty-one squared plus twenty,61 ² + 20,7
3742,thirty thousand eighths minus eight,30000 / 8 - 8,8
3743,sixty-one squared plus twelve plus ten,61 ² + 12 + 10,8
3744,twenty-six times twelve squared,26 * 12 ²,6
3745,five times nine cubed plus ten squared,5 * 9 ³ + 10 ²,7
3746,sixty-one squared plus five squared,61 ² + 5 ²,7
3747,thirty thousand eighths minus three,30000 / 8 - 3,8
3748,sixty-one squared plus three cubed,61 ² + 3 ³,7
3749,thirty thousand eighths minus one,30000 / 8 - 1,8
3750,thirty thousand eighths,30000 / 8,5
3751,thirty thousand eight eighths,30008 / 8,6
3752,fifteen thousand eight fourths,15008 / 4,6
3753,fifteen thousand twelve fourths,15012 / 4,6
3754,fifteen thousand sixteen fourths,15016 / 4,7
3755,five times nine thousand twelve twelfths,5 * 9012 / 12,7
3756,twelve times three hundred thirteen,12 * 313,7
3757,thirteen times seventeen squared,13 * 17 ²,7
3758,thirty thousand eighths plus eight,30000 / 8 + 8,7
3759,three times five thousand twelve fourths,3 * 5012 / 4,7
3760,forty times ninety-four,40 * 94,6
3761,sixty-one squared plus forty,61 ² + 40,7
3762,thirty-eight times ninety-nine,38 * 99,7
3763,fifteen thousand fifty-two fourths,15052 / 4,8
3764,fifteen thousand fifty-six fourths,15056 / 4,8
3765,five times three thousand twelve fourths,5 * 3012 / 4,7
3766,fifteen thousand sixty-four fourths,15064 / 4,8
3767,fifteen thousand sixty-eight fourths,15068 / 4,8
3768,twelve times three hundred fourteen,12 * 314,7
3769,sixty squared plus thirteen squared,60 ² + 13 ²,7
3770,fifty-eight times sixty-five,58 * 65,7
3771,nine times four hundred nineteen,9 * 419,7
3772,forty-six times eighty-two,46 * 82,7
3773,eleven times seven cubed,11 * 7 ³,7
3774,fifteen thousand ninety-six fourths,15096 / 4,8
3775,fifteen cubed plus twenty squared,15 ³ + 20 ²,7
3776,fifty-nine times four cubed,59 * 4 ³,6
3777,fifty-nine times four cubed plus one,59 * 4 ³ + 1,8
3778,thirty-four thousand two ninths,34002 / 9,7
3779,fifty-nine times four cubed plus three,59 * 4 ³ + 3,8
3780,forty-two times ninety,42 * 90,6
3781,sixty-one squared plus sixty,61 ² + 60,7
3782,sixty-one times sixty-two,61 * 62,7
3783,thirty-nine times ninety-seven,39 * 97,8
3784,four thousand minus six cubed,4000 - 6 ³,7
3785,sixty-one squared plus four cubed,61 ² + 4 ³,7
3786,fifty-three thousand four fourteenths,53004 / 14,8
3787,four thousand three minus six cubed,4003 - 6 ³,8
3788,nineteen thousand fifths minus twelve,19000 / 5 - 12,8
3789,five times nine cubed plus twelve squared,5 * 9 ³ + 12 ²,7
3790,nineteen thousand fifths minus ten,19000 / 5 - 10,8
3791,nineteen thousand fifths minus nine,19000 / 5 - 9,8
3792,twelve times three hundred sixteen,12 * 316,7
3793,four thousand nine minus six cubed,4009 - 6 ³,8
3794,nineteen thousand fifths minus six,19000 / 5 - 6,8
3795,fifty-five times sixty-nine,55 * 69,7
3796,sixty squared plus fourteen squared,60 ² + 14 ²,7
3797,thirteen cubed plus forty squared,13 ³ + 40 ²,7
3798,nineteen thousand fifths minus two,19000 / 5 - 2,8
3799,nineteen thousand fifths minus one,19000 / 5 - 1,8
3800,nineteen thousand fifths,19000 / 5,5
3801,nineteen thousand five fifths,19005 / 5,6
3802,nineteen thousand ten fifths,19010 / 5,6
3803,nineteen thousand fifteen fifths,19015 / 5,7
3804,nineteen thousand fifths plus four,19000 / 5 + 4,7
3805,nineteen thousand fifths plus five,19000 / 5 + 5,7
3806,nineteen thousand fifths plus six,19000 / 5 + 6,7
3807,ninety-four halves times nine squared,94 / 2 * 9 ²,7
3808,fifty-six times sixty-eight,56 * 68,7
3809,nineteen thousand fifths plus nine,19000 / 5 + 9,7
3810,nineteen thousand fifths plus ten,19000 / 5 + 10,7
3811,sixty-one squared plus ninety,61 ² + 90,7
3812,nineteen thousand fifths plus twelve,19000 / 5 + 12,7
3813,forty-one times ninety-three,41 * 93,7
3814,sixty-two squared minus thirty,62 ² - 30,8
3815,thirty-five times one hundred nine,35 * 109,8
3816,sixty squared plus six cubed,60 ² + 6 ³,6
3817,nineteen thousand eighty-five fifths,19085 / 5,8
3818,forty-six times eighty-three,46 * 83,7
3819,nineteen times two hundred one,19 * 201,7
3820,ten times three hundred eighty-two,10 * 382,8
3821,sixty-one squared plus ten squared,61 ² + 10 ²,7
3822,forty-two times ninety-one,42 * 91,7
3823,eighty-six squared halves plus five cubed,86 ² / 2 + 5 ³,8
3824,six squared cubed twelfths minus four cubed,(6 ²) ³ / 12 - 4 ³,8
3825,ninety halves times eighty-five,90 / 2 * 85,7
3826,sixty-two squared minus eighteen,62 ² - 18,8
3827,forty-three times eighty-nine,43 * 89,7
3828,fifty-eight times sixty-six,58 * 66,7
3829,sixty-two squared minus fifteen,62 ² - 15,8
3830,sixty times four cubed minus ten,60 * 4 ³ - 10,8
3831,sixty times four cubed minus nine,60 * 4 ³ - 9,8
3832,sixty-two squared minus twelve,62 ² - 12,7
3833,fourteen cubed plus thirty-three squared,14 ³ + 33 ²,8
3834,forty-six thousand eight twelfths,46008 / 12,7
3835,twenty-three thousand ten sixths,23010 / 6,7
3836,sixty-two squared minus eight,62 ² - 8,7
3837,sixty times four cubed minus three,60 * 4 ³ - 3,8
3838,sixty-two squared minus six,62 ² - 6,7
3839,sixty-two squared minus five,62 ² - 5,7
3840,sixty times four cubed,60 * 4 ³,5
3841,sixty-two squared minus three,62 ² - 3,7
3842,sixty-two squared minus two,62 ² - 2,7
3843,sixty-two squared minus one,62 ² - 1,7
3844,sixty-two squared,62 ²,4
3845,sixty-two squared plus one,62 ² + 1,6
3846,sixty-two squared plus two,62 ² + 2,6
3847,sixty-two squared plus three,62 ² + 3,6
3848,sixty-two squared plus four,62 ² + 4,6
3849,sixty-two squared plus five,62 ² + 5,6
3850,sixty-two squared plus six,62 ² + 6,6
3851,sixty-two squared plus seven,62 ² + 7,7
3852,sixty-two squared plus eight,62 ² + 8,6
3853,sixty-two squared plus nine,62 ² + 9,6
3854,sixty-two squared plus ten,62 ² + 10,6
3855,sixty-two squared plus ten plus one,62 ² + 10 + 1,8
3856,sixty-two squared plus twelve,62 ² + 12,6
3857,nineteen times two hundred three,19 * 203,7
3858,sixty-two squared plus fourteen,62 ² + 14,7
3859,sixty-two squared plus fifteen,62 ² + 15,7
3860,sixty-two squared plus four squared,62 ² + 4 ²,7
3861,thirty-nine times ninety-nine,39 * 99,7
3862,sixty-two squared plus eighteen,62 ² + 18,7
3863,sixty-two squared plus nineteen,62 ² + 19,7
3864,fifty-six times sixty-nine,56 * 69,7
3865,sixty-one squared plus twelve squared,61 ² + 12 ²,7
3866,eighty-eight squared halves minus six,88 ² / 2 - 6,8
3867,fifty-eight thousand five thirds fifths,58005 / 3 / 5,8
3868,eighty-eight squared halves minus four,88 ² / 2 - 4,8
3869,sixty-two squared plus five squared,62 ² + 5 ²,7
3870,forty-three times ninety,43 * 90,6
3871,sixty-two squared plus three cubed,62 ² + 3 ³,7
3872,eighty-eight squared halves,88 ² / 2,5
3873,eighty-eight squared halves plus one,88 ² / 2 + 1,7
3874,eighty-eight squared halves plus two,88 ² / 2 + 2,7
3875,thirty-one times five cubed,31 * 5 ³,6
3876,thirty-one thousand eight eighths,31008 / 8,7
3877,eighty-eight squared halves plus five,88 ² / 2 + 5,7
3878,six squared cubed twelfths minus ten,(6 ²) ³ / 12 - 10,7
3879,six squared cubed twelfths minus nine,(6 ²) ³ / 12 - 9,7
3880,six squared cubed twelfths minus eight,(6 ²) ³ / 12 - 8,7
3881,eighty-eight squared halves plus nine,88 ² / 2 + 9,7
3882,six squared cubed twelfths minus six,(6 ²) ³ / 12 - 6,7
3883,six squared cubed twelfths minus five,(6 ²) ³ / 12 - 5,7
3884,six squared cubed twelfths minus four,(6 ²) ³ / 12 - 4,7
3885,six squared cubed twelfths minus three,(6 ²) ³ / 12 - 3,7
3886,six squared cubed twelfths minus two,(6 ²) ³ / 12 - 2,7
3887,fifteen cubed plus eight cubed,15 ³ + 8 ³,6
3888,six squared cubed twelfths,(6 ²) ³ / 12,4
3889,six squared cubed twelfths plus one,(6 ²) ³ / 12 + 1,6
3890,six squared cubed twelfths plus two,(6 ²) ³ / 12 + 2,6
3891,six squared cubed twelfths plus three,(6 ²) ³ / 12 + 3,6
3892,six squared cubed twelfths plus four,(6 ²) ³ / 12 + 4,6
3893,six squared cubed twelfths plus five,(6 ²) ³ / 12 + 5,6
3894,six squared cubed twelfths plus six,(6 ²) ³ / 12 + 6,6
3895,forty-one times ninety-five,41 * 95,7
3896,six squared cubed twelfths plus eight,(6 ²) ³ / 12 + 8,6
3897,six squared cubed twelfths plus nine,(6 ²) ³ / 12 + 9,6
3898,six squared cubed twelfths plus ten,(6 ²) ³ / 12 + 10,6
3899,six squared cubed twelfths plus ten plus one,(6 ²) ³ / 12 + 10 + 1,8
3900,thirty-nine times ten squared,39 * 10 ²,6
3901,thirty-nine thousand ten tenths,39010 / 10,7
3902,six squared cubed twelfths plus fourteen,(6 ²) ³ / 12 + 14,7
3903,six squared cubed twelfths plus fifteen,(6 ²) ³ / 12 + 15,7
3904,sixty-one times four cubed,61 * 4 ³,6
3905,three thousand nine hundred five,3905,7
3906,sixty-two times sixty-three,62 * 63,7
3907,six squared cubed twelfths plus nineteen,(6 ²) ³ / 12 + 19,7
3908,six squared cubed twelfths plus twenty,(6 ²) ³ / 12 + 20,7
3909,three thousand nine hundred nine,3909,7
3910,four thousand minus ninety,4000 - 90,7
3911,four thousand one minus ninety,4001 - 90,8
3912,three thousand nine hundred twelve,3912,7
3913,forty-three times ninety-one,43 * 91,7
3914,nineteen times two hundred six,19 * 206,7
3915,six squared cubed twelfths plus three cubed,(6 ²) ³ / 12 + 3 ³,7
3916,forty-four times eighty-nine,44 * 89,7
3917,ninety-four thousand eight halves twelfths,94008 / 2 / 12,8
3918,six squared cubed twelfths plus thirty,(6 ²) ³ / 12 + 30,7
3919,four thousand minus nine squared,4000 - 9 ²,7
3920,seven squared times eighty,7 ² * 80,6
3921,four thousand two minus nine squared,4002 - 9 ²,8
3922,four thousand twelve minus ninety,4012 - 90,8
3923,four thousand four minus nine squared,4004 - 9 ²,8
3924,six squared times one hundred nine,6 ² * 109,7
3925,thirteen cubed plus twelve cubed,13 ³ + 12 ³,6
3926,thirteen times three hundred two,13 * 302,7
3927,four thousand eight minus nine squared,4008 - 9 ²,8
3928,six squared cubed twelfths plus forty,(6 ²) ³ / 12 + 40,7
3929,eighty squared halves plus nine cubed,80 ² / 2 + 9 ³,7
3930,four thousand ten minus eighty,4010 - 80,8
3931,four thousand twelve minus nine squared,4012 - 9 ²,8
3932,four thousand twelve minus eighty,4012 - 80,8
3933,sixty-three squared minus six squared,63 ² - 6 ²,8
3934,sixty-two squared plus ninety,62 ² + 90,7
3935,four thousand minus sixty-five,4000 - 65,8
3936,four thousand minus four cubed,4000 - 4 ³,7
3937,sixty-one squared plus six cubed,61 ² + 6 ³,7
3938,six squared cubed twelfths plus fifty,(6 ²) ³ / 12 + 50,7
3939,thirteen times three hundred three,13 * 303,7
3940,four thousand minus sixty,4000 - 60,7
3941,four thousand five minus four cubed,4005 - 4 ³,8
3942,four thousand six minus four cubed,4006 - 4 ³,8
3943,sixty squared plus seven cubed,60 ² + 7 ³,7
3944,fifty-eight times sixty-eight,58 * 68,7
3945,four thousand nine minus four cubed,4009 - 4 ³,8
3946,four thousand ten minus four cubed,4010 - 4 ³,8
3947,four thousand minus fifty-three,4000 - 53,8
3948,forty-two times ninety-four,42 * 94,7
3949,four thousand nine minus sixty,4009 - 60,8
3950,four thousand minus fifty,4000 - 50,7
3951,fifteen cubed plus twelve cubed thirds,15 ³ + 12 ³ / 3,7
3952,four squared cubed minus twelve squared,(4 ²) ³ - 12 ²,7
3953,four thousand three minus fifty,4003 - 50,8
3954,four thousand four minus fifty,4004 - 50,8
3955,four thousand five minus fifty,4005 - 50,8
3956,forty-six times eighty-six,46 * 86,7
3957,sixty-three squared minus twelve,63 ² - 12,7
3958,four thousand eight minus fifty,4008 - 50,8
3959,sixty-three squared minus ten,63 ² - 10,7
3960,forty-four times ninety,44 * 90,6
3961,sixty-three squared minus eight,63 ² - 8,7
3962,four thousand twelve minus fifty,4012 - 50,8
3963,sixty-three squared minus six,63 ² - 6,7
3964,sixty-three squared minus five,63 ² - 5,7
3965,sixty-three squared minus four,63 ² - 4,7
3966,sixty-three squared minus three,63 ² - 3,7
3967,sixty-three squared minus two,63 ² - 2,7
3968,sixty-two times four cubed,62 * 4 ³,6
3969,sixty-three squared,63 ²,4
3970,sixty-three squared plus one,63 ² + 1,6
3971,sixty-three squared plus two,63 ² + 2,6
3972,sixty-three squared plus three,63 ² + 3,6
3973,sixty-three squared plus four,63 ² + 4,6
3974,sixty-three squared plus five,63 ² + 5,6
3975,sixty-three squared plus six,63 ² + 6,6
3976,sixty-three squared plus seven,63 ² + 7,7
3977,sixty-three squared plus eight,63 ² + 8,6
3978,sixty-three squared plus nine,63 ² + 9,6
3979,sixty-three squared plus ten,63 ² + 10,6
3980,four thousand minus twenty,4000 - 20,7
3981,sixty-three squared plus twelve,63 ² + 12,6
3982,four thousand minus eighteen,4000 - 18,7
3983,sixty-three squared plus fourteen,63 ² + 14,7
3984,four thousand minus four squared,4000 - 4 ²,7
3985,four thousand minus fifteen,4000 - 15,7
3986,four thousand minus fourteen,4000 - 14,7
3987,four thousand minus thirteen,4000 - 13,7
3988,four thousand minus twelve,4000 - 12,6
3989,four thousand one minus twelve,4001 - 12,7
3990,four thousand minus ten,4000 - 10,6
3991,four thousand minus nine,4000 - 9,6
3992,four thousand minus eight,4000 - 8,6
3993,thirty-three cubed ninths,33 ³ / 9,5
3994,four thousand minus six,4000 - 6,6
3995,four thousand minus five,4000 - 5,6
3996,four thousand minus four,4000 - 4,6
3997,four thousand minus three,4000 - 3,6
3998,four thousand minus two,4000 - 2,6
3999,four thousand minus one,4000 - 1,6
4000,four thousand,4000,3
4001,four thousand one,4001,4
4002,four thousand two,4002,4
4003,four thousand three,4003,4
4004,four thousand four,4004,4
4005,four thousand five,4005,4
4006,four thousand six,4006,4
4007,four thousand seven,4007,5
4008,four thousand eight,4008,4
4009,four thousand nine,4009,4
4010,four thousand ten,4010,4
4011,four thousand ten plus one,4010 + 1,6
4012,four thousand twelve,4012,4
4013,four thousand thirteen,4013,5
4014,four thousand fourteen,4014,5
4015,four thousand fifteen,4015,5
4016,four thousand sixteen,4016,5
4017,four thousand twelve plus five,4012 + 5,6
4018,four thousand eighteen,4018,5
4019,four thousand nineteen,4019,5
4020,four thousand twenty,4020,5
4021,four thousand twelve plus nine,4012 + 9,6
4022,four thousand twelve plus ten,4012 + 10,6
4023,four thousand twenty-three,4023,6
4024,eight times five hundred three,8 * 503,6
4025,eight thousand fifty halves,8050 / 2,6
4026,four thousand twenty-six,4026,6
4027,four thousand plus three cubed,4000 + 3 ³,6
4028,four thousand twenty-eight,4028,6
4029,four thousand twenty-nine,4029,6
4030,four thousand thirty,4030,5
4031,four thousand thirty-one,4031,6
4032,sixty-three times four cubed,63 * 4 ³,6
4033,four thousand thirty-three,4033,6
4034,four thousand thirty-four,4034,6
4035,four thousand thirty-five,4035,6
4036,four times one thousand nine,4 * 1009,6
4037,four thousand twelve plus five squared,4012 + 5 ²,7
4038,four thousand thirty-eight,4038,6
4039,four thousand thirty-nine,4039,6
4040,four thousand forty,4040,5
4041,four thousand forty-one,4041,6
4042,four thousand forty-two,4042,6
4043,four thousand forty-three,4043,6
4044,four thousand forty-four,4044,6
4045,eight thousand ninety halves,8090 / 2,6
4046,four thousand forty-six,4046,6
4047,eight thousand ninety-four halves,8094 / 2,7
4048,eight times five hundred six,8 * 506,6
4049,four thousand forty-nine,4049,6
4050,ninety squared halves,90 ² / 2,4
4051,ninety squared halves plus one,90 ² / 2 + 1,6
4052,ninety squared halves plus two,90 ² / 2 + 2,6
4053,ninety squared halves plus three,90 ² / 2 + 3,6
4054,ninety squared halves plus four,90 ² / 2 + 4,6
4055,ninety squared halves plus five,90 ² / 2 + 5,6
4056,six times twenty-six squared,6 * 26 ²,6
4057,ninety squared halves plus seven,90 ² / 2 + 7,7
4058,ninety squared halves plus eight,90 ² / 2 + 8,6
4059,ninety squared halves plus nine,90 ² / 2 + 9,6
4060,four thousand sixty,4060,5
4061,four thousand sixty-one,4061,6
4062,ninety squared halves plus twelve,90 ² / 2 + 12,6
4063,four thousand sixty-three,4063,6
4064,eight times five hundred eight,8 * 508,6
4065,four thousand sixty-five,4065,6
4066,four thousand sixty-six,4066,6
4067,seven squared times eighty-three,7 ² * 83,7
4068,four thousand sixty-eight,4068,6
4069,four thousand sixty-nine,4069,6
4070,four thousand seventy,4070,6
4071,four squared cubed minus five squared,(4 ²) ³ - 5 ²,7
4072,eight times five hundred nine,8 * 509,6
4073,four thousand nine plus four cubed,4009 + 4 ³,7
4074,four thousand ten plus four cubed,4010 + 4 ³,7
4075,five times eight hundred fifteen,5 * 815,7
4076,four squared cubed minus twenty,(4 ²) ³ - 20,7
4077,four squared cubed minus nineteen,(4 ²) ³ - 19,7
4078,four squared cubed minus eighteen,(4 ²) ³ - 18,7
4079,four thousand seventy-nine,4079,7
4080,four thousand eighty,4080,5
4081,four thousand plus nine squared,4000 + 9 ²,6
4082,four thousand eighty-two,4082,6
4083,four thousand eighty-three,4083,6
4084,four squared cubed minus twelve,(4 ²) ³ - 12,6
4085,four thousand eighty-five,4085,6
4086,four squared cubed minus ten,(4 ²) ³ - 10,6
4087,four squared cubed minus nine,(4 ²) ³ - 9,6
4088,four squared cubed minus eight,(4 ²) ³ - 8,6
4089,four thousand eighty-nine,4089,6
4090,four thousand ninety,4090,5
4091,four squared cubed minus five,(4 ²) ³ - 5,6
4092,four squared cubed minus four,(4 ²) ³ - 4,6
4093,four squared cubed minus three,(4 ²) ³ - 3,6
4094,four squared cubed minus two,(4 ²) ³ - 2,6
4095,four squared cubed minus one,(4 ²) ³ - 1,6
4096,four squared cubed,(4 ²) ³,3
4097,four squared cubed plus one,(4 ²) ³ + 1,5
4098,four squared cubed plus two,(4 ²) ³ + 2,5
4099,four squared cubed plus three,(4 ²) ³ + 3,5
4100,four squared cubed plus four,(4 ²) ³ + 4,5
4101,four squared cubed plus five,(4 ²) ³ + 5,5
4102,four squared cubed plus six,(4 ²) ³ + 6,5
4103,four squared cubed plus seven,(4 ²) ³ + 7,6
4104,nineteen times six cubed,19 * 6 ³,5
4105,four squared cubed plus nine,(4 ²) ³ + 9,5
4106,four squared cubed plus ten,(4 ²) ³ + 10,5
4107,three times thirty-seven squared,3 * 37 ²,7
4108,four squared cubed plus twelve,(4 ²) ³ + 12,5
4109,four squared cubed plus thirteen,(4 ²) ³ + 13,6
4110,four squared cubed plus fourteen,(4 ²) ³ + 14,6
4111,four squared cubed plus fifteen,(4 ²) ³ + 15,6
4112,four squared cubed plus four squared,(4 ²) ³ + 4 ²,6
4113,four squared cubed plus twelve plus five,(4 ²) ³ + 12 + 5,7
4114,four squared cubed plus eighteen,(4 ²) ³ + 18,6
4115,four squared cubed plus nineteen,(4 ²) ³ + 19,6
4116,twelve times seven cubed,12 * 7 ³,5
4117,twelve times seven cubed plus one,12 * 7 ³ + 1,7
4118,twelve times seven cubed plus two,12 * 7 ³ + 2,7
4119,twelve times seven cubed plus three,12 * 7 ³ + 3,7
4120,ten times four hundred twelve,10 * 412,6
4121,four squared cubed plus five squared,(4 ²) ³ + 5 ²,6
4122,twelve times seven cubed plus six,12 * 7 ³ + 6,7
4123,four squared cubed plus three cubed,(4 ²) ³ + 3 ³,6
4124,twelve times seven cubed plus eight,12 * 7 ³ + 8,7
4125,thirty-three times five cubed,33 * 5 ³,6
4126,four squared cubed plus thirty,(4 ²) ³ + 30,6
4127,four thousand two plus five cubed,4002 + 5 ³,7
4128,twelve squared thirds times eighty-six,12 ² / 3 * 86,7
4129,four thousand four plus five cubed,4004 + 5 ³,7
4130,fifty-nine times seventy,59 * 70,7
4131,fifty-one times nine squared,51 * 9 ²,6
4132,four squared cubed plus six squared,(4 ²) ³ + 6 ²,6
4133,four thousand eight plus five cubed,4008 + 5 ³,7
4134,four thousand nine plus five cubed,4009 + 5 ³,7
4135,four thousand ten plus five cubed,4010 + 5 ³,7
4136,four squared cubed plus forty,(4 ²) ³ + 40,6
4137,four thousand twelve plus five cubed,4012 + 5 ³,7
4138,four squared cubed plus forty-two,(4 ²) ³ + 42,7
4139,four squared cubed plus forty-three,(4 ²) ³ + 43,7
4140,forty-six times ninety,46 * 90,6
4141,four squared cubed plus ninety halves,(4 ²) ³ + 90 / 2,7
4142,four squared cubed plus forty-six,(4 ²) ³ + 46,7
4143,fifty-eight thousand two fourteenths,58002 / 14,8
4144,four thousand plus twelve squared,4000 + 12 ²,6
4145,four thousand one plus twelve squared,4001 + 12 ²,7
4146,four squared cubed plus fifty,(4 ²) ³ + 50,6
4147,four thousand three plus twelve squared,4003 + 12 ²,7
4148,sixty-one times sixty-eight,61 * 68,7
4149,four thousand five plus twelve squared,4005 + 12 ²,7
4150,fifty times eighty-three,50 * 83,6
4151,four squared cubed plus fifty-five,(4 ²) ³ + 55,7
4152,eight times five hundred nineteen,8 * 519,7
4153,four thousand nine plus twelve squared,4009 + 12 ²,7
4154,four thousand ten plus twelve squared,4010 + 12 ²,7
4155,four squared cubed plus fifty-nine,(4 ²) ³ + 59,7
4156,four squared cubed plus sixty,(4 ²) ³ + 60,6
4157,five times nine cubed plus eight cubed,5 * 9 ³ + 8 ³,7
4158,sixty-three times sixty-six,63 * 66,7
4159,four squared cubed plus sixty-three,(4 ²) ³ + 63,7
4160,fifty-two times eighty,52 * 80,6
4161,four squared cubed plus sixty-five,(4 ²) ³ + 65,7
4162,four squared cubed plus sixty-six,(4 ²) ³ + 66,7
4163,fifty-two times eighty plus three,52 * 80 + 3,8
4164,four squared cubed plus sixty-eight,(4 ²) ³ + 68,7
4165,seven squared times eighty-five,7 ² * 85,7
4166,four squared cubed plus seventy,(4 ²) ³ + 70,7
4167,fifty thousand four twelfths,50004 / 12,6
4168,fifty thousand sixteen twelfths,50016 / 12,7
4169,four thousand plus thirteen squared,4000 + 13 ²,7
4170,ten times five thousand four twelfths,10 * 5004 / 12,7
4171,fifty thousand fifty-two twelfths,50052 / 12,8
4172,fifty thousand sixty-four twelfths,50064 / 12,8
4173,fifty thousand four twelfths plus six,50004 / 12 + 6,8
4174,fifty thousand eighty-eight twelfths,50088 / 12,8
4175,five times five thousand ten sixths,5 * 5010 / 6,7
4176,twenty-nine times twelve squared,29 * 12 ²,6
4177,four squared cubed plus nine squared,(4 ²) ³ + 9 ²,6
4178,four squared cubed plus eighty-two,(4 ²) ³ + 82,7
4179,four squared cubed plus eighty-three,(4 ²) ³ + 83,7
4180,forty-four times ninety-five,44 * 95,7
4181,four squared cubed plus eighty-five,(4 ²) ³ + 85,7
4182,fifty-one times eighty-two,51 * 82,7
4183,ninety-four halves times eighty-nine,94 / 2 * 89,8
4184,four squared cubed plus eighty-eight,(4 ²) ³ + 88,7
4185,ninety halves times ninety-three,90 / 2 * 93,7
4186,four squared cubed plus ninety,(4 ²) ³ + 90,6
4187,four squared cubed plus ninety-one,(4 ²) ³ + 91,7
4188,four squared cubed plus ninety-two,(4 ²) ³ + 92,7
4189,four squared cubed plus ninety-three,(4 ²) ³ + 93,7
4190,ten times four hundred nineteen,10 * 419,7
4191,four squared cubed plus ninety-five,(4 ²) ³ + 95,7
4192,four squared cubed plus eight times twelve,(4 ²) ³ + 8 * 12,7
4193,four thousand one plus twelve cubed ninths,4001 + 12 ³ / 9,8
4194,ninety squared halves plus twelve squared,90 ² / 2 + 12 ²,7
4195,four squared cubed plus ninety-nine,(4 ²) ³ + 99,7
4196,four squared cubed plus ten squared,(4 ²) ³ + 10 ²,6
4197,thirteen cubed plus two thousand,13 ³ + 2000,7
4198,sixty-five squared minus three cubed,65 ² - 3 ³,8
4199,four squared cubed plus ten squared plus three,(4 ²) ³ + 10 ² + 3,8
4200,forty-two times ten squared,42 * 10 ²,6
4201,forty-two thousand ten tenths,42010 / 10,7
4202,twenty-one thousand ten fifths,21010 / 5,7
4203,four thousand two hundred three,4203,7
4204,four squared cubed plus six cubed halves,(4 ²) ³ + 6 ³ / 2,7
4205,five times twenty-nine squared,5 * 29 ²,6
4206,six times seven hundred one,6 * 701,7
4207,seven times six hundred one,7 * 601,7
4208,four thousand two hundred eight,4208,7
4209,sixty-one times sixty-nine,61 * 69,7
4210,fifty-nine squared plus nine cubed,59 ² + 9 ³,7
4211,eighty thousand nine nineteenths,80009 / 19,7
4212,fifty-two times nine squared,52 * 9 ²,6
4213,sixty-five squared minus twelve,65 ² - 12,7
4214,seven squared times eighty-six,7 ² * 86,7
4215,sixty-five squared minus ten,65 ² - 10,7
4216,four thousand plus six cubed,4000 + 6 ³,6
4217,sixty-five squared minus eight,65 ² - 8,7
4218,six times seven hundred three,6 * 703,7
4219,sixty-five squared minus six,65 ² - 6,7
4220,sixty-five squared minus five,65 ² - 5,7
4221,four squared cubed plus five cubed,(4 ²) ³ + 5 ³,6
4222,sixty-five squared minus three,65 ² - 3,7
4223,sixty-five squared minus two,65 ² - 2,7
4224,four cubed times sixty-six,4 ³ * 66,6
4225,sixty-five squared,65 ²,4
4226,sixty-five squared plus one,65 ² + 1,6
4227,sixty-five squared plus two,65 ² + 2,6
4228,sixty-five squared plus three,65 ² + 3,6
4229,sixty-five squared plus four,65 ² + 4,6
4230,sixty-five squared plus five,65 ² + 5,6
4231,sixty-five squared plus six,65 ² + 6,6
4232,ninety-two squared halves,92 ² / 2,5
4233,sixty-five squared plus eight,65 ² + 8,6
4234,sixty-five squared plus nine,65 ² + 9,6
4235,sixty-five squared plus ten,65 ² + 10,6
4236,six times seven hundred six,6 * 706,7
4237,sixty-five squared plus twelve,65 ² + 12,6
4238,ninety-two squared halves plus six,92 ² / 2 + 6,7
4239,sixty-five squared plus fourteen,65 ² + 14,7
4240,fifty-three times eighty,53 * 80,6
4241,ninety-two squared halves plus nine,92 ² / 2 + 9,7
4242,fourteen times three hundred three,14 * 303,7
4243,sixty-five squared plus eighteen,65 ² + 18,7
4244,ninety-two squared halves plus twelve,92 ² / 2 + 12,7
4245,sixty-five squared plus twenty,65 ² + 20,7
4246,fifty-three times eighty plus six,53 * 80 + 6,8
4247,sixty-five squared plus twelve plus ten,65 ² + 12 + 10,8
4248,fifty-nine times six cubed thirds,59 * 6 ³ / 3,7
4249,sixty-nine squared minus eight cubed,69 ² - 8 ³,8
4250,seventeen thousand fourths,17000 / 4,6
4251,fifty-one thousand twelve twelfths,51012 / 12,7
4252,seventeen thousand eight fourths,17008 / 4,7
4253,seventeen thousand twelve fourths,17012 / 4,7
4254,six times seven hundred nine,6 * 709,7
4255,sixty-five squared plus thirty,65 ² + 30,7
4256,fourteen times three hundred four,14 * 304,7
4257,forty-three times ninety-nine,43 * 99,7
4258,seventeen thousand fourths plus eight,17000 / 4 + 8,8
4259,seventeen thousand fourths plus nine,17000 / 4 + 9,8
4260,sixty times seventy-one,60 * 71,7
4261,sixty-five squared plus six squared,65 ² + 6 ²,7
4262,seventeen thousand fourths plus twelve,17000 / 4 + 12,8
4263,seven times six hundred nine,7 * 609,7
4264,fifty-two times eighty-two,52 * 82,7
4265,sixty-five squared plus forty,65 ² + 40,7
4266,ninety squared halves plus six cubed,90 ² / 2 + 6 ³,7
4267,sixty-four thousand five thirds fifths,64005 / 3 / 5,8
4268,twelve thousand eight hundred four thirds,12804 / 3,8
4269,sixty-five squared plus forty-four,65 ² + 44,8
4270,sixty-one times seventy,61 * 70,7
4271,five thousand minus nine cubed,5000 - 9 ³,7
4272,six thousand minus twelve cubed,6000 - 12 ³,7
4273,six thousand one minus twelve cubed,6001 - 12 ³,8
4274,six thousand two minus twelve cubed,6002 - 12 ³,8
4275,nineteen times fifteen squared,19 * 15 ²,6
4276,six thousand four minus twelve cubed,6004 - 12 ³,8
4277,six thousand five minus twelve cubed,6005 - 12 ³,8
4278,sixty-two times sixty-nine,62 * 69,7
4279,five thousand eight minus nine cubed,5008 - 9 ³,8
4280,six thousand eight minus twelve cubed,6008 - 12 ³,8
4281,six thousand nine minus twelve cubed,6009 - 12 ³,8
4282,six thousand ten minus twelve cubed,6010 - 12 ³,8
4283,five thousand twelve minus nine cubed,5012 - 9 ³,8
4284,sixty-three times sixty-eight,63 * 68,7
4285,sixty-five squared plus sixty,65 ² + 60,7
4286,sixty thousand four fourteenths,60004 / 14,7
4287,thirty thousand nine sevenths,30009 / 7,7
4288,four cubed times sixty-seven,4 ³ * 67,7
4289,sixty-five squared plus four cubed,65 ² + 4 ³,7
4290,sixty-five times sixty-six,65 * 66,7
4291,seven times six hundred thirteen,7 * 613,8
4292,four squared cubed plus fourteen squared,(4 ²) ³ + 14 ²,7
4293,fifty-three times nine squared,53 * 9 ²,6
4294,six times nine cubed minus eighty,6 * 9 ³ - 80,8
4295,five times eight hundred fifty-nine,5 * 859,8
4296,four squared cubed plus ten cubed fifths,(4 ²) ³ + 10 ³ / 5,7
4297,fifty-three times nine squared plus four,53 * 9 ² + 4,8
4298,fourteen times three hundred seven,14 * 307,8
4299,fifty-three times nine squared plus six,53 * 9 ² + 6,8
4300,forty-three times ten squared,43 * 10 ²,6
4301,forty-three thousand ten tenths,43010 / 10,7
4302,four thousand three hundred two,4302,7
4303,four thousand three hundred three,4303,7
4304,four thousand three hundred four,4304,7
4305,sixty-five squared plus eighty,65 ² + 80,7
4306,sixty-five squared plus nine squared,65 ² + 9 ²,7
4307,fifty-nine times seventy-three,59 * 73,8
4308,four thousand three hundred eight,4308,7
4309,four thousand three hundred nine,4309,7
4310,four thousand three hundred ten,4310,7
4311,thirty times twelve squared minus nine,30 * 12 ² - 9,8
4312,four squared cubed plus six cubed,(4 ²) ³ + 6 ³,6
4313,sixty-nine thousand eight halves eighths,69008 / 2 / 8,8
4314,thirty times twelve squared minus six,30 * 12 ² - 6,8
4315,sixty-five squared plus ninety,65 ² + 90,7
4316,fifty-two times eighty-three,52 * 83,7
4317,thirty times twelve squared minus three,30 * 12 ² - 3,8
4318,thirty times twelve squared minus two,30 * 12 ² - 2,8
4319,thirty times twelve squared minus one,30 * 12 ² - 1,8
4320,thirty times twelve squared,30 * 12 ²,5
4321,thirty times twelve squared plus one,30 * 12 ² + 1,7
4322,thirty times twelve squared plus two,30 * 12 ² + 2,7
4323,thirty times twelve squared plus three,30 * 12 ² + 3,7
4324,forty-six times ninety-four,46 * 94,7
4325,thirty times twelve squared plus five,30 * 12 ² + 5,7
4326,fourteen times three hundred nine,14 * 309,7
4327,twelve times nineteen squared minus five,12 * 19 ² - 5,8
4328,thirty times twelve squared plus eight,30 * 12 ² + 8,7
4329,sixty squared plus nine cubed,60 ² + 9 ³,6
4330,thirty times twelve squared plus ten,30 * 12 ² + 10,7
4331,twelve times nineteen squared minus one,12 * 19 ² - 1,8
4332,twelve times nineteen squared,12 * 19 ²,5
4333,twelve times nineteen squared plus one,12 * 19 ² + 1,7
4334,thirteen thousand two thirds,13002 / 3,6
4335,thirteen thousand five thirds,13005 / 3,6
4336,thirteen thousand eight thirds,13008 / 3,6
4337,twelve times nineteen squared plus five,12 * 19 ² + 5,7
4338,thirteen thousand fourteen thirds,13014 / 3,7
4339,four squared cubed plus nine cubed thirds,(4 ²) ³ + 9 ³ / 3,7
4340,sixty-two times seventy,62 * 70,7
4341,twelve times nineteen squared plus nine,12 * 19 ² + 9,7
4342,twelve times nineteen squared plus ten,12 * 19 ² + 10,7
4343,four thousand plus seven cubed,4000 + 7 ³,7
4344,sixty-six squared minus twelve,66 ² - 12,7
4345,thirteen thousand thirty-five thirds,13035 / 3,8
4346,sixty-six squared minus ten,66 ² - 10,7
4347,sixty-six squared minus nine,66 ² - 9,7
4348,sixty-six squared minus eight,66 ² - 8,7
4349,six times nine cubed minus five squared,6 * 9 ³ - 5 ²,8
4350,sixty-six squared minus six,66 ² - 6,7
4351,sixty-six squared minus five,66 ² - 5,7
4352,four cubed times sixty-eight,4 ³ * 68,6
4353,sixty-six squared minus three,66 ² - 3,7
4354,sixty-six squared minus two,66 ² - 2,7
4355,sixty-six squared minus one,66 ² - 1,7
4356,sixty-six squared,66 ²,4
4357,sixty-six squared plus one,66 ² + 1,6
4358,sixty-six squared plus two,66 ² + 2,6
4359,sixty-six squared plus three,66 ² + 3,6
4360,sixty-six squared plus four,66 ² + 4,6
4361,sixty-six squared plus five,66 ² + 5,6
4362,sixty-six squared plus six,66 ² + 6,6
4363,sixty-six squared plus seven,66 ² + 7,7
4364,sixty-six squared plus eight,66 ² + 8,6
4365,sixty-six squared plus nine,66 ² + 9,6
4366,sixty-six squared plus ten,66 ² + 10,6
4367,six times nine cubed minus seven,6 * 9 ³ - 7,8
4368,sixty-six squared plus twelve,66 ² + 12,6
4369,six times nine cubed minus five,6 * 9 ³ - 5,7
4370,six times nine cubed minus four,6 * 9 ³ - 4,7
4371,six times nine cubed minus three,6 * 9 ³ - 3,7
4372,six times nine cubed minus two,6 * 9 ³ - 2,7
4373,six times nine cubed minus one,6 * 9 ³ - 1,7
4374,six times nine cubed,6 * 9 ³,4
4375,thirty-five times five cubed,35 * 5 ³,6
4376,six times nine cubed plus two,6 * 9 ³ + 2,6
4377,six times nine cubed plus three,6 * 9 ³ + 3,6
4378,six times nine cubed plus four,6 * 9 ³ + 4,6
4379,six times nine cubed plus five,6 * 9 ³ + 5,6
4380,six times nine cubed plus six,6 * 9 ³ + 6,6
4381,six times nine cubed plus seven,6 * 9 ³ + 7,7
4382,six times nine cubed plus eight,6 * 9 ³ + 8,6
4383,six times nine cubed plus nine,6 * 9 ³ + 9,6
4384,six times nine cubed plus ten,6 * 9 ³ + 10,6
4385,twenty-six cubed fourths minus nine,26 ³ / 4 - 9,8
4386,six times nine cubed plus twelve,6 * 9 ³ + 12,6
4387,six times nine cubed plus thirteen,6 * 9 ³ + 13,7
4388,six times nine cubed plus fourteen,6 * 9 ³ + 14,7
4389,six times nine cubed plus fifteen,6 * 9 ³ + 15,7
4390,six times nine cubed plus four squared,6 * 9 ³ + 4 ²,7
4391,twenty-six cubed fourths minus three,26 ³ / 4 - 3,8
4392,sixty-one times six cubed thirds,61 * 6 ³ / 3,7
4393,six times nine cubed plus nineteen,6 * 9 ³ + 19,7
4394,twenty-six cubed fourths,26 ³ / 4,5
4395,twenty-six cubed fourths plus one,26 ³ / 4 + 1,7
4396,twenty-six cubed fourths plus two,26 ³ / 4 + 2,7
4397,twenty-six cubed fourths plus three,26 ³ / 4 + 3,7
4398,twenty-six cubed fourths plus four,26 ³ / 4 + 4,7
4399,fifty-three times eighty-three,53 * 83,7
4400,fifty-five times eighty,55 * 80,6
4401,forty-four thousand ten tenths,44010 / 10,7
4402,twenty-two thousand ten fifths,22010 / 5,7
4403,twenty-six cubed fourths plus nine,26 ³ / 4 + 9,7
4404,twenty-six cubed fourths plus ten,26 ³ / 4 + 10,7
4405,four thousand four hundred five,4405,7
4406,twenty-six cubed fourths plus twelve,26 ³ / 4 + 12,7
4407,twenty-six cubed fourths plus thirteen,26 ³ / 4 + 13,8
4408,four thousand four hundred eight,4408,7
4409,four thousand four hundred nine,4409,7
4410,two hundred ten squared tenths,210 ² / 10,6
4411,eleven times four hundred one,11 * 401,8
4412,four thousand four hundred twelve,4412,7
4413,ninety-four squared halves minus five,94 ² / 2 - 5,8
4414,six times nine cubed plus forty,6 * 9 ³ + 40,7
4415,ninety-four squared halves minus three,94 ² / 2 - 3,8
4416,four cubed times sixty-nine,4 ³ * 69,6
4417,fifty-three thousand four twelfths,53004 / 12,7
4418,ninety-four squared halves,94 ² / 2,5
4419,ninety-four squared halves plus one,94 ² / 2 + 1,7
4420,sixty-five times sixty-eight,65 * 68,7
4421,ninety-four squared halves plus three,94 ² / 2 + 3,7
4422,ninety-four squared halves plus four,94 ² / 2 + 4,7
4423,ninety-four squared halves plus five,94 ² / 2 + 5,7
4424,ninety-four squared halves plus six,94 ² / 2 + 6,7
4425,fifty-nine times thirty squared twelfths,59 * 30 ² / 12,8
4426,ninety-four squared halves plus eight,94 ² / 2 + 8,7
4427,ninety-four squared halves plus nine,94 ² / 2 + 9,7
4428,six cubed fourths times eighty-two,6 ³ / 4 * 82,7
4429,sixty-two thousand six fourteenths,62006 / 14,8
4430,ninety-four squared halves plus twelve,94 ² / 2 + 12,7
4431,ninety-four squared halves plus thirteen,94 ² / 2 + 13,8
4432,fifty-two squared plus twelve cubed,52 ² + 12 ³,7
4433,eleven times four hundred three,11 * 403,8
4434,six times nine cubed plus sixty,6 * 9 ³ + 60,7
4435,six times nine cubed plus sixty-one,6 * 9 ³ + 61,8
4436,sixty-six squared plus eighty,66 ² + 80,7
4437,sixty-six squared plus nine squared,66 ² + 9 ²,7
4438,six times nine cubed plus four cubed,6 * 9 ³ + 4 ³,7
4439,four squared cubed plus seven cubed,(4 ²) ³ + 7 ³,7
4440,sixty times seventy-four,60 * 74,7
4441,sixty-five squared plus six cubed,65 ² + 6 ³,7
4442,six times nine cubed plus sixty-eight,6 * 9 ³ + 68,8
4443,ninety-four squared halves plus five squared,94 ² / 2 + 5 ²,8
4444,forty-four times one hundred one,44 * 101,8
4445,forty thousand five ninths,40005 / 9,6
4446,forty thousand fourteen ninths,40014 / 9,7
4447,forty thousand twenty-three ninths,40023 / 9,8
4448,eight times five thousand four ninths,8 * 5004 / 9,7
4449,forty thousand forty-one ninths,40041 / 9,8
4450,fifty times eighty-nine,50 * 89,6
4451,forty thousand fifty-nine ninths,40059 / 9,8
4452,fifty-three times eighty-four,53 * 84,7
4453,eight thousand nine hundred six halves,8906 / 2,8
4454,six times nine cubed plus eighty,6 * 9 ³ + 80,7
4455,fifty-five times nine squared,55 * 9 ²,6
4456,sixty-six squared plus ten squared,66 ² + 10 ²,7
4457,four squared cubed plus nineteen squared,(4 ²) ³ + 19 ²,7
4458,fifty-five times nine squared plus three,55 * 9 ² + 3,8
4459,thirteen times seven cubed,13 * 7 ³,6
4460,thirty cubed sixths minus forty,30 ³ / 6 - 40,8
4461,thirteen times seven cubed plus two,13 * 7 ³ + 2,8
4462,fifty-eight thousand six thirteenths,58006 / 13,8
4463,thirteen times seven cubed plus four,13 * 7 ³ + 4,8
4464,thirty-one times twelve squared,31 * 12 ²,6
4465,ninety-four halves times ninety-five,94 / 2 * 95,8
4466,twenty-two times two hundred three,22 * 203,8
4467,thirty-one times twelve squared plus three,31 * 12 ² + 3,8
4468,thirty-one times twelve squared plus four,31 * 12 ² + 4,8
4469,forty-one times one hundred nine,41 * 109,8
4470,thirty cubed sixths minus thirty,30 ³ / 6 - 30,8
4471,thirteen times seven cubed plus twelve,13 * 7 ³ + 12,8
4472,fourteen cubed plus twelve cubed,14 ³ + 12 ³,6
4473,thirty cubed sixths minus three cubed,30 ³ / 6 - 3 ³,8
4474,six times nine cubed plus ten squared,6 * 9 ³ + 10 ²,7
4475,thirty cubed sixths minus five squared,30 ³ / 6 - 5 ²,8
4476,fourteen cubed plus twelve cubed plus four,14 ³ + 12 ³ + 4,8
4477,sixty-seven squared minus twelve,67 ² - 12,8
4478,fourteen cubed plus twelve cubed plus six,14 ³ + 12 ³ + 6,8
4479,sixty-seven squared minus ten,67 ² - 10,8
4480,fifty-six times eighty,56 * 80,6
4481,sixty-six squared plus five cubed,66 ² + 5 ³,7
4482,six cubed fourths times eighty-three,6 ³ / 4 * 83,7
4483,sixty-seven squared minus six,67 ² - 6,8
4484,sixty-seven squared minus five,67 ² - 5,8
4485,sixty-five times sixty-nine,65 * 69,7
4486,sixty-seven squared minus three,67 ² - 3,8
4487,sixty-seven squared minus two,67 ² - 2,8
4488,thirty cubed sixths minus twelve,30 ³ / 6 - 12,7
4489,sixty-seven squared,67 ²,5
4490,thirty cubed sixths minus ten,30 ³ / 6 - 10,7
4491,thirty cubed sixths minus nine,30 ³ / 6 - 9,7
4492,thirty cubed sixths minus eight,30 ³ / 6 - 8,7
4493,sixty-seven squared plus four,67 ² + 4,7
4494,thirty cubed sixths minus six,30 ³ / 6 - 6,7
4495,thirty cubed sixths minus five,30 ³ / 6 - 5,7
4496,thirty cubed sixths minus four,30 ³ / 6 - 4,7
4497,thirty cubed sixths minus three,30 ³ / 6 - 3,7
4498,thirty cubed sixths minus two,30 ³ / 6 - 2,7
4499,thirty cubed sixths minus one,30 ³ / 6 - 1,7
4500,thirty cubed sixths,30 ³ / 6,4
4501,nine thousand two halves,9002 / 2,5
4502,nine thousand four halves,9004 / 2,5
4503,nine thousand six halves,9006 / 2,5
4504,nine thousand eight halves,9008 / 2,5
4505,nine thousand ten halves,9010 / 2,5
4506,nine thousand twelve halves,9012 / 2,5
4507,nine thousand fourteen halves,9014 / 2,6
4508,nine thousand sixteen halves,9016 / 2,6
4509,nine thousand eighteen halves,9018 / 2,6
4510,nine thousand twenty halves,9020 / 2,6
4511,nine thousand twenty-two halves,9022 / 2,7
4512,thirty cubed sixths plus twelve,30 ³ / 6 + 12,6
4513,nine thousand twenty-six halves,9026 / 2,7
4514,nine thousand twenty-eight halves,9028 / 2,7
4515,nine thousand thirty halves,9030 / 2,6
4516,nine thousand thirty-two halves,9032 / 2,7
4517,nine thousand thirty-four halves,9034 / 2,7
4518,nine times five hundred two,9 * 502,6
4519,nine thousand thirty-eight halves,9038 / 2,7
4520,nine thousand forty halves,9040 / 2,6
4521,nine thousand forty-two halves,9042 / 2,7
4522,nine thousand forty-four halves,9044 / 2,7
4523,nine thousand forty-six halves,9046 / 2,7
4524,nine thousand forty-eight halves,9048 / 2,7
4525,nine thousand fifty halves,9050 / 2,6
4526,nine thousand fifty-two halves,9052 / 2,7
4527,nine times five hundred three,9 * 503,6
4528,nine thousand fifty-six halves,9056 / 2,7
4529,nine thousand fifty-eight halves,9058 / 2,7
4530,nine thousand sixty halves,9060 / 2,6
4531,nine thousand sixty-two halves,9062 / 2,7
4532,nine thousand sixty-four halves,9064 / 2,7
4533,nine thousand sixty-six halves,9066 / 2,7
4534,nine thousand sixty-eight halves,9068 / 2,7
4535,nine thousand seventy halves,9070 / 2,7
4536,fifty-six times nine squared,56 * 9 ²,6
4537,fifty-three squared plus twelve cubed,53 ² + 12 ³,7
4538,nine thousand seventy-six halves,9076 / 2,8
4539,fifty-one times eighty-nine,51 * 89,7
4540,nine thousand eighty halves,9080 / 2,6
4541,nine thousand eighty-two halves,9082 / 2,7
4542,nine thousand eighty-four halves,9084 / 2,7
4543,nine thousand eighty-six halves,9086 / 2,7
4544,nine thousand eighty-eight halves,9088 / 2,7
4545,nine thousand ninety halves,9090 / 2,6
4546,nine thousand ninety-two halves,9092 / 2,7
4547,nine thousand ninety-four halves,9094 / 2,7
4548,nine thousand ninety-six halves,9096 / 2,7
4549,nine thousand ninety-eight halves,9098 / 2,7
4550,fifty times ninety-one,50 * 91,6
4551,nine thousand one hundred two halves,9102 / 2,8
4552,nine thousand one hundred four halves,9104 / 2,8
4553,nine thousand one hundred six halves,9106 / 2,8
4554,nine times five hundred six,9 * 506,6
4555,nine thousand one hundred ten halves,9110 / 2,8
4556,forty-one thousand four ninths,41004 / 9,7
4557,seven squared times ninety-three,7 ² * 93,7
4558,fifty-three times eighty-six,53 * 86,7
4559,nine times five hundred six plus five,9 * 506 + 5,8
4560,five times nine hundred twelve,5 * 912,6
4561,nine squared squared minus two thousand,(9 ²) ² - 2000,8
4562,ninety squared halves plus eight cubed,90 ² / 2 + 8 ³,7
4563,thirty-nine cubed thirteenths,39 ³ / 13,6
4564,thirty cubed sixths plus four cubed,30 ³ / 6 + 4 ³,7
4565,fifty-five times eighty-three,55 * 83,7
4566,thirty-nine cubed thirteenths plus three,39 ³ / 13 + 3,8
4567,thirty-nine cubed thirteenths plus four,39 ³ / 13 + 4,8
4568,nine times eight cubed minus forty,9 * 8 ³ - 40,8
4569,thirty-nine cubed thirteenths plus six,39 ³ / 13 + 6,8
4570,five times nine hundred fourteen,5 * 914,7
4571,thirty-nine cubed thirteenths plus eight,39 ³ / 13 + 8,8
4572,nine times five hundred eight,9 * 508,6
4573,sixty-two squared plus nine cubed,62 ² + 9 ³,7
4574,sixty-eight squared minus fifty,68 ² - 50,8
4575,fifteen times three hundred five,15 * 305,7
4576,fifty-two times eighty-eight,52 * 88,7
4577,nine times five hundred eight plus five,9 * 508 + 5,8
4578,nine times eight cubed minus thirty,9 * 8 ³ - 30,8
4579,sixty-seven squared plus ninety,67 ² + 90,8
4580,five times nine hundred sixteen,5 * 916,7
4581,nine times five hundred nine,9 * 509,6
4582,fifty-eight times seventy-nine,58 * 79,8
4583,nine times eight cubed minus five squared,9 * 8 ³ - 5 ²,8
4584,fifty-five thousand eight twelfths,55008 / 12,7
4585,five times nine hundred seventeen,5 * 917,8
4586,nine times five hundred nine plus five,9 * 509 + 5,8
4587,nine times five hundred nine plus six,9 * 509 + 6,8
4588,sixty-eight squared minus six squared,68 ² - 6 ²,8
4589,nine times eight cubed minus nineteen,9 * 8 ³ - 19,8
4590,fifty-one times ninety,51 * 90,6
4591,fifty-one times ninety plus one,51 * 90 + 1,8
4592,fifty-six times eighty-two,56 * 82,7
4593,nine times eight cubed minus fifteen,9 * 8 ³ - 15,8
4594,sixty-eight squared minus thirty,68 ² - 30,8
4595,five times nine hundred nineteen,5 * 919,7
4596,nine times eight cubed minus twelve,9 * 8 ³ - 12,7
4597,sixty-eight squared minus three cubed,68 ² - 3 ³,8
4598,nine times eight cubed minus ten,9 * 8 ³ - 10,7
4599,nine times eight cubed minus nine,9 * 8 ³ - 9,7
4600,forty-six times ten squared,46 * 10 ²,6
4601,forty-six thousand ten tenths,46010 / 10,7
4602,twenty-three thousand ten fifths,23010 / 5,7
4603,nine times eight cubed minus five,9 * 8 ³ - 5,7
4604,nine times eight cubed minus four,9 * 8 ³ - 4,7
4605,nine times eight cubed minus three,9 * 8 ³ - 3,7
4606,nine times eight cubed minus two,9 * 8 ³ - 2,7
4607,nine times eight cubed minus one,9 * 8 ³ - 1,7
4608,nine times eight cubed,9 * 8 ³,4
4609,nine times eight cubed plus one,9 * 8 ³ + 1,6
4610,nine times eight cubed plus two,9 * 8 ³ + 2,6
4611,nine times eight cubed plus three,9 * 8 ³ + 3,6
4612,nine times eight cubed plus four,9 * 8 ³ + 4,6
4613,nine times eight cubed plus five,9 * 8 ³ + 5,6
4614,nine times eight cubed plus six,9 * 8 ³ + 6,6
4615,sixty-eight squared minus nine,68 ² - 9,7
4616,nine times eight cubed plus eight,9 * 8 ³ + 8,6
4617,nineteen times nine cubed thirds,19 * 9 ³ / 3,6
4618,nine times eight cubed plus ten,9 * 8 ³ + 10,6
4619,sixty-eight squared minus five,68 ² - 5,7
4620,nine times eight cubed plus twelve,9 * 8 ³ + 12,6
4621,sixty-eight squared minus three,68 ² - 3,7
4622,sixty-eight squared minus two,68 ² - 2,7
4623,sixty-eight squared minus one,68 ² - 1,7
4624,sixty-eight squared,68 ²,4
4625,sixty-eight squared plus one,68 ² + 1,6
4626,sixty-eight squared plus two,68 ² + 2,6
4627,sixty-eight squared plus three,68 ² + 3,6
4628,sixty-eight squared plus four,68 ² + 4,6
4629,sixty-eight squared plus five,68 ² + 5,6
4630,sixty-eight squared plus six,68 ² + 6,6
4631,sixty-eight squared plus seven,68 ² + 7,7
4632,sixty-eight squared plus eight,68 ² + 8,6
4633,sixty-eight squared plus nine,68 ² + 9,6
4634,sixty-eight squared plus ten,68 ² + 10,6
4635,fifteen times three hundred nine,15 * 309,7
4636,sixty-eight squared plus twelve,68 ² + 12,6
4637,sixty-eight squared plus thirteen,68 ² + 13,7
4638,sixty-eight squared plus fourteen,68 ² + 14,7
4639,sixty-eight squared plus fifteen,68 ² + 15,7
4640,fifty-eight times eighty,58 * 80,6
4641,fifty-one times ninety-one,51 * 91,7
4642,sixty-eight squared plus eighteen,68 ² + 18,7
4643,sixty-eight squared plus nineteen,68 ² + 19,7
4644,six cubed fourths times eighty-six,6 ³ / 4 * 86,7
4645,five times nine cubed plus ten cubed,5 * 9 ³ + 10 ³,7
4646,forty-six times one hundred one,46 * 101,8
4647,nine thousand six halves plus twelve squared,9006 / 2 + 12 ²,8
4648,fifty-six times eighty-three,56 * 83,7
4649,sixty-eight squared plus five squared,68 ² + 5 ²,7
4650,fifty times ninety-three,50 * 93,6
4651,sixty-eight squared plus three cubed,68 ² + 3 ³,7
4652,nine thousand three hundred four halves,9304 / 2,8
4653,nine thousand three hundred six halves,9306 / 2,8
4654,sixty-eight squared plus thirty,68 ² + 30,7
4655,seven squared times ninety-five,7 ² * 95,7
4656,nine thousand three hundred twelve halves,9312 / 2,8
4657,five thousand minus seven cubed,5000 - 7 ³,8
4658,nine times eight cubed plus fifty,9 * 8 ³ + 50,7
4659,fifty times ninety-three plus nine,50 * 93 + 9,8
4660,sixty-eight squared plus six squared,68 ² + 6 ²,7
4661,sixty-nine squared minus ten squared,69 ² - 10 ²,8
4662,nine times five hundred eighteen,9 * 518,7
4663,sixty-eight squared plus thirty-nine,68 ² + 39,8
4664,fifty-three times eighty-eight,53 * 88,7
4665,five times nine hundred thirty-three,5 * 933,8
4666,sixty-eight squared plus forty-two,68 ² + 42,8
4667,fourteen thousand one thirds,14001 / 3,6
4668,fourteen thousand four thirds,14004 / 3,6
4669,fourteen thousand seven thirds,14007 / 3,7
4670,fourteen thousand ten thirds,14010 / 3,6
4671,fourteen thousand thirteen thirds,14013 / 3,7
4672,fourteen thousand sixteen thirds,14016 / 3,7
4673,fourteen thousand nineteen thirds,14019 / 3,7
4674,sixty-eight squared plus fifty,68 ² + 50,7
4675,fifty-five times eighty-five,55 * 85,7
4676,fourteen thousand twenty-eight thirds,14028 / 3,8
4677,fourteen thousand thirty-one thirds,14031 / 3,8
4678,fourteen thousand thirty-four thirds,14034 / 3,8
4679,fourteen thousand ten thirds plus nine,14010 / 3 + 9,8
4680,fifty-two times ninety,52 * 90,6
4681,fourteen thousand forty-three thirds,14043 / 3,8
4682,fourteen thousand forty-six thirds,14046 / 3,8
4683,fourteen thousand forty-nine thirds,14049 / 3,8
4684,sixty-eight squared plus sixty,68 ² + 60,7
4685,fourteen thousand fifty-five thirds,14055 / 3,8
4686,fourteen thousand fifty-eight thirds,14058 / 3,8
4687,fourteen thousand sixty-one thirds,14061 / 3,8
4688,sixty-eight squared plus four cubed,68 ² + 4 ³,7
4689,nine times eight cubed plus nine squared,9 * 8 ³ + 9 ²,7
4690,sixty-seven times seventy,67 * 70,8
4691,nine times eight cubed plus eighty-three,9 * 8 ³ + 83,8
4692,sixty-eight times sixty-nine,68 * 69,7
4693,thirteen times nineteen squared,13 * 19 ²,6
4694,fourteen thousand eighty-two thirds,14082 / 3,8
4695,fourteen thousand eighty-five thirds,14085 / 3,8
4696,four squared cubed plus six hundred,(4 ²) ³ + 600,7
4697,fifty squared plus thirteen cubed,50 ² + 13 ³,7
4698,fifty-eight times nine squared,58 * 9 ²,6
4699,fifty-eight times nine squared plus one,58 * 9 ² + 1,8
4700,fifty times ninety-four,50 * 94,6
4701,forty-seven thousand ten tenths,47010 / 10,8
4702,nine thousand four hundred four halves,9404 / 2,8
4703,nine thousand four hundred six halves,9406 / 2,8
4704,six times twenty-eight squared,6 * 28 ²,6
4705,sixty-eight squared plus nine squared,68 ² + 9 ²,7
4706,nine thousand four hundred twelve halves,9412 / 2,8
4707,nine times five hundred twenty-three,9 * 523,8
4708,nine times eight cubed plus ten squared,9 * 8 ³ + 10 ²,7
4709,six times twenty-eight squared plus five,6 * 28 ² + 5,8
4710,fifteen times three hundred fourteen,15 * 314,8
4711,sixty-nine squared minus fifty,69 ² - 50,8
4712,five thousand minus twelve cubed sixths,5000 - 12 ³ / 6,8
4713,six times twenty-eight squared plus nine,6 * 28 ² + 9,8
4714,sixty-eight squared plus ninety,68 ² + 90,7
4715,sixty-six thousand ten fourteenths,66010 / 14,8
4716,thirty cubed sixths plus six cubed,30 ³ / 6 + 6 ³,7
4717,fifty-three times eighty-nine,53 * 89,7
4718,nine thousand four halves plus six cubed,9004 / 2 + 6 ³,8
4719,thirty-nine times eleven squared,39 * 11 ²,8
4720,fifty-nine times eighty,59 * 80,6
4721,sixty-one squared plus ten cubed,61 ² + 10 ³,7
4722,fifty-nine times eighty plus two,59 * 80 + 2,8
4723,fifty-nine times eighty plus three,59 * 80 + 3,8
4724,sixty-eight squared plus ten squared,68 ² + 10 ²,7
4725,twenty-one times fifteen squared,21 * 15 ²,7
4726,fifty-nine times eighty plus six,59 * 80 + 6,8
4727,eighteen thousand nine hundred eight fourths,18908 / 4,9
4728,three thousand plus twelve cubed,3000 + 12 ³,6
4729,four thousand plus nine cubed,4000 + 9 ³,6
4730,fifty-five times eighty-six,55 * 86,7
4731,four thousand two plus nine cubed,4002 + 9 ³,7
4732,fifty-two times ninety-one,52 * 91,7
4733,nine times eight cubed plus five cubed,9 * 8 ³ + 5 ³,7
4734,four thousand five plus nine cubed,4005 + 9 ³,7
4735,four thousand six plus nine cubed,4006 + 9 ³,7
4736,four cubed times seventy-four,4 ³ * 74,7
4737,ninety thousand three nineteenths,90003 / 19,7
4738,four thousand nine plus nine cubed,4009 + 9 ³,7
4739,four thousand ten plus nine cubed,4010 + 9 ³,7
4740,sixty times seventy-nine,60 * 79,7
4741,four thousand twelve plus nine cubed,4012 + 9 ³,7
4742,nineteen thousand fourths minus eight,19000 / 4 - 8,8
4743,fifty-one times ninety-three,51 * 93,7
4744,fourteen cubed plus two thousand,14 ³ + 2000,7
4745,nineteen thousand fourths minus five,19000 / 4 - 5,8
4746,nineteen thousand fourths minus four,19000 / 4 - 4,8
4747,nineteen thousand fourths minus three,19000 / 4 - 3,8
4748,nineteen thousand fourths minus two,19000 / 4 - 2,8
4749,sixty-nine squared minus twelve,69 ² - 12,7
4750,nineteen thousand fourths,19000 / 4,5
4751,nineteen thousand four fourths,19004 / 4,6
4752,nineteen thousand eight fourths,19008 / 4,6
4753,nineteen thousand twelve fourths,19012 / 4,6
4754,nineteen thousand sixteen fourths,19016 / 4,7
4755,sixty-nine squared minus six,69 ² - 6,7
4756,sixty-nine squared minus five,69 ² - 5,7
4757,sixty-nine squared minus four,69 ² - 4,7
4758,sixty-nine squared minus three,69 ² - 3,7
4759,sixty-nine squared minus two,69 ² - 2,7
4760,sixty-nine squared minus one,69 ² - 1,7
4761,sixty-nine squared,69 ²,4
4762,sixty-nine squared plus one,69 ² + 1,6
4763,sixty-nine squared plus two,69 ² + 2,6
4764,sixty-nine squared plus three,69 ² + 3,6
4765,sixty-nine squared plus four,69 ² + 4,6
4766,sixty-nine squared plus five,69 ² + 5,6
4767,sixty-nine squared plus six,69 ² + 6,6
4768,sixty-nine squared plus seven,69 ² + 7,7
4769,sixty-nine squared plus eight,69 ² + 8,6
4770,fifty-three times ninety,53 * 90,6
4771,sixty-nine squared plus ten,69 ² + 10,6
4772,nineteen thousand eighty-eight fourths,19088 / 4,8
4773,sixty-nine squared plus twelve,69 ² + 12,6
4774,sixty-nine squared plus thirteen,69 ² + 13,7
4775,sixty-nine squared plus fourteen,69 ² + 14,7
4776,sixty-nine squared plus fifteen,69 ² + 15,7
4777,sixty-nine squared plus four squared,69 ² + 4 ²,7
4778,forty-three thousand two ninths,43002 / 9,7
4779,fifty-nine times nine squared,59 * 9 ²,6
4780,sixty-nine squared plus nineteen,69 ² + 19,7
4781,sixty-nine squared plus twenty,69 ² + 20,7
4782,fifty-nine times nine squared plus three,59 * 9 ² + 3,8
4783,fifty-nine times nine squared plus four,59 * 9 ² + 4,8
4784,five thousand minus six cubed,5000 - 6 ³,7
4785,five thousand one minus six cubed,5001 - 6 ³,8
4786,sixty-nine squared plus five squared,69 ² + 5 ²,7
4787,five thousand three minus six cubed,5003 - 6 ³,8
4788,sixty-nine squared plus three cubed,69 ² + 3 ³,7
4789,five thousand five minus six cubed,5005 - 6 ³,8
4790,ninety-one thousand ten nineteenths,91010 / 19,8
4791,sixty-nine squared plus thirty,69 ² + 30,7
4792,fourteen squared squared eighths minus ten,(14 ²) ² / 8 - 10,8
4793,fourteen squared squared eighths minus nine,(14 ²) ² / 8 - 9,8
4794,fifty-one times ninety-four,51 * 94,7
4795,sixty times eighty minus five,60 * 80 - 5,8
4796,fourteen squared squared eighths minus six,(14 ²) ² / 8 - 6,8
4797,sixty-nine squared plus six squared,69 ² + 6 ²,7
4798,fourteen squared squared eighths minus four,(14 ²) ² / 8 - 4,8
4799,fourteen squared squared eighths minus three,(14 ²) ² / 8 - 3,8
4800,sixty times eighty,60 * 80,5
4801,forty-eight thousand ten tenths,48010 / 10,7
4802,fourteen squared squared eighths,(14 ²) ² / 8,5
4803,three times eight thousand five fifths,3 * 8005 / 5,7
4804,four times twelve thousand ten tenths,4 * 12010 / 10,7
4805,five times thirty-one squared,5 * 31 ²,6
4806,six times eight hundred one,6 * 801,6
4807,fourteen squared squared eighths plus five,(14 ²) ² / 8 + 5,7
4808,eight times six hundred one,8 * 601,6
4809,sixty times eighty plus nine,60 * 80 + 9,7
4810,fourteen squared squared eighths plus eight,(14 ²) ² / 8 + 8,7
4811,fourteen squared squared eighths plus nine,(14 ²) ² / 8 + 9,7
4812,twelve times four hundred one,12 * 401,6
4813,seventeen cubed minus ten squared,17 ³ - 10 ²,8
4814,fifty-eight times eighty-three,58 * 83,7
4815,nine times five hundred thirty-five,9 * 535,8
4816,eight times six hundred two,8 * 602,6
4817,eight times six hundred two plus one,8 * 602 + 1,8
4818,six times eight hundred three,6 * 803,6
4819,seventy squared minus nine squared,70 ² - 9 ²,8
4820,seventy squared minus eighty,70 ² - 80,8
4821,sixty-nine squared plus sixty,69 ² + 60,7
4822,six times eight hundred three plus four,6 * 803 + 4,8
4823,fifty-three times ninety-one,53 * 91,7
4824,twelve times four hundred two,12 * 402,6
4825,four squared cubed plus nine cubed,(4 ²) ³ + 9 ³,6
4826,nineteen times five hundred eight halves,19 * 508 / 2,8
4827,four squared cubed plus nine cubed plus two,(4 ²) ³ + 9 ³ + 2,8
4828,sixty-eight times seventy-one,68 * 71,8
4829,four squared cubed plus nine cubed plus four,(4 ²) ³ + 9 ³ + 4,8
4830,six times eight hundred five,6 * 805,6
4831,five thousand minus thirteen squared,5000 - 13 ²,8
4832,eight times six hundred four,8 * 604,6
4833,nine squared squared minus twelve cubed,(9 ²) ² - 12 ³,7
4834,fifty-eight thousand eight twelfths,58008 / 12,7
4835,twenty-nine thousand ten sixths,29010 / 6,7
4836,twelve times four hundred three,12 * 403,6
4837,twelve times four hundred three plus one,12 * 403 + 1,8
4838,fifty-nine times eighty-two,59 * 82,7
4839,twelve times four hundred three plus three,12 * 403 + 3,8
4840,ten times twenty-two squared,10 * 22 ²,6
4841,sixty-nine squared plus eighty,69 ² + 80,7
4842,six times eight hundred seven,6 * 807,7
4843,ten times twenty-two squared plus three,10 * 22 ² + 3,8
4844,sixty-two squared plus ten cubed,62 ² + 10 ³,7
4845,fifty-one times ninety-five,51 * 95,7
4846,ten times twenty-two squared plus six,10 * 22 ² + 6,8
4847,sixty-nine squared plus eighty-six,69 ² + 86,8
4848,twelve times four hundred four,12 * 404,6
4849,seventeen cubed minus four cubed,17 ³ - 4 ³,8
4850,fifty times ninety-seven,50 * 97,7
4851,seven squared times ninety-nine,7 ² * 99,7
4852,sixty times nine squared minus eight,60 * 9 ² - 8,8
4853,five to the fifth plus twelve cubed,5 ⁵ + 12 ³,7
4854,six times eight hundred nine,6 * 809,6
4855,sixty times nine squared minus five,60 * 9 ² - 5,8
4856,five thousand minus twelve squared,5000 - 12 ²,7
4857,sixty times nine squared minus three,60 * 9 ² - 3,8
4858,sixty-eight thousand twelve fourteenths,68012 / 14,8
4859,sixty times nine squared minus one,60 * 9 ² - 1,8
4860,sixty times nine squared,60 * 9 ²,5
4861,sixty times nine squared plus one,60 * 9 ² + 1,7
4862,sixty times nine squared plus two,60 * 9 ² + 2,7
4863,sixty times nine squared plus three,60 * 9 ² + 3,7
4864,nineteen times four squared squared,19 * (4 ²) ²,6
4865,sixty times nine squared plus five,60 * 9 ² + 5,7
4866,sixty times nine squared plus six,60 * 9 ² + 6,7
4867,nineteen times four squared squared plus three,19 * (4 ²) ² + 3,8
4868,sixty times nine squared plus eight,60 * 9 ² + 8,7
4869,sixty times nine squared plus nine,60 * 9 ² + 9,7
4870,sixty times nine squared plus ten,60 * 9 ² + 10,7
4871,sixty-one times eighty minus nine,61 * 80 - 9,9
4872,twelve times four hundred six,12 * 406,6
4873,seventeen cubed minus forty,17 ³ - 40,8
4874,twelve times four hundred six plus two,12 * 406 + 2,8
4875,thirty-nine times five cubed,39 * 5 ³,6
4876,thirty-nine thousand eight eighths,39008 / 8,7
4877,thirty-nine thousand sixteen eighths,39016 / 8,8
4878,six times eight hundred thirteen,6 * 813,7
4879,five thousand four minus five cubed,5004 - 5 ³,8
4880,sixty-one times eighty,61 * 80,6
4881,five thousand six minus five cubed,5006 - 5 ³,8
4882,seventy squared minus eighteen,70 ² - 18,8
4883,five thousand eight minus five cubed,5008 - 5 ³,8
4884,twelve times four hundred seven,12 * 407,7
4885,five thousand ten minus five cubed,5010 - 5 ³,8
4886,sixty-nine squared plus five cubed,69 ² + 5 ³,7
4887,five thousand twelve minus five cubed,5012 - 5 ³,8
4888,seventy squared minus twelve,70 ² - 12,7
4889,forty-four thousand one ninths,44001 / 9,7
4890,forty-four thousand ten ninths,44010 / 9,7
4891,seventy squared minus nine,70 ² - 9,7
4892,seventy squared minus eight,70 ² - 8,7
4893,seventeen cubed minus twenty,17 ³ - 20,8
4894,seventy squared minus six,70 ² - 6,7
4895,seventy squared minus five,70 ² - 5,7
4896,thirty-four times twelve squared,34 * 12 ²,6
4897,seventy squared minus three,70 ² - 3,7
4898,seventy squared minus two,70 ² - 2,7
4899,seventy squared minus one,70 ² - 1,7
4900,seventy squared,70 ²,4
4901,seventy squared plus one,70 ² + 1,6
4902,seventy squared plus two,70 ² + 2,6
4903,seventy squared plus three,70 ² + 3,6
4904,seventy squared plus four,70 ² + 4,6
4905,seventy squared plus five,70 ² + 5,6
4906,seventy squared plus six,70 ² + 6,6
4907,seventeen cubed minus six,17 ³ - 6,7
4908,twelve times four hundred nine,12 * 409,6
4909,seventy squared plus nine,70 ² + 9,6
4910,seventy squared plus ten,70 ² + 10,6
4911,seventeen cubed minus two,17 ³ - 2,7
4912,seventy squared plus twelve,70 ² + 12,6
4913,seventeen cubed,17 ³,4
4914,seventeen cubed plus one,17 ³ + 1,6
4915,seventeen cubed plus two,17 ³ + 2,6
4916,seventeen cubed plus three,17 ³ + 3,6
4917,seventeen cubed plus four,17 ³ + 4,6
4918,seventeen cubed plus five,17 ³ + 5,6
4919,seventeen cubed plus six,17 ³ + 6,6
4920,sixty times eighty-two,60 * 82,6
4921,seventeen cubed plus eight,17 ³ + 8,6
4922,seventeen cubed plus nine,17 ³ + 9,6
4923,seventeen cubed plus ten,17 ³ + 10,6
4924,sixty-four thousand twelve thirteenths,64012 / 13,8
4925,seventeen cubed plus twelve,17 ³ + 12,6
4926,seventeen cubed plus thirteen,17 ³ + 13,7
4927,seventeen cubed plus fourteen,17 ³ + 14,7
4928,fifty-six times eighty-eight,56 * 88,7
4929,fifty-three times ninety-three,53 * 93,7
4930,fifty-eight times eighty-five,58 * 85,7
4931,seventeen cubed plus eighteen,17 ³ + 18,7
4932,seventeen cubed plus nineteen,17 ³ + 19,7
4933,seventeen cubed plus twenty,17 ³ + 20,7
4934,five thousand minus sixty-six,5000 - 66,8
4935,five thousand minus sixty-five,5000 - 65,8
4936,five thousand minus four cubed,5000 - 4 ³,7
4937,five thousand one minus four cubed,5001 - 4 ³,8
4938,seventeen cubed plus five squared,17 ³ + 5 ²,7
4939,five thousand three minus four cubed,5003 - 4 ³,8
4940,five thousand minus sixty,5000 - 60,7
4941,sixty-one times nine squared,61 * 9 ²,6
4942,five thousand six minus four cubed,5006 - 4 ³,8
4943,seventeen cubed plus thirty,17 ³ + 30,7
4944,twelve times four hundred twelve,12 * 412,6
4945,eighty-nine thousand ten halves ninths,89010 / 2 / 9,8
4946,five thousand ten minus four cubed,5010 - 4 ³,8
4947,five thousand minus fifty-three,5000 - 53,8
4948,ninety-four thousand twelve nineteenths,94012 / 19,8
4949,seventeen cubed plus six squared,17 ³ + 6 ²,7
4950,fifty-five times ninety,55 * 90,6
4951,nine thousand nine hundred two halves,9902 / 2,8
4952,eight times six hundred nineteen,8 * 619,7
4953,seventeen cubed plus forty,17 ³ + 40,7
4954,sixty-five squared plus nine cubed,65 ² + 9 ³,7
4955,nine thousand nine hundred ten halves,9910 / 2,8
4956,fifty-nine times eighty-four,59 * 84,7
4957,five thousand minus forty-three,5000 - 43,8
4958,five thousand eight minus fifty,5008 - 50,8
4959,five thousand nine minus fifty,5009 - 50,8
4960,sixty-two times eighty,62 * 80,6
4961,five thousand one minus forty,5001 - 40,8
4962,five thousand twelve minus fifty,5012 - 50,8
4963,seventeen cubed plus fifty,17 ³ + 50,7
4964,five thousand minus six squared,5000 - 6 ²,7
4965,five thousand five minus forty,5005 - 40,8
4966,five thousand six minus forty,5006 - 40,8
4967,five thousand three minus six squared,5003 - 6 ²,8
4968,twenty-three times six cubed,23 * 6 ³,6
4969,sixty-three squared plus ten cubed,63 ² + 10 ³,7
4970,five thousand minus thirty,5000 - 30,7
4971,five thousand one minus thirty,5001 - 30,8
4972,five thousand twelve minus forty,5012 - 40,8
4973,five thousand minus three cubed,5000 - 3 ³,7
4974,five thousand ten minus six squared,5010 - 6 ²,8
4975,five thousand minus five squared,5000 - 5 ²,7
4976,ten times eight cubed minus twelve squared,10 * 8 ³ - 12 ²,8
4977,seventeen cubed plus four cubed,17 ³ + 4 ³,7
4978,five thousand eight minus thirty,5008 - 30,8
4979,five thousand nine minus thirty,5009 - 30,8
4980,sixty times eighty-three,60 * 83,6
4981,five thousand minus nineteen,5000 - 19,7
4982,five thousand minus eighteen,5000 - 18,7
4983,five thousand ten minus three cubed,5010 - 3 ³,8
4984,five thousand minus four squared,5000 - 4 ²,7
4985,five thousand minus fifteen,5000 - 15,7
4986,five thousand minus fourteen,5000 - 14,7
4987,five thousand minus thirteen,5000 - 13,7
4988,five thousand minus twelve,5000 - 12,6
4989,five thousand one minus twelve,5001 - 12,7
4990,five thousand minus ten,5000 - 10,6
4991,five thousand minus nine,5000 - 9,6
4992,five thousand minus eight,5000 - 8,6
4993,five thousand five minus twelve,5005 - 12,7
4994,five thousand minus six,5000 - 6,6
4995,five thousand minus five,5000 - 5,6
4996,five thousand minus four,5000 - 4,6
4997,five thousand minus three,5000 - 3,6
4998,five thousand minus two,5000 - 2,6
4999,five thousand minus one,5000 - 1,6
5000,five thousand,5000,3
5001,five thousand one,5001,4
5002,five thousand two,5002,4
5003,five thousand three,5003,4
5004,five thousand four,5004,4
5005,five thousand five,5005,4
5006,five thousand six,5006,4
5007,five thousand seven,5007,5
5008,five thousand eight,5008,4
5009,five thousand nine,5009,4
5010,five thousand ten,5010,4
5011,five thousand ten plus one,5010 + 1,6
5012,five thousand twelve,5012,4
5013,five thousand thirteen,5013,5
5014,five thousand fourteen,5014,5
5015,five thousand fifteen,5015,5
5016,five thousand sixteen,5016,5
5017,five thousand twelve plus five,5012 + 5,6
5018,five thousand eighteen,5018,5
5019,five thousand nineteen,5019,5
5020,five thousand twenty,5020,5
5021,five thousand twelve plus nine,5012 + 9,6
5022,sixty-two times nine squared,62 * 9 ²,6
5023,five thousand twenty-three,5023,6
5024,five thousand twelve plus twelve,5012 + 12,6
5025,ten thousand fifty halves,10050 / 2,6
5026,five thousand twenty-six,5026,6
5027,five thousand plus three cubed,5000 + 3 ³,6
5028,five thousand twenty-eight,5028,6
5029,five thousand twenty-nine,5029,6
5030,five thousand thirty,5030,5
5031,five thousand thirty-one,5031,6
5032,five thousand thirty-two,5032,6
5033,five thousand thirty-three,5033,6
5034,five thousand thirty-four,5034,6
5035,five thousand thirty-five,5035,6
5036,five thousand plus six squared,5000 + 6 ²,6
5037,five thousand twelve plus five squared,5012 + 5 ²,7
5038,five thousand thirty-eight,5038,6
5039,five thousand thirty-nine,5039,6
5040,five thousand forty,5040,5
5041,seventy-one squared,71 ²,5
5042,five thousand forty-two,5042,6
5043,three times forty-one squared,3 * 41 ²,6
5044,five thousand forty-four,5044,6
5045,ten thousand ninety halves,10090 / 2,6
5046,six times twenty-nine squared,6 * 29 ²,6
5047,ten thousand ninety-four halves,10094 / 2,7
5048,five thousand forty-eight,5048,6
5049,five thousand forty-nine,5049,6
5050,five thousand fifty,5050,5
5051,five thousand fifty-one,5051,6
5052,five thousand fifty-two,5052,6
5053,five thousand fifty-three,5053,6
5054,fourteen times nineteen squared,14 * 19 ²,6
5055,five thousand fifty-five,5055,6
5056,five thousand fifty-six,5056,6
5057,seventeen cubed plus twelve squared,17 ³ + 12 ²,7
5058,five thousand fifty-eight,5058,6
5059,five thousand fifty-nine,5059,6
5060,five thousand sixty,5060,5
5061,five thousand sixty-one,5061,6
5062,five thousand sixty-two,5062,6
5063,five thousand sixty-three,5063,6
5064,five thousand plus four cubed,5000 + 4 ³,6
5065,five thousand sixty-five,5065,6
5066,five thousand sixty-six,5066,6
5067,five thousand three plus four cubed,5003 + 4 ³,7
5068,five thousand sixty-eight,5068,6
5069,five thousand sixty-nine,5069,6
5070,thirty times thirteen squared,30 * 13 ²,6
5071,five thousand seventy-one,5071,7
5072,five thousand sixty plus twelve,5060 + 12,7
5073,five thousand nine plus four cubed,5009 + 4 ³,7
5074,fifty-nine times eighty-six,59 * 86,7
5075,five squared times two hundred three,5 ² * 203,7
5076,six cubed fourths times ninety-four,6 ³ / 4 * 94,7
5077,sixty-six thousand one thirteenths,66001 / 13,8
5078,five thousand seventy-eight,5078,7
5079,five thousand seventy-nine,5079,7
5080,five thousand eighty,5080,5
5081,five thousand plus nine squared,5000 + 9 ²,6
5082,five thousand eighty-two,5082,6
5083,five thousand eighty-three,5083,6
5084,five thousand eighty-four,5084,6
5085,five thousand eighty-five,5085,6
5086,five thousand eighty-six,5086,6
5087,five thousand six plus nine squared,5006 + 9 ²,7
5088,five thousand eighty-eight,5088,6
5089,five thousand eighty-nine,5089,6
5090,five thousand ninety,5090,5
5091,five thousand ninety-one,5091,6
5092,five thousand ninety-two,5092,6
5093,five thousand ninety-three,5093,6
5094,five thousand ninety-four,5094,6
5095,five thousand ninety-five,5095,6
5096,four squared cubed plus ten cubed,(4 ²) ³ + 10 ³,6
5097,five thousand ninety-seven,5097,7
5098,five thousand ninety-eight,5098,6
5099,five thousand ninety-nine,5099,6
5100,fifty-one times ten squared,51 * 10 ²,6
5101,fifty-one thousand ten tenths,51010 / 10,7
5102,five thousand ninety plus twelve,5090 + 12,7
5103,seven times nine cubed,7 * 9 ³,5
5104,fifty-eight times eighty-eight,58 * 88,7
5105,seven times nine cubed plus two,7 * 9 ³ + 2,7
5106,seven times nine cubed plus three,7 * 9 ³ + 3,7
5107,seven times nine cubed plus four,7 * 9 ³ + 4,7
5108,ten times eight cubed minus twelve,10 * 8 ³ - 12,7
5109,seven times nine cubed plus six,7 * 9 ³ + 6,7
5110,ten times eight cubed minus ten,10 * 8 ³ - 10,7
5111,ten times eight cubed minus nine,10 * 8 ³ - 9,7
5112,forty-six thousand eight ninths,46008 / 9,7
5113,seven times nine cubed plus ten,7 * 9 ³ + 10,7
5114,ten times eight cubed minus six,10 * 8 ³ - 6,7
5115,ten times eight cubed minus five,10 * 8 ³ - 5,7
5116,ten times eight cubed minus four,10 * 8 ³ - 4,7
5117,ten times eight cubed minus three,10 * 8 ³ - 3,7
5118,ten times eight cubed minus two,10 * 8 ³ - 2,7
5119,ten times eight cubed minus one,10 * 8 ³ - 1,7
5120,ten times eight cubed,10 * 8 ³,4
5121,ten times eight cubed plus one,10 * 8 ³ + 1,6
5122,ten times eight cubed plus two,10 * 8 ³ + 2,6
5123,ten times eight cubed plus three,10 * 8 ³ + 3,6
5124,ten times eight cubed plus four,10 * 8 ³ + 4,6
5125,forty-one times five cubed,41 * 5 ³,6
5126,ten times eight cubed plus six,10 * 8 ³ + 6,6
5127,ten times eight cubed plus seven,10 * 8 ³ + 7,7
5128,ten times eight cubed plus eight,10 * 8 ³ + 8,6
5129,ten times eight cubed plus nine,10 * 8 ³ + 9,6
5130,ten times eight cubed plus ten,10 * 8 ³ + 10,6
5131,nineteen cubed minus twelve cubed,19 ³ - 12 ³,7
5132,ten times eight cubed plus twelve,10 * 8 ³ + 12,6
5133,ten times eight cubed plus thirteen,10 * 8 ³ + 13,7
5134,ten times eight cubed plus fourteen,10 * 8 ³ + 14,7
5135,ten times eight cubed plus fifteen,10 * 8 ³ + 15,7
5136,ten times eight cubed plus four squared,10 * 8 ³ + 4 ²,7
5137,five thousand twelve plus five cubed,5012 + 5 ³,7
5138,ten times eight cubed plus eighteen,10 * 8 ³ + 18,7
5139,ten times eight cubed plus nineteen,10 * 8 ³ + 19,7
5140,ten times five hundred fourteen,10 * 514,7
5141,twelve thousand minus nineteen cubed,12000 - 19 ³,8
5142,ten times eight cubed plus twelve plus ten,10 * 8 ³ + 12 + 10,8
5143,thirty-six thousand one sevenths,36001 / 7,8
5144,five thousand plus twelve squared,5000 + 12 ²,6
5145,fifteen times seven cubed,15 * 7 ³,6
5146,sixty-two times eighty-three,62 * 83,7
5147,ten times eight cubed plus three cubed,10 * 8 ³ + 3 ³,7
5148,fifty-two times ninety-nine,52 * 99,7
5149,five thousand five plus twelve squared,5005 + 12 ²,7
5150,ten thousand three hundred halves,10300 / 2,7
5151,ten thousand three hundred two halves,10302 / 2,8
5152,fifty-six times ninety-two,56 * 92,7
5153,five thousand nine plus twelve squared,5009 + 12 ²,7
5154,five thousand ten plus twelve squared,5010 + 12 ²,7
5155,ten thousand three hundred ten halves,10310 / 2,8
5156,ten times eight cubed plus six squared,10 * 8 ³ + 6 ²,7
5157,six cubed thirds squared minus three cubed,(6 ³ / 3) ² - 3 ³,8
5158,ninety-eight thousand two nineteenths,98002 / 19,8
5159,six cubed thirds squared minus five squared,(6 ³ / 3) ² - 5 ²,8
5160,sixty times eighty-six,60 * 86,6
5161,eighty-three squared minus twelve cubed,83 ² - 12 ³,8
5162,fifty-eight times eighty-nine,58 * 89,7
5163,sixty times eighty-six plus three,60 * 86 + 3,8
5164,six cubed thirds squared minus twenty,(6 ³ / 3) ² - 20,8
5165,six cubed thirds squared minus nineteen,(6 ³ / 3) ² - 19,8
5166,sixty-three times eighty-two,63 * 82,7
5167,sixty-two thousand four twelfths,62004 / 12,7
5168,thirty-one thousand eight sixths,31008 / 6,7
5169,five thousand plus thirteen squared,5000 + 13 ²,7
5170,fifty-five times ninety-four,55 * 94,7
5171,six cubed thirds squared minus thirteen,(6 ³ / 3) ² - 13,8
5172,six cubed thirds squared minus twelve,(6 ³ / 3) ² - 12,7
5173,ten times eight cubed plus fifty-three,10 * 8 ³ + 53,8
5174,six cubed thirds squared minus ten,(6 ³ / 3) ² - 10,7
5175,six cubed thirds squared minus nine,(6 ³ / 3) ² - 9,7
5176,six cubed thirds squared minus eight,(6 ³ / 3) ² - 8,7
5177,six cubed thirds squared minus seven,(6 ³ / 3) ² - 7,8
5178,six cubed thirds squared minus six,(6 ³ / 3) ² - 6,7
5179,six cubed thirds squared minus five,(6 ³ / 3) ² - 5,7
5180,six cubed thirds squared minus four,(6 ³ / 3) ² - 4,7
5181,six cubed thirds squared minus three,(6 ³ / 3) ² - 3,7
5182,six cubed thirds squared minus two,(6 ³ / 3) ² - 2,7
5183,six cubed thirds squared minus one,(6 ³ / 3) ² - 1,7
5184,six cubed thirds squared,(6 ³ / 3) ²,4
5185,six cubed thirds squared plus one,(6 ³ / 3) ² + 1,6
5186,six cubed thirds squared plus two,(6 ³ / 3) ² + 2,6
5187,six cubed thirds squared plus three,(6 ³ / 3) ² + 3,6
5188,six cubed thirds squared plus four,(6 ³ / 3) ² + 4,6
5189,six cubed thirds squared plus five,(6 ³ / 3) ² + 5,6
5190,six cubed thirds squared plus six,(6 ³ / 3) ² + 6,6
5191,six cubed thirds squared plus seven,(6 ³ / 3) ² + 7,7
5192,six cubed thirds squared plus eight,(6 ³ / 3) ² + 8,6
5193,six cubed thirds squared plus nine,(6 ³ / 3) ² + 9,6
5194,six cubed thirds squared plus ten,(6 ³ / 3) ² + 10,6
5195,five times one thousand thirty-nine,5 * 1039,8
5196,six cubed thirds squared plus twelve,(6 ³ / 3) ² + 12,6
5197,six cubed thirds squared plus thirteen,(6 ³ / 3) ² + 13,7
5198,six cubed thirds squared plus fourteen,(6 ³ / 3) ² + 14,7
5199,six cubed thirds squared plus fifteen,(6 ³ / 3) ² + 15,7
5200,sixty-five times eighty,65 * 80,6
5201,fifty-two thousand ten tenths,52010 / 10,7
5202,two hundred four squared eighths,204 ² / 8,6
5203,six cubed thirds squared plus nineteen,(6 ³ / 3) ² + 19,7
5204,six cubed thirds squared plus twenty,(6 ³ / 3) ² + 20,7
5205,five thousand two hundred five,5205,7
5206,five thousand two hundred six,5206,7
5207,eighteen cubed minus five squared squared,18 ³ - (5 ²) ²,8
5208,sixty-two times eighty-four,62 * 84,7
5209,six cubed thirds squared plus five squared,(6 ³ / 3) ² + 5 ²,7
5210,ten times eight cubed plus ninety,10 * 8 ³ + 90,7
5211,six cubed thirds squared plus three cubed,(6 ³ / 3) ² + 3 ³,7
5212,five thousand two hundred twelve,5212,7
5213,thirteen times four hundred one,13 * 401,7
5214,six cubed thirds squared plus thirty,(6 ³ / 3) ² + 30,7
5215,five times one thousand forty-three,5 * 1043,8
5216,five thousand plus six cubed,5000 + 6 ³,6
5217,five thousand one plus six cubed,5001 + 6 ³,7
5218,five thousand two plus six cubed,5002 + 6 ³,7
5219,five thousand three plus six cubed,5003 + 6 ³,7
5220,fifty-eight times ninety,58 * 90,6
5221,five thousand five plus six cubed,5005 + 6 ³,7
5222,five thousand six plus six cubed,5006 + 6 ³,7
5223,fifty-eight times ninety plus three,58 * 90 + 3,8
5224,six cubed thirds squared plus forty,(6 ³ / 3) ² + 40,7
5225,fifty-five times ninety-five,55 * 95,7
5226,thirteen times four hundred two,13 * 402,7
5227,six cubed thirds squared plus forty-three,(6 ³ / 3) ² + 43,8
5228,five thousand twelve plus six cubed,5012 + 6 ³,7
5229,sixty-three times eighty-three,63 * 83,7
5230,ten times five hundred twenty-three,10 * 523,8
5231,sixty-eight thousand three thirteenths,68003 / 13,8
5232,eighteen cubed minus six hundred,18 ³ - 600,8
5233,nine thousand eight halves plus nine cubed,9008 / 2 + 9 ³,8
5234,six cubed thirds squared plus fifty,(6 ³ / 3) ² + 50,7
5235,five thousand nineteen plus six cubed,5019 + 6 ³,8
5236,seventeen times three hundred eight,17 * 308,8
5237,six cubed thirds squared plus fifty-three,(6 ³ / 3) ² + 53,8
5238,six cubed fourths times ninety-seven,6 ³ / 4 * 97,8
5239,thirty-one times thirteen squared,31 * 13 ²,7
5240,ten times five hundred twenty-four,10 * 524,8
5241,forty-two times five cubed minus nine,42 * 5 ³ - 9,9
5242,six cubed thirds squared plus fifty-eight,(6 ³ / 3) ² + 58,8
5243,five thousand plus nine cubed thirds,5000 + 9 ³ / 3,7
5244,six cubed thirds squared plus sixty,(6 ³ / 3) ² + 60,7
5245,ten times eight cubed plus five cubed,10 * 8 ³ + 5 ³,7
5246,sixty-one times eighty-six,61 * 86,7
5247,fifty-three times ninety-nine,53 * 99,7
5248,four cubed times eighty-two,4 ³ * 82,6
5249,four cubed times eighty-two plus one,4 ³ * 82 + 1,8
5250,forty-two times five cubed,42 * 5 ³,6
5251,sixty-three thousand twelve twelfths,63012 / 12,7
5252,twenty-one thousand eight fourths,21008 / 4,7
5253,twenty-one thousand twelve fourths,21012 / 4,7
5254,twenty-one thousand sixteen fourths,21016 / 4,8
5255,ten thousand five hundred ten halves,10510 / 2,8
5256,five thousand plus four squared squared,5000 + (4 ²) ²,7
5257,seven times nine thousand twelve twelfths,7 * 9012 / 12,8
5258,forty-two times five cubed plus eight,42 * 5 ³ + 8,8
5259,nineteen cubed minus forty squared,19 ³ - 40 ²,8
5260,ten times five hundred twenty-six,10 * 526,8
5261,five thousand five plus four squared squared,5005 + (4 ²) ²,8
5262,forty-two times five cubed plus twelve,42 * 5 ³ + 12,8
5263,twenty-one thousand fifty-two fourths,21052 / 4,9
5264,fifty-six times ninety-four,56 * 94,7
5265,sixty-five times nine squared,65 * 9 ²,6
5266,sixty-five times nine squared plus one,65 * 9 ² + 1,8
5267,sixty-five times nine squared plus two,65 * 9 ² + 2,8
5268,twelve times four hundred thirty-nine,12 * 439,8
5269,sixty-five times nine squared plus four,65 * 9 ² + 4,8
5270,sixty-two times eighty-five,62 * 85,7
5271,six thousand minus nine cubed,6000 - 9 ³,7
5272,seven thousand minus twelve cubed,7000 - 12 ³,8
5273,sixty-nine squared plus eight cubed,69 ² + 8 ³,7
5274,six cubed thirds squared plus ninety,(6 ³ / 3) ² + 90,7
5275,six thousand four minus nine cubed,6004 - 9 ³,8
5276,six thousand five minus nine cubed,6005 - 9 ³,8
5277,six thousand six minus nine cubed,6006 - 9 ³,8
5278,fifty-eight times ninety-one,58 * 91,7
5279,six thousand eight minus nine cubed,6008 - 9 ³,8
5280,sixty-six times eighty,66 * 80,6
5281,six thousand ten minus nine cubed,6010 - 9 ³,8
5282,sixty-six times eighty plus two,66 * 80 + 2,8
5283,six thousand twelve minus nine cubed,6012 - 9 ³,8
5284,six cubed thirds squared plus ten squared,(6 ³ / 3) ² + 10 ²,7
5285,sixty-six times eighty plus five,66 * 80 + 5,8
5286,six times eight hundred eighty-one,6 * 881,8
5287,thirty-seven thousand nine sevenths,37009 / 7,9
5288,five thousand plus twelve cubed sixths,5000 + 12 ³ / 6,7
5289,sixty-six times eighty plus nine,66 * 80 + 9,8
5290,ten times twenty-three squared,10 * 23 ²,6
5291,thirteen times four hundred seven,13 * 407,8
5292,forty-two cubed fourteenths,42 ³ / 14,6
5293,forty-two cubed fourteenths plus one,42 ³ / 14 + 1,8
5294,forty-two cubed fourteenths plus two,42 ³ / 14 + 2,8
5295,five times one thousand fifty-nine,5 * 1059,8
5296,four thousand plus six squared squared,4000 + (6 ²) ²,7
5297,forty-two cubed fourteenths plus five,42 ³ / 14 + 5,8
5298,six times eight hundred eighty-three,6 * 883,8
5299,ten times twenty-three squared plus nine,10 * 23 ² + 9,8
5300,fifty-three times ten squared,53 * 10 ²,6
5301,fifty-three thousand ten tenths,53010 / 10,7
5302,five thousand three hundred two,5302,7
5303,five thousand three hundred three,5303,7
5304,thirteen times four hundred eight,13 * 408,7
5305,five thousand three hundred five,5305,7
5306,five thousand three hundred six,5306,7
5307,sixty-one times eighty-seven,61 * 87,8
5308,five thousand three hundred eight,5308,7
5309,six cubed thirds squared plus five cubed,(6 ³ / 3) ² + 5 ³,7
5310,fifty-nine times ninety,59 * 90,6
5311,fifty-nine times ninety plus one,59 * 90 + 1,8
5312,four cubed times eighty-three,4 ³ * 83,6
5313,eighty-five thousand eight halves eighths,85008 / 2 / 8,8
5314,twenty-two cubed halves minus ten,22 ³ / 2 - 10,8
5315,twenty-two cubed halves minus nine,22 ³ / 2 - 9,8
5316,twenty-two cubed halves minus eight,22 ³ / 2 - 8,8
5317,thirteen times four hundred nine,13 * 409,7
5318,twenty-two cubed halves minus six,22 ³ / 2 - 6,8
5319,seventy-three squared minus ten,73 ² - 10,8
5320,eighteen cubed minus eight cubed,18 ³ - 8 ³,7
5321,seventy-three squared minus eight,73 ² - 8,8
5322,twenty-two cubed halves minus two,22 ³ / 2 - 2,8
5323,seventy-three squared minus six,73 ² - 6,8
5324,twenty-two cubed halves,22 ³ / 2,5
5325,twenty-two cubed halves plus one,22 ³ / 2 + 1,7
5326,twenty-two cubed halves plus two,22 ³ / 2 + 2,7
5327,twenty-two cubed halves plus three,22 ³ / 2 + 3,7
5328,sixty squared plus twelve cubed,60 ² + 12 ³,6
5329,seventy-three squared,73 ²,5
5330,sixty-five times eighty-two,65 * 82,7
5331,seventy-three squared plus two,73 ² + 2,7
5332,sixty-two times eighty-six,62 * 86,7
5333,seventy-three squared plus four,73 ² + 4,7
5334,sixteen thousand two thirds,16002 / 3,6
5335,sixteen thousand five thirds,16005 / 3,6
5336,sixteen thousand eight thirds,16008 / 3,6
5337,seventy-three squared plus eight,73 ² + 8,7
5338,sixteen thousand fourteen thirds,16014 / 3,7
5339,seventy-three squared plus ten,73 ² + 10,7
5340,sixty times eighty-nine,60 * 89,6
5341,seventy-three squared plus twelve,73 ² + 12,7
5342,sixteen thousand twenty-six thirds,16026 / 3,8
5343,five thousand plus seven cubed,5000 + 7 ³,7
5344,eight times six thousand twelve ninths,8 * 6012 / 9,7
5345,sixteen thousand thirty-five thirds,16035 / 3,8
5346,sixty-six times nine squared,66 * 9 ²,6
5347,sixteen thousand forty-one thirds,16041 / 3,8
5348,sixteen thousand forty-four thirds,16044 / 3,8
5349,sixty-six times nine squared plus three,66 * 9 ² + 3,8
5350,ten thousand seven hundred halves,10700 / 2,8
5351,sixteen thousand fifty-three thirds,16053 / 3,8
5352,sixteen thousand fifty-six thirds,16056 / 3,8
5353,sixty-eight squared plus nine cubed,68 ² + 9 ³,7
5354,sixteen thousand sixty-two thirds,16062 / 3,8
5355,sixty-three times eighty-five,63 * 85,7
5356,thirteen times four hundred twelve,13 * 412,7
5357,sixteen thousand seventy-one thirds,16071 / 3,9
5358,three times nineteen times ninety-four,3 * 19 * 94,8
5359,seventy-three squared plus thirty,73 ² + 30,8
5360,sixty-seven times eighty,67 * 80,7
5361,five thousand plus nineteen squared,5000 + 19 ²,7
5362,sixteen thousand eighty-six thirds,16086 / 3,8
5363,sixteen thousand eighty-nine thirds,16089 / 3,8
5364,sixteen thousand ninety-two thirds,16092 / 3,8
5365,sixteen thousand ninety-five thirds,16095 / 3,8
5366,sixteen thousand ninety-eight thirds,16098 / 3,8
5367,five thousand six plus nineteen squared,5006 + 19 ²,8
5368,sixty-one times eighty-eight,61 * 88,7
5369,fifty-nine times ninety-one,59 * 91,7
5370,thirty cubed fifths minus thirty,30 ³ / 5 - 30,8
5371,five thousand ten plus nineteen squared,5010 + 19 ²,8
5372,sixty-eight times seventy-nine,68 * 79,8
5373,five times nine cubed plus twelve cubed,5 * 9 ³ + 12 ³,7
5374,six times nine cubed plus ten cubed,6 * 9 ³ + 10 ³,7
5375,forty-three times five cubed,43 * 5 ³,6
5376,four cubed times eighty-four,4 ³ * 84,6
5377,forty-three thousand sixteen eighths,43016 / 8,8
5378,four cubed times eighty-four plus two,4 ³ * 84 + 2,8
5379,four cubed times eighty-four plus three,4 ³ * 84 + 3,8
5380,thirty cubed fifths minus twenty,30 ³ / 5 - 20,8
5381,thirty cubed fifths minus nineteen,30 ³ / 5 - 19,8
5382,thirty cubed fifths minus eighteen,30 ³ / 5 - 18,8
5383,forty-three times five cubed plus eight,43 * 5 ³ + 8,8
5384,thirty cubed fifths minus four squared,30 ³ / 5 - 4 ²,8
5385,seventy thousand five thirteenths,70005 / 13,8
5386,thirty cubed fifths minus fourteen,30 ³ / 5 - 14,8
5387,thirty cubed fifths minus thirteen,30 ³ / 5 - 13,8
5388,thirty cubed fifths minus twelve,30 ³ / 5 - 12,7
5389,seventy-three squared plus sixty,73 ² + 60,8
5390,thirty cubed fifths minus ten,30 ³ / 5 - 10,7
5391,thirty cubed fifths minus nine,30 ³ / 5 - 9,7
5392,thirty cubed fifths minus eight,30 ³ / 5 - 8,7
5393,thirty cubed fifths minus seven,30 ³ / 5 - 7,8
5394,thirty cubed fifths minus six,30 ³ / 5 - 6,7
5395,thirty cubed fifths minus five,30 ³ / 5 - 5,7
5396,thirty cubed fifths minus four,30 ³ / 5 - 4,7
5397,thirty cubed fifths minus three,30 ³ / 5 - 3,7
5398,thirty cubed fifths minus two,30 ³ / 5 - 2,7
5399,thirty cubed fifths minus one,30 ³ / 5 - 1,7
5400,thirty cubed fifths,30 ³ / 5,4
5401,thirty cubed fifths plus one,30 ³ / 5 + 1,6
5402,thirty cubed fifths plus two,30 ³ / 5 + 2,6
5403,thirty cubed fifths plus three,30 ³ / 5 + 3,6
5404,thirty cubed fifths plus four,30 ³ / 5 + 4,6
5405,thirty cubed fifths plus five,30 ³ / 5 + 5,6
5406,six times nine hundred one,6 * 901,6
5407,thirty cubed fifths plus seven,30 ³ / 5 + 7,7
5408,two hundred eight squared eighths,208 ² / 8,6
5409,nine times six hundred one,9 * 601,6
5410,thirty cubed fifths plus ten,30 ³ / 5 + 10,6
5411,thirty cubed fifths plus ten plus one,30 ³ / 5 + 10 + 1,8
5412,six times nine hundred two,6 * 902,6
5413,thirty cubed fifths plus thirteen,30 ³ / 5 + 13,7
5414,thirty cubed fifths plus fourteen,30 ³ / 5 + 14,7
5415,fifteen times nineteen squared,15 * 19 ²,6
5416,thirty cubed fifths plus four squared,30 ³ / 5 + 4 ²,7
5417,sixty-five thousand four twelfths,65004 / 12,7
5418,nine times six hundred two,9 * 602,6
5419,thirty cubed fifths plus nineteen,30 ³ / 5 + 19,7
5420,thirty cubed fifths plus twenty,30 ³ / 5 + 20,7
5421,thirteen times five thousand four twelfths,13 * 5004 / 12,8
5422,nine times six hundred two plus four,9 * 602 + 4,8
5423,nine times six hundred two plus five,9 * 602 + 5,8
5424,six times nine hundred four,6 * 904,6
5425,thirty cubed fifths plus five squared,30 ³ / 5 + 5 ²,7
5426,six times nine hundred four plus two,6 * 904 + 2,8
5427,nine times six hundred three,9 * 603,6
5428,fifty-nine times ninety-two,59 * 92,7
5429,sixty-one times eighty-nine,61 * 89,7
5430,six times nine hundred five,6 * 905,6
5431,six times nine hundred five plus one,6 * 905 + 1,8
5432,five thousand plus twelve cubed fourths,5000 + 12 ³ / 4,7
5433,six times nine hundred five plus three,6 * 905 + 3,8
5434,twenty-six times two hundred nine,26 * 209,8
5435,six times nine hundred five plus five,6 * 905 + 5,8
5436,nine times six hundred four,9 * 604,6
5437,nine times six hundred four plus one,9 * 604 + 1,8
5438,nine times six hundred four plus two,9 * 604 + 2,8
5439,twelve thousand minus nine squared squared,12000 - (9 ²) ²,8
5440,sixty-eight times eighty,68 * 80,6
5441,sixty-eight times eighty plus one,68 * 80 + 1,8
5442,six times nine hundred seven,6 * 907,7
5443,sixty-eight times eighty plus three,68 * 80 + 3,8
5444,sixty-eight times eighty plus four,68 * 80 + 4,8
5445,nine times six hundred five,9 * 605,6
5446,forty-nine thousand fourteen ninths,49014 / 9,8
5447,thirteen times four hundred nineteen,13 * 419,8
5448,six times nine hundred eight,6 * 908,6
5449,sixty-one squared plus twelve cubed,61 ² + 12 ³,7
5450,ten thousand nine hundred halves,10900 / 2,7
5451,ten thousand nine hundred two halves,10902 / 2,8
5452,fifty-eight times ninety-four,58 * 94,7
5453,ten thousand nine hundred six halves,10906 / 2,8
5454,nine times six hundred six,9 * 606,6
5455,ten thousand nine hundred ten halves,10910 / 2,8
5456,sixty-two times eighty-eight,62 * 88,7
5457,nine times six hundred six plus three,9 * 606 + 3,8
5458,nine times six hundred six plus four,9 * 606 + 4,8
5459,fifty-three times one hundred three,53 * 103,8
5460,sixty times ninety-one,60 * 91,6
5461,sixty times ninety-one plus one,60 * 91 + 1,8
5462,sixty times ninety-one plus two,60 * 91 + 2,8
5463,nine times six hundred seven,9 * 607,7
5464,thirty cubed fifths plus four cubed,30 ³ / 5 + 4 ³,7
5465,five times one thousand ninety-three,5 * 1093,8
5466,seventy-four squared minus ten,74 ² - 10,8
5467,eighty-two thousand five thirds fifths,82005 / 3 / 5,8
5468,seventy-four squared minus eight,74 ² - 8,8
5469,sixty times ninety-one plus nine,60 * 91 + 9,8
5470,seventy-four squared minus six,74 ² - 6,8
5471,seventy-four squared minus five,74 ² - 5,8
5472,thirty-eight times twelve squared,38 * 12 ²,6
5473,seventy-four squared minus three,74 ² - 3,8
5474,seventy-four squared minus two,74 ² - 2,8
5475,seventy-four squared minus one,74 ² - 1,8
5476,seventy-four squared,74 ²,5
5477,seventy-four squared plus one,74 ² + 1,7
5478,sixty-six times eighty-three,66 * 83,7
5479,seventy-four squared plus three,74 ² + 3,7
5480,seventy-four squared plus four,74 ² + 4,7
5481,nine times six hundred nine,9 * 609,6
5482,seventy-four squared plus six,74 ² + 6,7
5483,twenty-eight cubed fourths minus five,28 ³ / 4 - 5,8
5484,six times nine hundred fourteen,6 * 914,7
5485,seventy-four squared plus nine,74 ² + 9,7
5486,seventy-four squared plus ten,74 ² + 10,7
5487,fifty-nine times ninety-three,59 * 93,7
5488,twenty-eight cubed fourths,28 ³ / 4,5
5489,twenty-eight cubed fourths plus one,28 ³ / 4 + 1,7
5490,sixty-one times ninety,61 * 90,6
5491,nineteen times seventeen squared,19 * 17 ²,7
5492,twenty-eight cubed fourths plus four,28 ³ / 4 + 4,7
5493,twenty-eight cubed fourths plus five,28 ³ / 4 + 5,7
5494,twenty-eight cubed fourths plus six,28 ³ / 4 + 6,7
5495,five times one thousand ninety-nine,5 * 1099,8
5496,six times nine hundred sixteen,6 * 916,7
5497,twenty-eight cubed fourths plus nine,28 ³ / 4 + 9,7
5498,twenty-eight cubed fourths plus ten,28 ³ / 4 + 10,7
5499,nine times six hundred eleven,9 * 611,8
5500,eleven thousand halves,11000 / 2,6
5501,sixty-six thousand twelve twelfths,66012 / 12,7
5502,thirty-three thousand twelve sixths,33012 / 6,7
5503,twenty-two thousand twelve fourths,22012 / 4,7
5504,four cubed times eighty-six,4 ³ * 86,6
5505,eleven thousand ten halves,11010 / 2,7
5506,eleven thousand twelve halves,11012 / 2,7
5507,eleven thousand fourteen halves,11014 / 2,8
5508,sixty-eight times nine squared,68 * 9 ²,6
5509,five thousand five hundred nine,5509,7
5510,fifty-eight times ninety-five,58 * 95,7
5511,eleven times five hundred one,11 * 501,8
5512,five thousand plus eight cubed,5000 + 8 ³,6
5513,five thousand one plus eight cubed,5001 + 8 ³,7
5514,six times nine hundred nineteen,6 * 919,7
5515,five thousand three plus eight cubed,5003 + 8 ³,7
5516,five thousand four plus eight cubed,5004 + 8 ³,7
5517,nine times six hundred thirteen,9 * 613,7
5518,sixty-two times eighty-nine,62 * 89,7
5519,five thousand seven plus eight cubed,5007 + 8 ³,8
5520,sixty-nine times eighty,69 * 80,6
5521,five thousand nine plus eight cubed,5009 + 8 ³,7
5522,five thousand ten plus eight cubed,5010 + 8 ³,7
5523,sixty-nine times eighty plus three,69 * 80 + 3,8
5524,five thousand twelve plus eight cubed,5012 + 8 ³,7
5525,sixty-five times eighty-five,65 * 85,7
5526,nine times six hundred fourteen,9 * 614,7
5527,five thousand fifteen plus eight cubed,5015 + 8 ³,8
5528,eight times six hundred ninety-one,8 * 691,8
5529,sixty-nine times eighty plus nine,69 * 80 + 9,8
5530,eleven thousand sixty halves,11060 / 2,8
5531,five thousand nineteen plus eight cubed,5019 + 8 ³,8
5532,eighteen cubed minus three hundred,18 ³ - 300,8
5533,eleven times five hundred three,11 * 503,8
5534,eighty-three thousand ten thirds fifths,83010 / 3 / 5,8
5535,three cubed times two hundred five,3 ³ * 205,7
5536,eighty squared minus twelve cubed halves,80 ² - 12 ³ / 2,8
5537,three times forty-three squared minus ten,3 * 43 ² - 10,9
5538,six times nine hundred twenty-three,6 * 923,8
5539,three times forty-three squared minus eight,3 * 43 ² - 8,9
5540,eleven thousand eighty halves,11080 / 2,8
5541,eleven thousand eighty-two halves,11082 / 2,9
5542,five thousand thirty plus eight cubed,5030 + 8 ³,8
5543,eleven thousand eighty-six halves,11086 / 2,9
5544,sixty-six times eighty-four,66 * 84,7
5545,eleven thousand ninety halves,11090 / 2,8
5546,fifty-nine times ninety-four,59 * 94,7
5547,three times forty-three squared,3 * 43 ²,6
5548,three times forty-three squared plus one,3 * 43 ² + 1,8
5549,three times forty-three squared plus two,3 * 43 ² + 2,8
5550,ten times five hundred fifty-five,10 * 555,8
5551,sixty-one times ninety-one,61 * 91,7
5552,eight times six hundred ninety-four,8 * 694,8
5553,nine times six hundred seventeen,9 * 617,8
5554,four squared cubed plus eighteen cubed fourths,(4 ²) ³ + 18 ³ / 4,8
5555,fifty-five times one hundred one,55 * 101,8
5556,fifty thousand four ninths,50004 / 9,6
5557,fifty thousand thirteen ninths,50013 / 9,7
5558,fifty thousand twenty-two ninths,50022 / 9,8
5559,fifty thousand thirty-one ninths,50031 / 9,8
5560,ten times five thousand four ninths,10 * 5004 / 9,7
5561,nine squared squared minus ten cubed,(9 ²) ² - 10 ³,7
5562,three cubed times two hundred six,3 ³ * 206,7
5563,eighty-nine thousand eight halves eighths,89008 / 2 / 8,8
5564,fifty thousand four ninths plus eight,50004 / 9 + 8,8
5565,fifty thousand eighty-five ninths,50085 / 9,8
5566,fifty thousand ninety-four ninths,50094 / 9,8
5567,fifty thousand one hundred three ninths,50103 / 9,9
5568,fifty-eight times eight times twelve,58 * 8 * 12,7
5569,twenty-eight cubed fourths plus nine squared,28 ³ / 4 + 9 ²,8
5570,ten times five thousand thirteen ninths,10 * 5013 / 9,8
5571,nine times six hundred nineteen,9 * 619,7
5572,sixty-two squared plus twelve cubed,62 ² + 12 ³,7
5573,nine squared squared plus twelve minus ten cubed,(9 ²) ² + 12 - 10 ³,9
5574,six times nine hundred twenty-nine,6 * 929,8
5575,sixty-two times ninety minus five,62 * 90 - 5,9
5576,sixty-eight times eighty-two,68 * 82,7
5577,thirty-three times thirteen squared,33 * 13 ²,7
5578,twenty-eight cubed fourths plus ninety,28 ³ / 4 + 90,8
5579,five thousand three plus twelve cubed thirds,5003 + 12 ³ / 3,8
5580,sixty-two times ninety,62 * 90,6
5581,sixty-two times ninety plus one,62 * 90 + 1,8
5582,eighteen cubed minus ten cubed fourths,18 ³ - 10 ³ / 4,8
5583,sixty-two times ninety plus three,62 * 90 + 3,8
5584,sixty-seven thousand eight twelfths,67008 / 12,8
5585,sixty-two times ninety plus five,62 * 90 + 5,8
5586,three times nineteen times ninety-eight,3 * 19 * 98,8
5587,sixty-nine times nine squared minus two,69 * 9 ² - 2,9
5588,eleven times five hundred eight,11 * 508,8
5589,sixty-nine times nine squared,69 * 9 ²,6
5590,sixty-five times eighty-six,65 * 86,7
5591,sixty-nine times nine squared plus two,69 * 9 ² + 2,8
5592,twelve times four hundred sixty-six,12 * 466,8
5593,sixty-nine times nine squared plus four,69 * 9 ² + 4,8
5594,sixty-nine times nine squared plus five,69 * 9 ² + 5,8
5595,sixty-nine times nine squared plus six,69 * 9 ² + 6,8
5596,thirty cubed fifths plus fourteen squared,30 ³ / 5 + 14 ²,8
5597,sixty-nine times nine squared plus eight,69 * 9 ² + 8,8
5598,nine times six hundred twenty-two,9 * 622,8
5599,eleven times five hundred nine,11 * 509,8
5600,seventy times eighty,70 * 80,6
5601,fifty-six thousand ten tenths,56010 / 10,7
5602,twenty-eight thousand ten fifths,28010 / 5,7
5603,five thousand six hundred three,5603,7
5604,five thousand six hundred four,5604,7
5605,fifty-nine times ninety-five,59 * 95,7
5606,five thousand six hundred six,5606,7
5607,sixty-three times eighty-nine,63 * 89,7
5608,eight times seven hundred one,8 * 701,7
5609,five thousand six hundred nine,5609,7
5610,sixty-six times eighty-five,66 * 85,7
5611,twenty-eight thousand fifty-five fifths,28055 / 5,9
5612,sixty-one times ninety-two,61 * 92,7
5613,thirty squared twelfths squared minus twelve,(30 ² / 12) ² - 12,8
5614,fourteen times four hundred one,14 * 401,7
5615,thirty squared twelfths squared minus ten,(30 ² / 12) ² - 10,8
5616,thirty-nine times twelve squared,39 * 12 ²,6
5617,thirty squared twelfths squared minus eight,(30 ² / 12) ² - 8,8
5618,two hundred twelve squared eighths,212 ² / 8,6
5619,thirty squared twelfths squared minus six,(30 ² / 12) ² - 6,8
5620,thirty squared twelfths squared minus five,(30 ² / 12) ² - 5,8
5621,seven times eight hundred three,7 * 803,7
5622,thirty squared twelfths squared minus three,(30 ² / 12) ² - 3,8
5623,thirty squared twelfths squared minus two,(30 ² / 12) ² - 2,8
5624,eight times seven hundred three,8 * 703,7
5625,thirty squared twelfths squared,(30 ² / 12) ²,5
5626,forty-five thousand eight eighths,45008 / 8,7
5627,thirty squared twelfths squared plus two,(30 ² / 12) ² + 2,7
5628,fourteen times four hundred two,14 * 402,7
5629,thirty squared twelfths squared plus four,(30 ² / 12) ² + 4,7
5630,five times nine thousand eight eighths,5 * 9008 / 8,7
5631,thirty squared twelfths squared plus six,(30 ² / 12) ² + 6,7
5632,eleven times eight cubed,11 * 8 ³,6
5633,thirty squared twelfths squared plus eight,(30 ² / 12) ² + 8,7
5634,nine times five thousand eight eighths,9 * 5008 / 8,7
5635,seven times eight hundred five,7 * 805,7
5636,eighteen cubed minus fourteen squared,18 ³ - 14 ²,8
5637,thirty squared twelfths squared plus twelve,(30 ² / 12) ² + 12,7
5638,eleven times eight cubed plus six,11 * 8 ³ + 6,8
5639,six thousand minus nineteen squared,6000 - 19 ²,8
5640,sixty times ninety-four,60 * 94,6
5641,sixty times ninety-four plus one,60 * 94 + 1,8
5642,sixty-two times ninety-one,62 * 91,7
5643,three cubed times two hundred nine,3 ³ * 209,7
5644,sixty-eight times eighty-three,68 * 83,7
5645,sixty times ninety-four plus five,60 * 94 + 5,8
5646,six times nine hundred forty-one,6 * 941,8
5647,six thousand eight minus nineteen squared,6008 - 19 ²,9
5648,eight times seven hundred six,8 * 706,7
5649,seven times eight hundred seven,7 * 807,8
5650,fifty times nine hundred four eighths,50 * 904 / 8,8
5651,seventy-six squared minus five cubed,76 ² - 5 ³,9
5652,eighteen times three hundred fourteen,18 * 314,8
5653,twelve squared squared sixths plus thirteen cubed,(12 ²) ² / 6 + 13 ³,8
5654,eleven times five hundred fourteen,11 * 514,9
5655,sixty-five times eighty-seven,65 * 87,8
5656,fourteen times four hundred four,14 * 404,7
5657,six thousand minus seven cubed,6000 - 7 ³,8
5658,sixty-nine times eighty-two,69 * 82,7
5659,six thousand two minus seven cubed,6002 - 7 ³,9
5660,ten times five hundred sixty-six,10 * 566,8
5661,nine squared squared minus thirty squared,(9 ²) ² - 30 ²,8
5662,seventy times nine squared minus eight,70 * 9 ² - 8,9
5663,seven times eight hundred nine,7 * 809,7
5664,fifty-nine times eight times twelve,59 * 8 * 12,7
5665,fifty-five times one hundred three,55 * 103,8
5666,seventy times nine squared minus four,70 * 9 ² - 4,9
5667,sixty-eight thousand four twelfths,68004 / 12,7
5668,fifty-one thousand twelve ninths,51012 / 9,7
5669,thirty-four thousand fourteen sixths,34014 / 6,8
5670,seventy times nine squared,70 * 9 ²,6
5671,eighty squared minus nine cubed,80 ² - 9 ³,7
5672,eight times seven hundred nine,8 * 709,7
5673,sixty-one times ninety-three,61 * 93,7
5674,seventy times nine squared plus four,70 * 9 ² + 4,8
5675,five squared times nine hundred eight fourths,5 ² * 908 / 4,8
5676,sixty-six times eighty-six,66 * 86,7
5677,fifty-one thousand ninety-three ninths,51093 / 9,9
5678,seventy times nine squared plus eight,70 * 9 ² + 8,8
5679,nine times six hundred thirty-one,9 * 631,8
5680,seventy-one times eighty,71 * 80,7
5681,four thousand plus forty-one squared,4000 + 41 ²,8
5682,seventy times nine squared plus twelve,70 * 9 ² + 12,8
5683,thirty-four thousand ninety-eight sixths,34098 / 6,9
5684,fifty-eight times ninety-eight,58 * 98,7
5685,thirty squared twelfths squared plus sixty,(30 ² / 12) ² + 60,8
5686,five thousand plus fourteen cubed fourths,5000 + 14 ³ / 4,8
5687,seventeen thousand sixty-one thirds,17061 / 3,9
5688,eighteen cubed minus twelve squared,18 ³ - 12 ²,7
5689,thirty squared twelfths squared plus four cubed,(30 ² / 12) ² + 4 ³,8
5690,ten times five hundred sixty-nine,10 * 569,8
5691,seven times eight hundred thirteen,7 * 813,8
5692,seventy-four squared plus six cubed,74 ² + 6 ³,8
5693,seventy-four thousand nine thirteenths,74009 / 13,9
5694,six times nine hundred forty-nine,6 * 949,8
5695,sixty-seven times eighty-five,67 * 85,8
5696,four cubed times eighty-nine,4 ³ * 89,6
5697,sixty-three squared plus twelve cubed,63 ² + 12 ³,7
5698,fourteen times four hundred seven,14 * 407,8
5699,four cubed times eighty-nine plus three,4 ³ * 89 + 3,8
5700,sixty times ninety-five,60 * 95,6
5701,fifty-seven thousand ten tenths,57010 / 10,8
5702,sixty times ninety-five plus two,60 * 95 + 2,8
5703,three times nineteen thousand ten tenths,3 * 19010 / 10,8
5704,sixty-two times ninety-two,62 * 92,7
5705,seven times eight hundred fifteen,7 * 815,8
5706,nine times six hundred thirty-four,9 * 634,8
5707,eighteen cubed minus five cubed,18 ³ - 5 ³,7
5708,sixty times ninety-five plus eight,60 * 95 + 8,8
5709,sixty times ninety-five plus nine,60 * 95 + 9,8
5710,sixty times ninety-five plus ten,60 * 95 + 10,8
5711,eighteen cubed plus four minus five cubed,18 ³ + 4 - 5 ³,9
5712,sixty-eight times eighty-four,68 * 84,7
5713,seventeen cubed plus eight hundred,17 ³ + 800,8
5714,six thousand two minus twelve cubed sixths,6002 - 12 ³ / 6,9
5715,eighty thousand ten fourteenths,80010 / 14,7
5716,forty thousand twelve sevenths,40012 / 7,7
5717,forty thousand nineteen sevenths,40019 / 7,8
5718,six times nine hundred fifty-three,6 * 953,8
5719,nineteen times three hundred one,19 * 301,7
5720,sixty-five times eighty-eight,65 * 88,7
5721,thirty-three cubed ninths plus twelve cubed,33 ³ / 9 + 12 ³,8
5722,forty thousand fifty-four sevenths,40054 / 7,9
5723,fifty-nine times ninety-seven,59 * 97,8
5724,fifty-three times six cubed halves,53 * 6 ³ / 2,7
5725,thirty squared twelfths squared plus ten squared,(30 ² / 12) ² + 10 ²,8
5726,fourteen times four hundred nine,14 * 409,7
5727,sixty-nine times eighty-three,69 * 83,7
5728,four thousand plus twelve cubed,4000 + 12 ³,6
5729,five thousand plus nine cubed,5000 + 9 ³,6
5730,five thousand one plus nine cubed,5001 + 9 ³,7
5731,five thousand two plus nine cubed,5002 + 9 ³,7
5732,eighteen cubed minus ten squared,18 ³ - 10 ²,7
5733,sixty-three times ninety-one,63 * 91,7
5734,sixty-one times ninety-four,61 * 94,7
5735,five thousand six plus nine cubed,5006 + 9 ³,7
5736,four thousand eight plus twelve cubed,4008 + 12 ³,7
5737,five thousand eight plus nine cubed,5008 + 9 ³,7
5738,nineteen times three hundred two,19 * 302,7
5739,five thousand ten plus nine cubed,5010 + 9 ³,7
5740,seventy times eighty-two,70 * 82,7
5741,five thousand twelve plus nine cubed,5012 + 9 ³,7
5742,eighteen cubed minus ninety,18 ³ - 90,7
5743,eighteen cubed minus eighty-nine,18 ³ - 89,8
5744,three thousand plus fourteen cubed,3000 + 14 ³,7
5745,five thousand sixteen plus nine cubed,5016 + 9 ³,8
5746,thirty-four times thirteen squared,34 * 13 ²,7
5747,eighteen cubed minus eighty-five,18 ³ - 85,8
5748,four cubed times ninety minus twelve,4 ³ * 90 - 12,8
5749,eighteen cubed minus eighty-three,18 ³ - 83,8
5750,forty-six times five cubed,46 * 5 ³,6
5751,sixty-nine thousand twelve twelfths,69012 / 12,7
5752,twenty-three thousand eight fourths,23008 / 4,7
5753,twenty-three thousand twelve fourths,23012 / 4,7
5754,twenty-three thousand sixteen fourths,23016 / 4,8
5755,four cubed times ninety minus five,4 ³ * 90 - 5,8
5756,four cubed times ninety minus four,4 ³ * 90 - 4,8
5757,nineteen times three hundred three,19 * 303,7
5758,four cubed times ninety minus two,4 ³ * 90 - 2,8
5759,four cubed times ninety minus one,4 ³ * 90 - 1,8
5760,four cubed times ninety,4 ³ * 90,5
5761,four cubed times ninety plus one,4 ³ * 90 + 1,7
5762,four cubed times ninety plus two,4 ³ * 90 + 2,7
5763,four cubed times ninety plus three,4 ³ * 90 + 3,7
5764,four cubed times ninety plus four,4 ³ * 90 + 4,7
5765,four cubed times ninety plus five,4 ³ * 90 + 5,7
5766,six times thirty-one squared,6 * 31 ²,6
5767,seventy-six squared minus nine,76 ² - 9,8
5768,eighteen cubed minus four cubed,18 ³ - 4 ³,7
5769,four cubed times ninety plus nine,4 ³ * 90 + 9,7
5770,four cubed times ninety plus ten,4 ³ * 90 + 10,7
5771,seventy-six squared minus five,76 ² - 5,8
5772,eighteen cubed minus sixty,18 ³ - 60,7
5773,seventy-six squared minus three,76 ² - 3,8
5774,seventy-six squared minus two,76 ² - 2,8
5775,seventy-six squared minus one,76 ² - 1,8
5776,seventy-six squared,76 ²,5
5777,seventy-six squared plus one,76 ² + 1,7
5778,fifty-two thousand two ninths,52002 / 9,7
5779,seventy-six squared plus three,76 ² + 3,7
5780,five times thirty-four squared,5 * 34 ²,6
5781,seventy-six squared plus five,76 ² + 5,7
5782,eighteen cubed minus fifty,18 ³ - 50,7
5783,eighteen cubed minus seven squared,18 ³ - 7 ²,8
5784,six thousand minus six cubed,6000 - 6 ³,7
5785,sixty-five times eighty-nine,65 * 89,7
5786,seventy-six squared plus ten,76 ² + 10,7
5787,six thousand three minus six cubed,6003 - 6 ³,8
5788,seventy-six squared plus twelve,76 ² + 12,7
5789,six thousand five minus six cubed,6005 - 6 ³,8
5790,six thousand six minus six cubed,6006 - 6 ³,8
5791,eighteen cubed minus forty-one,18 ³ - 41,8
5792,eighteen cubed minus forty,18 ³ - 40,7
5793,six thousand nine minus six cubed,6009 - 6 ³,8
5794,six thousand ten minus six cubed,6010 - 6 ³,8
5795,sixty-one times ninety-five,61 * 95,7
5796,eighteen cubed minus six squared,18 ³ - 6 ²,7
5797,sixty squared plus thirteen cubed,60 ² + 13 ³,7
5798,eighteen cubed minus thirty-four,18 ³ - 34,8
5799,eighteen cubed minus thirty-three,18 ³ - 33,8
5800,fifty-eight times ten squared,58 * 10 ²,6
5801,fifty-eight thousand ten tenths,58010 / 10,7
5802,twenty-nine thousand ten fifths,29010 / 5,7
5803,five thousand eight hundred three,5803,7
5804,five thousand eight hundred four,5804,7
5805,eighteen cubed minus three cubed,18 ³ - 3 ³,7
5806,five thousand eight hundred six,5806,7
5807,eighteen cubed minus five squared,18 ³ - 5 ²,7
5808,twelve times twenty-two squared,12 * 22 ²,6
5809,five thousand eight hundred nine,5809,7
5810,seventy times eighty-three,70 * 83,7
5811,eighteen cubed minus twenty-one,18 ³ - 21,8
5812,eighteen cubed minus twenty,18 ³ - 20,7
5813,eighteen cubed minus nineteen,18 ³ - 19,7
5814,eighteen cubed minus eighteen,18 ³ - 18,7
5815,eighteen cubed minus seventeen,18 ³ - 17,8
5816,eighteen cubed minus four squared,18 ³ - 4 ²,7
5817,eighteen cubed minus fifteen,18 ³ - 15,7
5818,eighteen cubed minus fourteen,18 ³ - 14,7
5819,eighteen cubed minus thirteen,18 ³ - 13,7
5820,eighteen cubed minus twelve,18 ³ - 12,6
5821,eighteen cubed plus one minus twelve,18 ³ + 1 - 12,8
5822,eighteen cubed minus ten,18 ³ - 10,6
5823,eighteen cubed minus nine,18 ³ - 9,6
5824,eighteen cubed minus eight,18 ³ - 8,6
5825,eighteen cubed minus seven,18 ³ - 7,7
5826,eighteen cubed minus six,18 ³ - 6,6
5827,eighteen cubed minus five,18 ³ - 5,6
5828,eighteen cubed minus four,18 ³ - 4,6
5829,eighteen cubed minus three,18 ³ - 3,6
5830,eighteen cubed minus two,18 ³ - 2,6
5831,eighteen cubed minus one,18 ³ - 1,6
5832,eighteen cubed,18 ³,3
5833,eighteen cubed plus one,18 ³ + 1,5
5834,eighteen cubed plus two,18 ³ + 2,5
5835,eighteen cubed plus three,18 ³ + 3,5
5836,eighteen cubed plus four,18 ³ + 4,5
5837,eighteen cubed plus five,18 ³ + 5,5
5838,eighteen cubed plus six,18 ³ + 6,5
5839,eighteen cubed plus seven,18 ³ + 7,6
5840,eighteen cubed plus eight,18 ³ + 8,5
5841,eighteen cubed plus nine,18 ³ + 9,5
5842,eighteen cubed plus ten,18 ³ + 10,5
5843,eighteen cubed plus ten plus one,18 ³ + 10 + 1,7
5844,eighteen cubed plus twelve,18 ³ + 12,5
5845,eighteen cubed plus thirteen,18 ³ + 13,6
5846,eighteen cubed plus fourteen,18 ³ + 14,6
5847,eighteen cubed plus fifteen,18 ³ + 15,6
5848,eighteen cubed plus four squared,18 ³ + 4 ²,6
5849,eighteen cubed plus twelve plus five,18 ³ + 12 + 5,7
5850,sixty-five times ninety,65 * 90,6
5851,eighteen cubed plus nineteen,18 ³ + 19,6
5852,eighteen cubed plus twenty,18 ³ + 20,6
5853,eighteen cubed plus twelve plus nine,18 ³ + 12 + 9,7
5854,eighteen cubed plus twelve plus ten,18 ³ + 12 + 10,7
5855,eighteen cubed plus twenty-three,18 ³ + 23,7
5856,six thousand minus twelve squared,6000 - 12 ²,7
5857,eighteen cubed plus five squared,18 ³ + 5 ²,6
5858,eighteen cubed plus twenty-six,18 ³ + 26,7
5859,eighteen cubed plus three cubed,18 ³ + 3 ³,6
5860,eighteen cubed plus twenty-eight,18 ³ + 28,7
5861,eighteen cubed plus twenty-nine,18 ³ + 29,7
5862,eighteen cubed plus thirty,18 ³ + 30,6
5863,eighteen cubed plus thirty-one,18 ³ + 31,7
5864,eighteen cubed plus four cubed halves,18 ³ + 4 ³ / 2,7
5865,sixty-nine times eighty-five,69 * 85,7
5866,eighteen cubed plus thirty-four,18 ³ + 34,7
5867,eighteen cubed plus thirty-five,18 ³ + 35,7
5868,eighteen cubed plus six squared,18 ³ + 6 ²,6
5869,eighteen cubed plus six squared plus one,18 ³ + 6 ² + 1,8
5870,eighteen cubed plus thirty-eight,18 ³ + 38,7
5871,nineteen times three hundred nine,19 * 309,7
5872,eighteen cubed plus forty,18 ³ + 40,6
5873,eighteen cubed plus forty-one,18 ³ + 41,7
5874,sixty-six times eighty-nine,66 * 89,7
5875,ninety-four thousand halves eighths,94000 / 2 / 8,7
5876,eighteen cubed plus forty-four,18 ³ + 44,7
5877,eighteen cubed plus ninety halves,18 ³ + 90 / 2,7
5878,eighteen cubed plus forty-six,18 ³ + 46,7
5879,six thousand four minus five cubed,6004 - 5 ³,8
5880,sixty times ninety-eight,60 * 98,6
5881,eighteen cubed plus seven squared,18 ³ + 7 ²,7
5882,eighteen cubed plus fifty,18 ³ + 50,6
5883,eighteen cubed plus fifty-one,18 ³ + 51,7
5884,eighteen cubed plus fifty-two,18 ³ + 52,7
5885,eighteen cubed plus fifty-three,18 ³ + 53,7
5886,eighteen cubed plus six cubed fourths,18 ³ + 6 ³ / 4,7
5887,two hundred three squared sevenths,203 ² / 7,7
5888,four cubed times ninety-two,4 ³ * 92,6
5889,fifty-three thousand one ninths,53001 / 9,7
5890,fifty-three thousand ten ninths,53010 / 9,7
5891,eighteen cubed plus fifty-nine,18 ³ + 59,7
5892,eighteen cubed plus sixty,18 ³ + 60,6
5893,eighteen cubed plus sixty-one,18 ³ + 61,7
5894,eighteen cubed plus sixty-two,18 ³ + 62,7
5895,eighteen cubed plus sixty-three,18 ³ + 63,7
5896,eighteen cubed plus four cubed,18 ³ + 4 ³,6
5897,eighteen cubed plus sixty-five,18 ³ + 65,7
5898,eighteen cubed plus sixty-six,18 ³ + 66,7
5899,eighteen cubed plus four cubed plus three,18 ³ + 4 ³ + 3,8
5900,fifty-nine times ten squared,59 * 10 ²,6
5901,fifty-nine thousand ten tenths,59010 / 10,7
5902,eighteen cubed plus seventy,18 ³ + 70,7
5903,five thousand nine hundred three,5903,7
5904,forty-one times twelve squared,41 * 12 ²,6
5905,five thousand nine hundred five,5905,7
5906,five thousand nine hundred six,5906,7
5907,six thousand minus ninety-three,6000 - 93,8
5908,five thousand nine hundred eight,5908,7
5909,five thousand nine hundred nine,5909,7
5910,six thousand minus ninety,6000 - 90,7
5911,six thousand one minus ninety,6001 - 90,8
5912,eighteen cubed plus eighty,18 ³ + 80,6
5913,eighteen cubed plus nine squared,18 ³ + 9 ²,6
5914,eighteen cubed plus eighty-two,18 ³ + 82,7
5915,sixty-five times ninety-one,65 * 91,7
5916,eighteen cubed plus eighty-four,18 ³ + 84,7
5917,eighteen cubed plus eighty-five,18 ³ + 85,7
5918,eighteen cubed plus eighty-six,18 ³ + 86,7
5919,six thousand minus nine squared,6000 - 9 ²,7
5920,six thousand minus eighty,6000 - 80,7
5921,eighteen cubed plus eighty-nine,18 ³ + 89,7
5922,eighteen cubed plus ninety,18 ³ + 90,6
5923,eighteen cubed plus ninety-one,18 ³ + 91,7
5924,eighteen cubed plus ninety-two,18 ³ + 92,7
5925,eighteen cubed plus ninety-three,18 ³ + 93,7
5926,eighteen cubed plus ninety-four,18 ³ + 94,7
5927,eighteen cubed plus ninety-five,18 ³ + 95,7
5928,nineteen times three hundred twelve,19 * 312,7
5929,three hundred eight fourths squared,(308 / 4) ²,6
5930,eighteen cubed plus ninety-eight,18 ³ + 98,7
5931,eighteen cubed plus ninety-nine,18 ³ + 99,7
5932,eighteen cubed plus ten squared,18 ³ + 10 ²,6
5933,eighteen cubed plus ten squared plus one,18 ³ + 10 ² + 1,8
5934,sixty-nine times eighty-six,69 * 86,7
5935,six thousand minus sixty-five,6000 - 65,8
5936,six thousand minus four cubed,6000 - 4 ³,7
5937,six thousand one minus four cubed,6001 - 4 ³,8
5938,ninety-five thousand eight halves eighths,95008 / 2 / 8,8
5939,six thousand three minus four cubed,6003 - 4 ³,8
5940,sixty-six times ninety,66 * 90,6
5941,six thousand five minus four cubed,6005 - 4 ³,8
5942,six thousand six minus four cubed,6006 - 4 ³,8
5943,six thousand three minus sixty,6003 - 60,8
5944,six thousand eight minus four cubed,6008 - 4 ³,8
5945,six thousand nine minus four cubed,6009 - 4 ³,8
5946,six thousand ten minus four cubed,6010 - 4 ³,8
5947,six thousand minus fifty-three,6000 - 53,8
5948,six thousand twelve minus four cubed,6012 - 4 ³,8
5949,six thousand nine minus sixty,6009 - 60,8
5950,six thousand minus fifty,6000 - 50,7
5951,six thousand one minus fifty,6001 - 50,8
5952,four cubed times ninety-three,4 ³ * 93,6
5953,sixty-five squared plus twelve cubed,65 ² + 12 ³,7
5954,six thousand four minus fifty,6004 - 50,8
5955,six thousand five minus fifty,6005 - 50,8
5956,six thousand six minus fifty,6006 - 50,8
5957,eighteen cubed plus five cubed,18 ³ + 5 ³,6
5958,six thousand eight minus fifty,6008 - 50,8
5959,six thousand nine minus fifty,6009 - 50,8
5960,six thousand minus forty,6000 - 40,7
5961,six thousand one minus forty,6001 - 40,8
5962,six thousand twelve minus fifty,6012 - 50,8
5963,six thousand three minus forty,6003 - 40,8
5964,six thousand minus six squared,6000 - 6 ²,7
5965,six thousand five minus forty,6005 - 40,8
5966,six thousand six minus forty,6006 - 40,8
5967,six thousand three minus six squared,6003 - 6 ²,8
5968,six thousand eight minus forty,6008 - 40,8
5969,six thousand nine minus forty,6009 - 40,8
5970,six thousand minus thirty,6000 - 30,7
5971,six thousand one minus thirty,6001 - 30,8
5972,six thousand twelve minus forty,6012 - 40,8
5973,six thousand minus three cubed,6000 - 3 ³,7
5974,six thousand ten minus six squared,6010 - 6 ²,8
5975,six thousand minus five squared,6000 - 5 ²,7
5976,eighteen cubed plus twelve squared,18 ³ + 12 ²,6
5977,six thousand four minus three cubed,6004 - 3 ³,8
5978,sixty-one times ninety-eight,61 * 98,7
5979,six thousand nine minus thirty,6009 - 30,8
5980,six thousand minus twenty,6000 - 20,7
5981,six thousand minus nineteen,6000 - 19,7
5982,six thousand minus eighteen,6000 - 18,7
5983,six thousand ten minus three cubed,6010 - 3 ³,8
5984,six thousand minus four squared,6000 - 4 ²,7
5985,six thousand minus fifteen,6000 - 15,7
5986,six thousand minus fourteen,6000 - 14,7
5987,six thousand minus thirteen,6000 - 13,7
5988,six thousand minus twelve,6000 - 12,6
5989,six thousand one minus twelve,6001 - 12,7
5990,six thousand minus ten,6000 - 10,6
5991,six thousand minus nine,6000 - 9,6
5992,six thousand minus eight,6000 - 8,6
5993,six thousand five minus twelve,6005 - 12,7
5994,six thousand minus six,6000 - 6,6
5995,six thousand minus five,6000 - 5,6
5996,six thousand minus four,6000 - 4,6
5997,six thousand minus three,6000 - 3,6
5998,six thousand minus two,6000 - 2,6
5999,six thousand minus one,6000 - 1,6
6000,six thousand,6000,3
6001,six thousand one,6001,4
6002,six thousand two,6002,4
6003,six thousand three,6003,4
6004,six thousand four,6004,4
6005,six thousand five,6005,4
6006,six thousand six,6006,4
6007,six thousand seven,6007,5
6008,six thousand eight,6008,4
6009,six thousand nine,6009,4
6010,six thousand ten,6010,4
6011,six thousand ten plus one,6010 + 1,6
6012,six thousand twelve,6012,4
6013,six thousand thirteen,6013,5
6014,six thousand fourteen,6014,5
6015,six thousand fifteen,6015,5
6016,six thousand sixteen,6016,5
6017,six thousand twelve plus five,6012 + 5,6
6018,six thousand eighteen,6018,5
6019,six thousand nineteen,6019,5
6020,six thousand twenty,6020,5
6021,six thousand twelve plus nine,6012 + 9,6
6022,six thousand twelve plus ten,6012 + 10,6
6023,six thousand twenty-three,6023,6
6024,twelve times five hundred two,12 * 502,6
6025,twelve thousand fifty halves,12050 / 2,6
6026,six thousand twenty-six,6026,6
6027,three times two thousand nine,3 * 2009,6
6028,six thousand twenty-eight,6028,6
6029,six thousand twenty-nine,6029,6
6030,six thousand thirty,6030,5
6031,six thousand thirty-one,6031,6
6032,six thousand thirty-two,6032,6
6033,six thousand thirty-three,6033,6
6034,six thousand thirty-four,6034,6
6035,six thousand thirty-five,6035,6
6036,twelve times five hundred three,12 * 503,6
6037,six thousand twelve plus five squared,6012 + 5 ²,7
6038,six thousand thirty-eight,6038,6
6039,six thousand thirty-nine,6039,6
6040,six thousand forty,6040,5
6041,six thousand forty-one,6041,6
6042,six thousand forty-two,6042,6
6043,six thousand forty-three,6043,6
6044,six thousand forty-four,6044,6
6045,twelve thousand ninety halves,12090 / 2,6
6046,six thousand forty-six,6046,6
6047,twelve thousand ninety-four halves,12094 / 2,7
6048,forty-two times twelve squared,42 * 12 ²,6
6049,six thousand forty-nine,6049,6
6050,six thousand fifty,6050,5
6051,six thousand fifty-one,6051,6
6052,six thousand fifty-two,6052,6
6053,six thousand fifty-three,6053,6
6054,six times one thousand nine,6 * 1009,6
6055,six thousand fifty-five,6055,6
6056,six thousand fifty-six,6056,6
6057,three times two thousand nineteen,3 * 2019,7
6058,six thousand fifty-eight,6058,6
6059,six thousand fifty-nine,6059,6
6060,six thousand sixty,6060,5
6061,six thousand sixty-one,6061,6
6062,six thousand sixty-two,6062,6
6063,six thousand sixty-three,6063,6
6064,six thousand plus four cubed,6000 + 4 ³,6
6065,six thousand sixty-five,6065,6
6066,six thousand sixty-six,6066,6
6067,six thousand three plus four cubed,6003 + 4 ³,7
6068,six thousand sixty-eight,6068,6
6069,six thousand sixty-nine,6069,6
6070,six thousand seventy,6070,6
6071,six thousand seventy-one,6071,7
6072,twelve times five hundred six,12 * 506,6
6073,six thousand nine plus four cubed,6009 + 4 ³,7
6074,six thousand ten plus four cubed,6010 + 4 ³,7
6075,ninety halves cubed thirds fifths,(90 / 2) ³ / 3 / 5,6
6076,sixty-two times ninety-eight,62 * 98,7
6077,six thousand eighty minus three,6080 - 3,8
6078,six times one thousand thirteen,6 * 1013,7
6079,six thousand seventy-nine,6079,7
6080,six thousand eighty,6080,5
6081,six thousand plus nine squared,6000 + 9 ²,6
6082,six thousand eighty-two,6082,6
6083,six thousand eighty-three,6083,6
6084,seventy-eight squared,78 ²,5
6085,six thousand eighty-five,6085,6
6086,six thousand eighty-six,6086,6
6087,seventy-eight squared plus three,78 ² + 3,7
6088,six thousand eighty-eight,6088,6
6089,six thousand eighty-nine,6089,6
6090,six thousand ninety,6090,5
6091,six thousand ninety-one,6091,6
6092,six thousand ninety-two,6092,6
6093,six thousand ninety-three,6093,6
6094,six thousand ninety-four,6094,6
6095,six thousand ninety-five,6095,6
6096,twelve times five hundred eight,12 * 508,6
6097,six thousand ninety-seven,6097,7
6098,six thousand ninety-eight,6098,6
6099,six thousand ninety-nine,6099,6
6100,sixty-one times ten squared,61 * 10 ²,6
6101,sixty-one thousand ten tenths,61010 / 10,7
6102,six thousand ninety plus twelve,6090 + 12,7
6103,six thousand three plus ten squared,6003 + 10 ²,7
6104,six thousand four plus ten squared,6004 + 10 ²,7
6105,six thousand five plus ten squared,6005 + 10 ²,7
6106,six thousand six plus ten squared,6006 + 10 ²,7
6107,six thousand ninety-nine plus eight,6099 + 8,8
6108,twelve times five hundred nine,12 * 509,6
6109,six thousand nine plus ten squared,6009 + 10 ²,7
6110,sixty-five times ninety-four,65 * 94,7
6111,sixty-three times ninety-seven,63 * 97,8
6112,fifty-five thousand eight ninths,55008 / 9,7
6113,twelve times five hundred nine plus five,12 * 509 + 5,8
6114,six times one thousand nineteen,6 * 1019,7
6115,six thousand ninety plus five squared,6090 + 5 ²,8
6116,two times three thousand fifty-eight,2 * 3058,8
6117,twelve times eight cubed minus three cubed,12 * 8 ³ - 3 ³,8
6118,two times three thousand fifty-nine,2 * 3059,8
6119,fifteen cubed plus fourteen cubed,15 ³ + 14 ³,7
6120,sixty-eight times ninety,68 * 90,6
6121,sixty-eight times ninety plus one,68 * 90 + 1,8
6122,two times three thousand sixty-one,2 * 3061,8
6123,three times two thousand forty-one,3 * 2041,8
6124,twelve times eight cubed minus twenty,12 * 8 ³ - 20,8
6125,thirty-five cubed sevenths,35 ³ / 7,6
6126,forty-nine thousand eight eighths,49008 / 8,7
6127,six thousand two plus five cubed,6002 + 5 ³,7
6128,six thousand three plus five cubed,6003 + 5 ³,7
6129,six thousand four plus five cubed,6004 + 5 ³,7
6130,nineteen cubed minus nine cubed,19 ³ - 9 ³,7
6131,six thousand six plus five cubed,6006 + 5 ³,7
6132,twelve times eight cubed minus twelve,12 * 8 ³ - 12,7
6133,six thousand eight plus five cubed,6008 + 5 ³,7
6134,twelve times eight cubed minus ten,12 * 8 ³ - 10,7
6135,twelve times eight cubed minus nine,12 * 8 ³ - 9,7
6136,twelve times eight cubed minus eight,12 * 8 ³ - 8,7
6137,seventeen times nineteen squared,17 * 19 ²,7
6138,twelve times eight cubed minus six,12 * 8 ³ - 6,7
6139,twelve times eight cubed minus five,12 * 8 ³ - 5,7
6140,twelve times eight cubed minus four,12 * 8 ³ - 4,7
6141,twelve times eight cubed minus three,12 * 8 ³ - 3,7
6142,twelve times eight cubed minus two,12 * 8 ³ - 2,7
6143,twelve times eight cubed minus one,12 * 8 ³ - 1,7
6144,twelve times eight cubed,12 * 8 ³,4
6145,twelve times eight cubed plus one,12 * 8 ³ + 1,6
6146,twelve times eight cubed plus two,12 * 8 ³ + 2,6
6147,twelve times eight cubed plus three,12 * 8 ³ + 3,6
6148,twelve times eight cubed plus four,12 * 8 ³ + 4,6
6149,twelve times eight cubed plus five,12 * 8 ³ + 5,6
6150,twelve times eight cubed plus six,12 * 8 ³ + 6,6
6151,twelve times eight cubed plus seven,12 * 8 ³ + 7,7
6152,twelve times eight cubed plus eight,12 * 8 ³ + 8,6
6153,twelve times eight cubed plus nine,12 * 8 ³ + 9,6
6154,twelve times eight cubed plus ten,12 * 8 ³ + 10,6
6155,twelve thousand three hundred ten halves,12310 / 2,8
6156,nineteen times eighteen squared,19 * 18 ²,6
6157,twelve times eight cubed plus thirteen,12 * 8 ³ + 13,7
6158,twelve times eight cubed plus fourteen,12 * 8 ³ + 14,7
6159,twelve times eight cubed plus fifteen,12 * 8 ³ + 15,7
6160,seventy times eighty-eight,70 * 88,7
6161,nine squared squared minus twenty squared,(9 ²) ² - 20 ²,8
6162,twelve times eight cubed plus eighteen,12 * 8 ³ + 18,7
6163,twelve times eight cubed plus nineteen,12 * 8 ³ + 19,7
6164,twelve times eight cubed plus twenty,12 * 8 ³ + 20,7
6165,forty-two cubed twelfths minus nine,42 ³ / 12 - 9,8
6166,forty-two cubed twelfths minus eight,42 ³ / 12 - 8,8
6167,seventy-four thousand four twelfths,74004 / 12,8
6168,twelve times five hundred fourteen,12 * 514,7
6169,twelve times eight cubed plus five squared,12 * 8 ³ + 5 ²,7
6170,forty-two cubed twelfths minus four,42 ³ / 12 - 4,8
6171,twelve times eight cubed plus three cubed,12 * 8 ³ + 3 ³,7
6172,forty-two cubed twelfths minus two,42 ³ / 12 - 2,8
6173,forty-two cubed twelfths minus one,42 ³ / 12 - 1,8
6174,forty-two cubed twelfths,42 ³ / 12,5
6175,sixty-five times ninety-five,65 * 95,7
6176,forty-two cubed twelfths plus two,42 ³ / 12 + 2,7
6177,forty-two cubed twelfths plus three,42 ³ / 12 + 3,7
6178,forty-two cubed twelfths plus four,42 ³ / 12 + 4,7
6179,forty-two cubed twelfths plus five,42 ³ / 12 + 5,7
6180,sixty times one hundred three,60 * 103,7
6181,forty-two cubed twelfths plus seven,42 ³ / 12 + 7,8
6182,forty-two cubed twelfths plus eight,42 ³ / 12 + 8,7
6183,forty-two cubed twelfths plus nine,42 ³ / 12 + 9,7
6184,eighty squared minus six cubed,80 ² - 6 ³,7
6185,six thousand sixty plus five cubed,6060 + 5 ³,8
6186,forty-two cubed twelfths plus twelve,42 ³ / 12 + 12,7
6187,forty-two cubed twelfths plus thirteen,42 ³ / 12 + 13,8
6188,sixty-eight times ninety-one,68 * 91,7
6189,three times two thousand sixty-three,3 * 2063,8
6190,ten times six hundred nineteen,10 * 619,7
6191,sixty-two times ten squared minus nine,62 * 10 ² - 9,9
6192,forty-three times twelve squared,43 * 12 ²,6
6193,eighteen cubed plus nineteen squared,18 ³ + 19 ²,7
6194,twelve times eight cubed plus fifty,12 * 8 ³ + 50,7
6195,fifty-nine times one hundred five,59 * 105,8
6196,six thousand plus fourteen squared,6000 + 14 ²,7
6197,four thousand plus thirteen cubed,4000 + 13 ³,7
6198,six times one thousand thirty-three,6 * 1033,8
6199,forty-two cubed twelfths plus five squared,42 ³ / 12 + 5 ²,8
6200,sixty-two times ten squared,62 * 10 ²,6
6201,sixty-two thousand ten tenths,62010 / 10,7
6202,thirty-one thousand ten fifths,31010 / 5,7
6203,six thousand two hundred three,6203,7
6204,sixty-six times ninety-four,66 * 94,7
6205,six thousand two hundred five,6205,7
6206,six thousand two hundred six,6206,7
6207,three times two thousand sixty-nine,3 * 2069,8
6208,four cubed times ninety-seven,4 ³ * 97,7
6209,six thousand two hundred nine,6209,7
6210,sixty-nine times ninety,69 * 90,6
6211,sixty-nine times ninety plus one,69 * 90 + 1,8
6212,six thousand two hundred twelve,6212,7
6213,sixty-nine times ninety plus three,69 * 90 + 3,8
6214,sixty-nine times ninety plus four,69 * 90 + 4,8
6215,sixty-nine times ninety plus five,69 * 90 + 5,8
6216,six thousand plus six cubed,6000 + 6 ³,6
6217,six thousand one plus six cubed,6001 + 6 ³,7
6218,six thousand two plus six cubed,6002 + 6 ³,7
6219,six thousand three plus six cubed,6003 + 6 ³,7
6220,six thousand four plus six cubed,6004 + 6 ³,7
6221,six thousand five plus six cubed,6005 + 6 ³,7
6222,six thousand six plus six cubed,6006 + 6 ³,7
6223,fifty-six thousand seven ninths,56007 / 9,8
6224,twelve times eight cubed plus eighty,12 * 8 ³ + 80,7
6225,twelve times eight cubed plus nine squared,12 * 8 ³ + 9 ²,7
6226,six thousand ten plus six cubed,6010 + 6 ³,7
6227,twelve times eight cubed plus eighty-three,12 * 8 ³ + 83,8
6228,twelve times five hundred nineteen,12 * 519,7
6229,seventy-nine squared minus twelve,79 ² - 12,8
6230,seventy times eighty-nine,70 * 89,7
6231,eighty-one thousand three thirteenths,81003 / 13,8
6232,eighteen cubed plus twenty squared,18 ³ + 20 ²,7
6233,seventy-nine squared minus eight,79 ² - 8,8
6234,twelve times eight cubed plus ninety,12 * 8 ³ + 90,7
6235,seventy-nine squared minus six,79 ² - 6,8
6236,seventy-nine squared minus five,79 ² - 5,8
6237,sixty-three times ninety-nine,63 * 99,7
6238,ten cubed fourths squared tenths minus twelve,(10 ³ / 4) ² / 10 - 12,8
6239,seventy-nine squared minus two,79 ² - 2,8
6240,six times thirteen times eighty,6 * 13 * 80,7
6241,seventy-nine squared,79 ²,5
6242,seventy-nine squared plus one,79 ² + 1,7
6243,seventy-nine squared plus two,79 ² + 2,7
6244,seventy-nine squared plus three,79 ² + 3,7
6245,seventy-nine squared plus four,79 ² + 4,7
6246,seventy-nine squared plus five,79 ² + 5,7
6247,seventy-nine squared plus six,79 ² + 6,7
6248,ten cubed fourths squared tenths minus two,(10 ³ / 4) ² / 10 - 2,8
6249,seventy-nine squared plus eight,79 ² + 8,7
6250,ten cubed fourths squared tenths,(10 ³ / 4) ² / 10,5
6251,fifty thousand eight eighths,50008 / 8,6
6252,fifty thousand sixteen eighths,50016 / 8,7
6253,twenty-five thousand twelve fourths,25012 / 4,7
6254,ten cubed fourths squared tenths plus four,(10 ³ / 4) ² / 10 + 4,7
6255,five times ten thousand eight eighths,5 * 10008 / 8,7
6256,eighty squared minus twelve squared,80 ² - 12 ²,7
6257,fifty thousand fifty-six eighths,50056 / 8,8
6258,ten cubed fourths squared tenths plus eight,(10 ³ / 4) ² / 10 + 8,7
6259,ten cubed fourths squared tenths plus nine,(10 ³ / 4) ² / 10 + 9,7
6260,ten times five thousand eight eighths,10 * 5008 / 8,7
6261,fifty thousand eighty-eight eighths,50088 / 8,8
6262,ten cubed fourths squared tenths plus twelve,(10 ³ / 4) ² / 10 + 12,7
6263,fifty thousand eight eighths plus twelve,50008 / 8 + 12,8
6264,twenty-nine times six cubed,29 * 6 ³,6
6265,five times five thousand twelve fourths,5 * 5012 / 4,7
6266,twenty-nine times six cubed plus two,29 * 6 ³ + 2,8
6267,ninety-four thousand five thirds fifths,94005 / 3 / 5,8
6268,twenty-nine times six cubed plus four,29 * 6 ³ + 4,8
6269,twelve times eight cubed plus five cubed,12 * 8 ³ + 5 ³,7
6270,sixty-six times ninety-five,66 * 95,7
6271,seven thousand minus nine cubed,7000 - 9 ³,8
6272,one hundred twelve squared halves,112 ² / 2,6
6273,eight thousand one minus twelve cubed,8001 - 12 ³,8
6274,eight thousand two minus twelve cubed,8002 - 12 ³,8
6275,eighty squared minus five cubed,80 ² - 5 ³,7
6276,eight thousand four minus twelve cubed,8004 - 12 ³,8
6277,eight thousand five minus twelve cubed,8005 - 12 ³,8
6278,eight thousand six minus twelve cubed,8006 - 12 ³,8
6279,sixty-nine times ninety-one,69 * 91,7
6280,eight thousand eight minus twelve cubed,8008 - 12 ³,8
6281,eight thousand nine minus twelve cubed,8009 - 12 ³,8
6282,eight thousand ten minus twelve cubed,8010 - 12 ³,8
6283,nineteen cubed minus twelve cubed thirds,19 ³ - 12 ³ / 3,8
6284,eight thousand twelve minus twelve cubed,8012 - 12 ³,8
6285,fifteen times four hundred nineteen,15 * 419,8
6286,eighty-eight thousand four fourteenths,88004 / 14,8
6287,forty-four thousand nine sevenths,44009 / 7,8
6288,twelve times eight cubed plus twelve squared,12 * 8 ³ + 12 ²,7
6289,six thousand one plus twelve cubed sixths,6001 + 12 ³ / 6,8
6290,ten times nine cubed minus ten cubed,10 * 9 ³ - 10 ³,8
6291,nine times six hundred ninety-nine,9 * 699,8
6292,thirteen times twenty-two squared,13 * 22 ²,7
6293,four squared cubed plus thirteen cubed,(4 ²) ³ + 13 ³,7
6294,six times one thousand forty-nine,6 * 1049,8
6295,twelve thousand five hundred ninety halves,12590 / 2,9
6296,five thousand plus six squared squared,5000 + (6 ²) ²,7
6297,three times two thousand ninety-nine,3 * 2099,8
6298,sixty-seven times ninety-four,67 * 94,8
6299,forty-two cubed twelfths plus five cubed,42 ³ / 12 + 5 ³,8
6300,seventy times ninety,70 * 90,6
6301,sixty-three thousand ten tenths,63010 / 10,7
6302,six thousand three hundred two,6302,7
6303,six thousand three hundred three,6303,7
6304,six thousand three hundred four,6304,7
6305,six thousand three hundred five,6305,7
6306,six thousand three hundred six,6306,7
6307,seven times nine hundred one,7 * 901,7
6308,six thousand three hundred eight,6308,7
6309,nine times seven hundred one,9 * 701,7
6310,eighty squared minus ninety,80 ² - 90,7
6311,nine squared squared minus ten cubed fourths,(9 ²) ² - 10 ³ / 4,8
6312,six thousand three hundred twelve,6312,7
6313,twelve times eight cubed plus thirteen squared,12 * 8 ³ + 13 ²,8
6314,seven times nine hundred two,7 * 902,7
6315,eighty squared minus eighty-five,80 ² - 85,8
6316,eighty squared minus eighty-four,80 ² - 84,8
6317,eighty squared minus eighty-three,80 ² - 83,8
6318,six times thirteen times nine squared,6 * 13 * 9 ²,7
6319,eighty squared minus nine squared,80 ² - 9 ²,7
6320,eighty squared minus eighty,80 ² - 80,7
6321,seven times nine hundred three,7 * 903,7
6322,fifty-eight times one hundred nine,58 * 109,8
6323,nineteen thousand five thirds minus twelve,19005 / 3 - 12,9
6324,sixty-eight times ninety-three,68 * 93,7
6325,five squared times one thousand twelve fourths,5 ² * 1012 / 4,8
6326,six thousand two plus eighteen squared,6002 + 18 ²,8
6327,nine times seven hundred three,9 * 703,7
6328,seven times nine hundred four,7 * 904,7
6329,seventy-three squared plus ten cubed,73 ² + 10 ³,8
6330,eighty squared minus seventy,80 ² - 70,8
6331,eighty squared minus sixty-nine,80 ² - 69,8
6332,eighteen cubed plus ten cubed halves,18 ³ + 10 ³ / 2,7
6333,six thousand nine plus eighteen squared,6009 + 18 ²,8
6334,nineteen thousand two thirds,19002 / 3,6
6335,nineteen thousand five thirds,19005 / 3,6
6336,nineteen thousand eight thirds,19008 / 3,6
6337,nineteen thousand eleven thirds,19011 / 3,8
6338,nineteen thousand fourteen thirds,19014 / 3,7
6339,nineteen thousand seventeen thirds,19017 / 3,8
6340,eighty squared minus sixty,80 ² - 60,7
6341,nineteen thousand twenty-three thirds,19023 / 3,8
6342,seven times nine hundred six,7 * 906,7
6343,six thousand plus seven cubed,6000 + 7 ³,7
6344,eighteen cubed plus eight cubed,18 ³ + 8 ³,6
6345,nine squared squared minus six cubed,(9 ²) ² - 6 ³,7
6346,nineteen thousand thirty-eight thirds,19038 / 3,8
6347,nineteen cubed minus eight cubed,19 ³ - 8 ³,7
6348,twelve times twenty-three squared,12 * 23 ²,6
6349,eighty squared minus fifty-one,80 ² - 51,8
6350,eighty squared minus fifty,80 ² - 50,7
6351,nineteen thousand fifty-three thirds,19053 / 3,8
6352,sixty-eight squared plus twelve cubed,68 ² + 12 ³,7
6353,nineteen thousand fifty-nine thirds,19059 / 3,8
6354,nine times seven hundred six,9 * 706,7
6355,nineteen thousand sixty-five thirds,19065 / 3,8
6356,seven times nine hundred eight,7 * 908,7
6357,eighty squared minus forty-three,80 ² - 43,8
6358,eighty-nine thousand twelve fourteenths,89012 / 14,8
6359,nineteen cubed minus ten cubed halves,19 ³ - 10 ³ / 2,8
6360,eighty squared minus forty,80 ² - 40,7
6361,six thousand plus nineteen squared,6000 + 19 ²,7
6362,nineteen thousand eighty-six thirds,19086 / 3,8
6363,seven times nine hundred nine,7 * 909,7
6364,eighty squared minus six squared,80 ² - 6 ²,7
6365,nineteen thousand ninety-five thirds,19095 / 3,8
6366,nineteen thousand ninety-eight thirds,19098 / 3,8
6367,eighty squared minus thirty-three,80 ² - 33,8
6368,eighty squared minus four cubed halves,80 ² - 4 ³ / 2,8
6369,nine squared squared minus twelve cubed ninths,(9 ²) ² - 12 ³ / 9,8
6370,eighty squared minus thirty,80 ² - 30,7
6371,eighty squared minus twenty-nine,80 ² - 29,8
6372,ninety squared minus twelve cubed,90 ² - 12 ³,7
6373,eighty squared minus three cubed,80 ² - 3 ³,7
6374,eighty squared minus twenty-six,80 ² - 26,8
6375,fifty-one times five cubed,51 * 5 ³,6
6376,fifty-one thousand eight eighths,51008 / 8,7
6377,fifty-one thousand sixteen eighths,51016 / 8,8
6378,eighty squared minus twenty-two,80 ² - 22,8
6379,eighty squared minus twenty-one,80 ² - 21,8
6380,eighty squared minus twenty,80 ² - 20,7
6381,eighty squared minus nineteen,80 ² - 19,7
6382,eighty squared minus eighteen,80 ² - 18,7
6383,eighty squared minus seventeen,80 ² - 17,8
6384,eighty squared minus four squared,80 ² - 4 ²,7
6385,eighty squared minus fifteen,80 ² - 15,7
6386,eighty squared minus fourteen,80 ² - 14,7
6387,eighty squared minus thirteen,80 ² - 13,7
6388,eighty squared minus twelve,80 ² - 12,6
6389,eighty squared plus one minus twelve,80 ² + 1 - 12,8
6390,eighty squared minus ten,80 ² - 10,6
6391,eighty squared minus nine,80 ² - 9,6
6392,eighty squared minus eight,80 ² - 8,6
6393,eighty squared minus seven,80 ² - 7,7
6394,eighty squared minus six,80 ² - 6,6
6395,eighty squared minus five,80 ² - 5,6
6396,eighty squared minus four,80 ² - 4,6
6397,eighty squared minus three,80 ² - 3,6
6398,eighty squared minus two,80 ² - 2,6
6399,eighty squared minus one,80 ² - 1,6
6400,eighty squared,80 ²,3
6401,eighty squared plus one,80 ² + 1,5
6402,eighty squared plus two,80 ² + 2,5
6403,eighty squared plus three,80 ² + 3,5
6404,eighty squared plus four,80 ² + 4,5
6405,eighty squared plus five,80 ² + 5,5
6406,eighty squared plus six,80 ² + 6,5
6407,eighty squared plus seven,80 ² + 7,6
6408,eighty squared plus eight,80 ² + 8,5
6409,eighty squared plus nine,80 ² + 9,5
6410,eighty squared plus ten,80 ² + 10,5
6411,eighty squared plus ten plus one,80 ² + 10 + 1,7
6412,eighty squared plus twelve,80 ² + 12,5
6413,eighty squared plus thirteen,80 ² + 13,6
6414,eighty squared plus fourteen,80 ² + 14,6
6415,eighty squared plus fifteen,80 ² + 15,6
6416,eight times eight hundred two,8 * 802,6
6417,nine squared squared minus twelve squared,(9 ²) ² - 12 ²,7
6418,eighty squared plus eighteen,80 ² + 18,6
6419,eighty squared plus nineteen,80 ² + 19,6
6420,eighty squared plus twenty,80 ² + 20,6
6421,eighty squared plus twelve plus nine,80 ² + 12 + 9,7
6422,thirty-eight times thirteen squared,38 * 13 ²,7
6423,eighty squared plus twenty-three,80 ² + 23,7
6424,eight times eight hundred three,8 * 803,6
6425,eighty squared plus five squared,80 ² + 5 ²,6
6426,eighty squared plus twenty-six,80 ² + 26,7
6427,eighty squared plus three cubed,80 ² + 3 ³,6
6428,eighty squared plus twenty-eight,80 ² + 28,7
6429,ninety thousand six fourteenths,90006 / 14,7
6430,eighty squared plus thirty,80 ² + 30,6
6431,eighty squared plus thirty-one,80 ² + 31,7
6432,eight times eight hundred four,8 * 804,6
6433,eighty squared plus thirty-three,80 ² + 33,7
6434,eighty squared plus thirty-four,80 ² + 34,7
6435,sixty-five times ninety-nine,65 * 99,7
6436,eighty squared plus six squared,80 ² + 6 ²,6
6437,eighty squared plus six squared plus one,80 ² + 6 ² + 1,8
6438,eighty squared plus thirty-eight,80 ² + 38,7
6439,eighty squared plus thirty-nine,80 ² + 39,7
6440,eight times eight hundred five,8 * 805,6
6441,eighty squared plus forty-one,80 ² + 41,7
6442,eighty squared plus forty-two,80 ² + 42,7
6443,eighty squared plus forty-three,80 ² + 43,7
6444,eighty squared plus forty-four,80 ² + 44,7
6445,fifty-eight thousand five ninths,58005 / 9,7
6446,eighty squared plus forty-six,80 ² + 46,7
6447,eighty squared plus ninety-four halves,80 ² + 94 / 2,8
6448,eight times eight hundred six,8 * 806,6
6449,eighty squared plus seven squared,80 ² + 7 ²,7
6450,eighty squared plus fifty,80 ² + 50,6
6451,eighty squared plus fifty-one,80 ² + 51,7
6452,eighty squared plus fifty-two,80 ² + 52,7
6453,eighty squared plus fifty-three,80 ² + 53,7
6454,eighty squared plus six cubed fourths,80 ² + 6 ³ / 4,7
6455,eighty squared plus fifty-five,80 ² + 55,7
6456,eight times eight hundred seven,8 * 807,7
6457,eighteen cubed plus five squared squared,18 ³ + (5 ²) ²,7
6458,eighty squared plus fifty-eight,80 ² + 58,7
6459,eighty squared plus fifty-nine,80 ² + 59,7
6460,eighty squared plus sixty,80 ² + 60,6
6461,nine squared squared minus ten squared,(9 ²) ² - 10 ²,7
6462,eighty squared plus sixty-two,80 ² + 62,7
6463,eighty squared plus sixty-three,80 ² + 63,7
6464,eight times eight hundred eight,8 * 808,6
6465,eighty squared plus sixty-five,80 ² + 65,7
6466,eighty squared plus sixty-six,80 ² + 66,7
6467,nine squared squared minus ninety-four,(9 ²) ² - 94,8
6468,sixty-six times ninety-eight,66 * 98,7
6469,eighty squared plus sixty-nine,80 ² + 69,7
6470,eighty squared plus seventy,80 ² + 70,7
6471,nine squared squared minus ninety,(9 ²) ² - 90,7
6472,eight times eight hundred nine,8 * 809,6
6473,nine squared squared minus eighty-eight,(9 ²) ² - 88,8
6474,eighty times nine squared minus six,80 * 9 ² - 6,8
6475,eighty times nine squared minus five,80 * 9 ² - 5,8
6476,eighty times nine squared minus four,80 * 9 ² - 4,8
6477,eighty times nine squared minus three,80 * 9 ² - 3,8
6478,eighty times nine squared minus two,80 * 9 ² - 2,8
6479,eighty times nine squared minus one,80 * 9 ² - 1,8
6480,eighty times nine squared,80 * 9 ²,5
6481,eighty squared plus nine squared,80 ² + 9 ²,6
6482,eighty times nine squared plus two,80 * 9 ² + 2,7
6483,eighty times nine squared plus three,80 * 9 ² + 3,7
6484,eighty times nine squared plus four,80 * 9 ² + 4,7
6485,eighty times nine squared plus five,80 * 9 ² + 5,7
6486,sixty-nine times ninety-four,69 * 94,7
6487,eighty squared plus nine squared plus six,80 ² + 9 ² + 6,8
6488,eighty times nine squared plus eight,80 * 9 ² + 8,7
6489,eighty times nine squared plus nine,80 * 9 ² + 9,7
6490,eighty squared plus ninety,80 ² + 90,6
6491,eighty squared plus ninety-one,80 ² + 91,7
6492,eighty times nine squared plus twelve,80 * 9 ² + 12,7
6493,eighty squared plus ninety-three,80 ² + 93,7
6494,eighty squared plus ninety-four,80 ² + 94,7
6495,eighty squared plus ninety-five,80 ² + 95,7
6496,eight times eight hundred twelve,8 * 812,6
6497,nine squared squared minus four cubed,(9 ²) ² - 4 ³,7
6498,eighteen times nineteen squared,18 * 19 ²,6
6499,eighty squared plus ninety-nine,80 ² + 99,7
6500,thirteen thousand halves,13000 / 2,5
6501,thirteen thousand two halves,13002 / 2,6
6502,thirteen thousand four halves,13004 / 2,6
6503,thirteen thousand six halves,13006 / 2,6
6504,thirteen thousand eight halves,13008 / 2,6
6505,thirteen thousand ten halves,13010 / 2,6
6506,thirteen thousand twelve halves,13012 / 2,6
6507,thirteen thousand fourteen halves,13014 / 2,7
6508,thirteen thousand sixteen halves,13016 / 2,7
6509,thirteen thousand eighteen halves,13018 / 2,7
6510,thirteen thousand twenty halves,13020 / 2,7
6511,nine squared squared minus fifty,(9 ²) ² - 50,7
6512,six thousand plus eight cubed,6000 + 8 ³,6
6513,thirteen times five hundred one,13 * 501,7
6514,six thousand two plus eight cubed,6002 + 8 ³,7
6515,thirteen thousand thirty halves,13030 / 2,7
6516,six thousand four plus eight cubed,6004 + 8 ³,7
6517,nineteen times seven cubed,19 * 7 ³,6
6518,six thousand six plus eight cubed,6006 + 8 ³,7
6519,thirteen thousand thirty-eight halves,13038 / 2,8
6520,thirteen thousand forty halves,13040 / 2,7
6521,nine squared squared minus forty,(9 ²) ² - 40,7
6522,six thousand ten plus eight cubed,6010 + 8 ³,7
6523,thirteen thousand forty-six halves,13046 / 2,8
6524,six thousand twelve plus eight cubed,6012 + 8 ³,7
6525,eighty squared plus five cubed,80 ² + 5 ³,6
6526,thirteen times five hundred two,13 * 502,7
6527,thirteen thousand fifty-four halves,13054 / 2,8
6528,sixty-eight times eight times twelve,68 * 8 * 12,7
6529,thirteen thousand fifty-eight halves,13058 / 2,8
6530,thirteen thousand sixty halves,13060 / 2,7
6531,nine squared squared minus thirty,(9 ²) ² - 30,7
6532,thirteen thousand sixty-four halves,13064 / 2,8
6533,thirteen thousand sixty-six halves,13066 / 2,8
6534,six times thirty-three squared,6 * 33 ²,6
6535,thirteen thousand seventy halves,13070 / 2,8
6536,nine squared squared minus five squared,(9 ²) ² - 5 ²,7
6537,nine squared squared minus six cubed ninths,(9 ²) ² - 6 ³ / 9,8
6538,nine squared squared minus twenty-three,(9 ²) ² - 23,8
6539,thirteen times five hundred three,13 * 503,7
6540,thirteen thousand eighty halves,13080 / 2,7
6541,nine squared squared minus twenty,(9 ²) ² - 20,7
6542,nine squared squared minus nineteen,(9 ²) ² - 19,7
6543,nine squared squared minus eighteen,(9 ²) ² - 18,7
6544,eighty squared plus twelve squared,80 ² + 12 ²,6
6545,thirteen thousand ninety halves,13090 / 2,7
6546,nine squared squared minus fifteen,(9 ²) ² - 15,7
6547,nine squared squared minus fourteen,(9 ²) ² - 14,7
6548,nine squared squared minus thirteen,(9 ²) ² - 13,7
6549,nine squared squared minus twelve,(9 ²) ² - 12,6
6550,thirteen thousand one hundred halves,13100 / 2,8
6551,nine squared squared minus ten,(9 ²) ² - 10,6
6552,nine squared squared minus nine,(9 ²) ² - 9,6
6553,nine squared squared minus eight,(9 ²) ² - 8,6
6554,nine squared squared minus seven,(9 ²) ² - 7,7
6555,nine squared squared minus six,(9 ²) ² - 6,6
6556,nine squared squared minus five,(9 ²) ² - 5,6
6557,nine squared squared minus four,(9 ²) ² - 4,6
6558,nine squared squared minus three,(9 ²) ² - 3,6
6559,nine squared squared minus two,(9 ²) ² - 2,6
6560,nine squared squared minus one,(9 ²) ² - 1,6
6561,nine squared squared,(9 ²) ²,3
6562,nine squared squared plus one,(9 ²) ² + 1,5
6563,nine squared squared plus two,(9 ²) ² + 2,5
6564,nine squared squared plus three,(9 ²) ² + 3,5
6565,nine squared squared plus four,(9 ²) ² + 4,5
6566,nine squared squared plus five,(9 ²) ² + 5,5
6567,nine squared squared plus six,(9 ²) ² + 6,5
6568,nine squared squared plus seven,(9 ²) ² + 7,6
6569,nine squared squared plus eight,(9 ²) ² + 8,5
6570,nine squared squared plus nine,(9 ²) ² + 9,5
6571,nine squared squared plus ten,(9 ²) ² + 10,5
6572,nine squared squared plus ten plus one,(9 ²) ² + 10 + 1,7
6573,nine squared squared plus twelve,(9 ²) ² + 12,5
6574,nine squared squared plus thirteen,(9 ²) ² + 13,6
6575,nine squared squared plus fourteen,(9 ²) ² + 14,6
6576,nine squared squared plus fifteen,(9 ²) ² + 15,6
6577,nine squared squared plus four squared,(9 ²) ² + 4 ²,6
6578,thirteen times five hundred six,13 * 506,7
6579,nine squared squared plus eighteen,(9 ²) ² + 18,6
6580,nine squared squared plus nineteen,(9 ²) ² + 19,6
6581,nine squared squared plus twenty,(9 ²) ² + 20,6
6582,nine squared squared plus twelve plus nine,(9 ²) ² + 12 + 9,7
6583,nine squared squared plus twelve plus ten,(9 ²) ² + 12 + 10,7
6584,nine squared squared plus twenty-three,(9 ²) ² + 23,7
6585,nine squared squared plus twelve plus twelve,(9 ²) ² + 12 + 12,7
6586,nine squared squared plus five squared,(9 ²) ² + 5 ²,6
6587,nine squared squared plus twenty-six,(9 ²) ² + 26,7
6588,nine squared squared plus three cubed,(9 ²) ² + 3 ³,6
6589,nine squared squared plus twenty-eight,(9 ²) ² + 28,7
6590,nine squared squared plus twenty-nine,(9 ²) ² + 29,7
6591,thirty-nine cubed ninths,39 ³ / 9,5
6592,four cubed times one hundred three,4 ³ * 103,7
6593,thirty-nine cubed ninths plus two,39 ³ / 9 + 2,7
6594,thirty-nine cubed ninths plus three,39 ³ / 9 + 3,7
6595,thirty-nine cubed ninths plus four,39 ³ / 9 + 4,7
6596,thirty-nine cubed ninths plus five,39 ³ / 9 + 5,7
6597,nine squared squared plus six squared,(9 ²) ² + 6 ²,6
6598,nine squared squared plus six squared plus one,(9 ²) ² + 6 ² + 1,8
6599,thirty-nine cubed ninths plus eight,39 ³ / 9 + 8,7
6600,sixty-six times ten squared,66 * 10 ²,6
6601,nine squared squared plus forty,(9 ²) ² + 40,6
6602,thirty-three thousand ten fifths,33010 / 5,7
6603,thirty-nine cubed ninths plus twelve,39 ³ / 9 + 12,7
6604,thirteen times five hundred eight,13 * 508,7
6605,nine squared squared plus forty-four,(9 ²) ² + 44,7
6606,nine squared squared plus ninety halves,(9 ²) ² + 90 / 2,7
6607,nine squared squared plus forty-six,(9 ²) ² + 46,7
6608,six thousand six hundred eight,6608,7
6609,nine squared squared plus twelve squared thirds,(9 ²) ² + 12 ² / 3,7
6610,nine squared squared plus seven squared,(9 ²) ² + 7 ²,7
6611,nine squared squared plus fifty,(9 ²) ² + 50,6
6612,nine squared squared plus fifty-one,(9 ²) ² + 51,7
6613,nine squared squared plus fifty-two,(9 ²) ² + 52,7
6614,nine squared squared plus fifty-three,(9 ²) ² + 53,7
6615,fifteen times twenty-one squared,15 * 21 ²,7
6616,eighty squared plus six cubed,80 ² + 6 ³,6
6617,thirteen times five hundred nine,13 * 509,7
6618,eighty squared plus six cubed plus two,80 ² + 6 ³ + 2,8
6619,nine squared squared plus fifty-eight,(9 ²) ² + 58,7
6620,nine squared squared plus fifty-nine,(9 ²) ² + 59,7
6621,nine squared squared plus sixty,(9 ²) ² + 60,6
6622,nine squared squared plus sixty-one,(9 ²) ² + 61,7
6623,nine squared squared plus sixty-two,(9 ²) ² + 62,7
6624,forty-six times twelve squared,46 * 12 ²,6
6625,fifty-three times five cubed,53 * 5 ³,6
6626,fifty-three thousand eight eighths,53008 / 8,7
6627,three times ninety-four halves squared,3 * (94 / 2) ²,7
6628,seventy squared plus twelve cubed,70 ² + 12 ³,7
6629,nine squared squared plus sixty-eight,(9 ²) ² + 68,7
6630,thirteen times five hundred ten,13 * 510,7
6631,nine squared squared plus seventy,(9 ²) ² + 70,7
6632,eighteen cubed plus eight hundred,18 ³ + 800,7
6633,nine squared squared plus six cubed thirds,(9 ²) ² + 6 ³ / 3,7
6634,eighty-two squared minus ninety,82 ² - 90,8
6635,fifty-three times five cubed plus ten,53 * 5 ³ + 10,8
6636,seventy-nine times eighty-four,79 * 84,8
6637,fifty-three times five cubed plus twelve,53 * 5 ³ + 12,8
6638,eighteen cubed plus eight hundred six,18 ³ + 806,8
6639,nine squared squared plus six times thirteen,(9 ²) ² + 6 * 13,8
6640,eighty times eighty-three,80 * 83,6
6641,nine squared squared plus eighty,(9 ²) ² + 80,6
6642,nine squared times eighty-two,9 ² * 82,6
6643,nineteen cubed minus six cubed,19 ³ - 6 ³,7
6644,nine squared squared plus eighty-three,(9 ²) ² + 83,7
6645,nine squared squared plus eighty-four,(9 ²) ² + 84,7
6646,nine squared squared plus eighty-five,(9 ²) ² + 85,7
6647,nine squared squared plus eighty-six,(9 ²) ² + 86,7
6648,thirteen times eight cubed minus eight,13 * 8 ³ - 8,8
6649,nine squared squared plus eighty-eight,(9 ²) ² + 88,7
6650,seventy times ninety-five,70 * 95,7
6651,nine squared squared plus ninety,(9 ²) ² + 90,6
6652,nine squared squared plus ninety-one,(9 ²) ² + 91,7
6653,nine squared squared plus ninety-two,(9 ²) ² + 92,7
6654,nine squared squared plus ninety-three,(9 ²) ² + 93,7
6655,five times eleven cubed,5 * 11 ³,6
6656,thirteen times eight cubed,13 * 8 ³,5
6657,thirteen times eight cubed plus one,13 * 8 ³ + 1,7
6658,thirteen times eight cubed plus two,13 * 8 ³ + 2,7
6659,thirteen times eight cubed plus three,13 * 8 ³ + 3,7
6660,seventy-four times ninety,74 * 90,7
6661,nine squared squared plus ten squared,(9 ²) ² + 10 ²,6
6662,thirteen times eight cubed plus six,13 * 8 ³ + 6,7
6663,nineteen cubed minus fourteen squared,19 ³ - 14 ²,8
6664,sixty-eight times ninety-eight,68 * 98,7
6665,thirteen times eight cubed plus nine,13 * 8 ³ + 9,7
6666,thirteen times eight cubed plus ten,13 * 8 ³ + 10,7
6667,eighty thousand four twelfths,80004 / 12,6
6668,sixty thousand twelve ninths,60012 / 9,6
6669,forty thousand fourteen sixths,40014 / 6,7
6670,twenty thousand ten thirds,20010 / 3,6
6671,twenty thousand thirteen thirds,20013 / 3,7
6672,twenty thousand sixteen thirds,20016 / 3,7
6673,twenty thousand nineteen thirds,20019 / 3,7
6674,eighty thousand eighty-eight twelfths,80088 / 12,8
6675,five times eight thousand ten sixths,5 * 8010 / 6,7
6676,sixty thousand eighty-four ninths,60084 / 9,8
6677,sixty thousand ninety-three ninths,60093 / 9,8
6678,forty thousand sixty-eight sixths,40068 / 6,8
6679,twenty thousand ten thirds plus nine,20010 / 3 + 9,8
6680,ten times six thousand twelve ninths,10 * 6012 / 9,7
6681,nine squared squared plus ten times twelve,(9 ²) ² + 10 * 12,7
6682,forty thousand ninety-two sixths,40092 / 6,8
6683,forty thousand ninety-eight sixths,40098 / 6,8
6684,twenty thousand fifty-two thirds,20052 / 3,8
6685,twenty thousand fifty-five thirds,20055 / 3,8
6686,nine squared squared plus five cubed,(9 ²) ² + 5 ³,6
6687,twenty thousand sixty-one thirds,20061 / 3,8
6688,eighty squared plus twelve cubed sixths,80 ² + 12 ³ / 6,7
6689,nine squared squared plus eight cubed fourths,(9 ²) ² + 8 ³ / 4,7
6690,thirty cubed fourths minus sixty,30 ³ / 4 - 60,8
6691,nine squared squared plus five cubed plus five,(9 ²) ² + 5 ³ + 5,8
6692,four times five thousand nineteen thirds,4 * 5019 / 3,8
6693,sixty-nine times ninety-seven,69 * 97,8
6694,twenty thousand eighty-two thirds,20082 / 3,8
6695,twenty thousand eighty-five thirds,20085 / 3,8
6696,thirty-one times six cubed,31 * 6 ³,6
6697,twenty thousand ninety-one thirds,20091 / 3,8
6698,twenty thousand ninety-four thirds,20094 / 3,8
6699,eighty-two squared minus five squared,82 ² - 5 ²,8
6700,sixty-seven times ten squared,67 * 10 ²,7
6701,sixty-seven thousand ten tenths,67010 / 10,8
6702,thirty-one times six cubed plus six,31 * 6 ³ + 6,8
6703,eighty squared plus three hundred three,80 ² + 303,8
6704,eighty-two squared minus twenty,82 ² - 20,8
6705,nine squared squared plus twelve squared,(9 ²) ² + 12 ²,6
6706,eighty-two squared minus eighteen,82 ² - 18,8
6707,nine squared squared plus twelve squared plus two,(9 ²) ² + 12 ² + 2,8
6708,eighty-two squared minus four squared,82 ² - 4 ²,8
6709,eighty-two squared minus fifteen,82 ² - 15,8
6710,thirty cubed fourths minus forty,30 ³ / 4 - 40,8
6711,eighty-two squared minus thirteen,82 ² - 13,8
6712,eighty-two squared minus twelve,82 ² - 12,7
6713,eighty-five squared minus eight cubed,85 ² - 8 ³,8
6714,eighty-two squared minus ten,82 ² - 10,7
6715,eighty-two squared minus nine,82 ² - 9,7
6716,eighty-two squared minus eight,82 ² - 8,7
6717,eighty-two squared minus seven,82 ² - 7,8
6718,eighty-two squared minus six,82 ² - 6,7
6719,eighty-two squared minus five,82 ² - 5,7
6720,eighty times eighty-four,80 * 84,6
6721,eighty-two squared minus three,82 ² - 3,7
6722,eighty-two squared minus two,82 ² - 2,7
6723,nine squared times eighty-three,9 ² * 83,6
6724,eighty-two squared,82 ²,4
6725,eighty-two squared plus one,82 ² + 1,6
6726,eighty-two squared plus two,82 ² + 2,6
6727,eighty-two squared plus three,82 ² + 3,6
6728,eight times twenty-nine squared,8 * 29 ²,6
6729,eighty-two squared plus five,82 ² + 5,6
6730,eighty-two squared plus six,82 ² + 6,6
6731,eighty-two squared plus seven,82 ² + 7,7
6732,eighty-two squared plus eight,82 ² + 8,6
6733,eighty-two squared plus nine,82 ² + 9,6
6734,eighty-two squared plus ten,82 ² + 10,6
6735,six thousand six plus nine cubed,6006 + 9 ³,7
6736,eighty-two squared plus twelve,82 ² + 12,6
6737,eighty-two squared plus thirteen,82 ² + 13,7
6738,thirty cubed fourths minus twelve,30 ³ / 4 - 12,7
6739,eighty-two squared plus fifteen,82 ² + 15,7
6740,thirty cubed fourths minus ten,30 ³ / 4 - 10,7
6741,thirty cubed fourths minus nine,30 ³ / 4 - 9,7
6742,thirty cubed fourths minus eight,30 ³ / 4 - 8,7
6743,eighty-two squared plus nineteen,82 ² + 19,7
6744,thirty cubed fourths minus six,30 ³ / 4 - 6,7
6745,thirty cubed fourths minus five,30 ³ / 4 - 5,7
6746,thirty cubed fourths minus four,30 ³ / 4 - 4,7
6747,thirty cubed fourths minus three,30 ³ / 4 - 3,7
6748,thirty cubed fourths minus two,30 ³ / 4 - 2,7
6749,thirty cubed fourths minus one,30 ³ / 4 - 1,7
6750,thirty cubed fourths,30 ³ / 4,4
6751,thirty cubed fourths plus one,30 ³ / 4 + 1,6
6752,thirty cubed fourths plus two,30 ³ / 4 + 2,6
6753,thirty cubed fourths plus three,30 ³ / 4 + 3,6
6754,thirty cubed fourths plus four,30 ³ / 4 + 4,6
6755,thirty cubed fourths plus five,30 ³ / 4 + 5,6
6756,thirty cubed fourths plus six,30 ³ / 4 + 6,6
6757,thirty cubed fourths plus seven,30 ³ / 4 + 7,7
6758,thirty cubed fourths plus eight,30 ³ / 4 + 8,6
6759,thirty cubed fourths plus nine,30 ³ / 4 + 9,6
6760,forty times thirteen squared,40 * 13 ²,6
6761,nine squared squared plus ten cubed fifths,(9 ²) ² + 10 ³ / 5,7
6762,thirty cubed fourths plus twelve,30 ³ / 4 + 12,6
6763,thirty cubed fourths plus thirteen,30 ³ / 4 + 13,7
6764,thirty cubed fourths plus fourteen,30 ³ / 4 + 14,7
6765,thirty cubed fourths plus fifteen,30 ³ / 4 + 15,7
6766,thirty cubed fourths plus four squared,30 ³ / 4 + 4 ²,7
6767,nineteen cubed minus ninety-two,19 ³ - 92,8
6768,ninety-four halves times twelve squared,94 / 2 * 12 ²,7
6769,nineteen cubed minus ninety,19 ³ - 90,7
6770,thirty cubed fourths plus twenty,30 ³ / 4 + 20,7
6771,nineteen cubed minus eighty-eight,19 ³ - 88,8
6772,thirty cubed fourths plus twelve plus ten,30 ³ / 4 + 12 + 10,8
6773,nineteen cubed minus eighty-six,19 ³ - 86,8
6774,eighty-two squared plus fifty,82 ² + 50,7
6775,thirty cubed fourths plus five squared,30 ³ / 4 + 5 ²,7
6776,three hundred eight squared fourteenths,308 ² / 14,7
6777,nine squared squared plus six cubed,(9 ²) ² + 6 ³,6
6778,sixty-one thousand two ninths,61002 / 9,7
6779,nineteen cubed minus eighty,19 ³ - 80,7
6780,thirty cubed fourths plus thirty,30 ³ / 4 + 30,7
6781,nine squared squared plus six cubed plus four,(9 ²) ² + 6 ³ + 4,8
6782,nine squared squared plus six cubed plus five,(9 ²) ² + 6 ³ + 5,8
6783,nine squared squared plus six cubed plus six,(9 ²) ² + 6 ³ + 6,8
6784,fifty-three times eight cubed fourths,53 * 8 ³ / 4,7
6785,nine squared squared plus six cubed plus eight,(9 ²) ² + 6 ³ + 8,8
6786,thirty cubed fourths plus six squared,30 ³ / 4 + 6 ²,7
6787,twelve squared squared thirds minus five cubed,(12 ²) ² / 3 - 5 ³,8
6788,eighty-two squared plus four cubed,82 ² + 4 ³,7
6789,eighty-three squared minus ten squared,83 ² - 10 ²,8
6790,thirty cubed fourths plus forty,30 ³ / 4 + 40,7
6791,nineteen cubed minus sixty-eight,19 ³ - 68,8
6792,twelve times five hundred sixty-six,12 * 566,8
6793,nineteen cubed minus sixty-six,19 ³ - 66,8
6794,nineteen cubed minus sixty-five,19 ³ - 65,8
6795,nineteen cubed minus four cubed,19 ³ - 4 ³,7
6796,nineteen cubed minus sixty-three,19 ³ - 63,8
6797,nineteen cubed minus sixty-two,19 ³ - 62,8
6798,nineteen cubed minus sixty-one,19 ³ - 61,8
6799,nineteen cubed minus sixty,19 ³ - 60,7
6800,sixty-eight times ten squared,68 * 10 ²,6
6801,sixty-eight thousand ten tenths,68010 / 10,7
6802,thirty-four thousand ten fifths,34010 / 5,7
6803,six thousand eight hundred three,6803,7
6804,nine squared times eighty-four,9 ² * 84,6
6805,eighty-two squared plus nine squared,82 ² + 9 ²,7
6806,eighty-two times eighty-three,82 * 83,7
6807,nineteen cubed minus fifty-two,19 ³ - 52,8
6808,six thousand eight hundred eight,6808,7
6809,nineteen cubed minus fifty,19 ³ - 50,7
6810,thirty cubed fourths plus sixty,30 ³ / 4 + 60,7
6811,nine squared squared plus ten cubed fourths,(9 ²) ² + 10 ³ / 4,7
6812,six thousand eight hundred twelve,6812,7
6813,nineteen cubed minus forty-six,19 ³ - 46,8
6814,thirty cubed fourths plus four cubed,30 ³ / 4 + 4 ³,7
6815,nineteen cubed minus forty-four,19 ³ - 44,8
6816,nineteen cubed minus forty-three,19 ³ - 43,8
6817,nine squared squared plus four squared squared,(9 ²) ² + (4 ²) ²,7
6818,nineteen cubed minus forty-one,19 ³ - 41,8
6819,nineteen cubed minus forty,19 ³ - 40,7
6820,nineteen cubed minus thirty-nine,19 ³ - 39,8
6821,nineteen cubed minus thirty-eight,19 ³ - 38,8
6822,twelve squared squared thirds minus ninety,(12 ²) ² / 3 - 90,8
6823,nineteen cubed minus six squared,19 ³ - 6 ²,7
6824,eighty-two squared plus ten squared,82 ² + 10 ²,7
6825,eighty-three squared minus four cubed,83 ² - 4 ³,8
6826,nineteen cubed minus thirty-three,19 ³ - 33,8
6827,nineteen cubed minus four cubed halves,19 ³ - 4 ³ / 2,8
6828,nineteen cubed minus thirty-one,19 ³ - 31,8
6829,nineteen cubed minus thirty,19 ³ - 30,7
6830,thirty cubed fourths plus eighty,30 ³ / 4 + 80,7
6831,sixty-nine times ninety-nine,69 * 99,7
6832,eighteen cubed plus ten cubed,18 ³ + 10 ³,6
6833,nineteen cubed minus twenty-six,19 ³ - 26,8
6834,eighty-two thousand eight twelfths,82008 / 12,7
6835,forty-one thousand ten sixths,41010 / 6,7
6836,forty-one thousand sixteen sixths,41016 / 6,8
6837,nineteen cubed minus twenty-two,19 ³ - 22,8
6838,nineteen cubed minus twenty-one,19 ³ - 21,8
6839,nineteen cubed minus twenty,19 ³ - 20,7
6840,nineteen cubed minus nineteen,19 ³ - 19,7
6841,nineteen cubed minus eighteen,19 ³ - 18,7
6842,nineteen cubed minus seventeen,19 ³ - 17,8
6843,nineteen cubed minus four squared,19 ³ - 4 ²,7
6844,nineteen cubed minus fifteen,19 ³ - 15,7
6845,nineteen cubed minus fourteen,19 ³ - 14,7
6846,nineteen cubed minus thirteen,19 ³ - 13,7
6847,nineteen cubed minus twelve,19 ³ - 12,6
6848,ten times eight cubed plus twelve cubed,10 * 8 ³ + 12 ³,7
6849,nineteen cubed minus ten,19 ³ - 10,6
6850,nineteen cubed minus nine,19 ³ - 9,6
6851,nineteen cubed minus eight,19 ³ - 8,6
6852,nineteen cubed minus seven,19 ³ - 7,7
6853,nineteen cubed minus six,19 ³ - 6,6
6854,nineteen cubed minus five,19 ³ - 5,6
6855,nineteen cubed minus four,19 ³ - 4,6
6856,nineteen cubed minus three,19 ³ - 3,6
6857,nineteen cubed minus two,19 ³ - 2,6
6858,nineteen cubed minus one,19 ³ - 1,6
6859,nineteen cubed,19 ³,3
6860,nineteen cubed plus one,19 ³ + 1,5
6861,nineteen cubed plus two,19 ³ + 2,5
6862,nineteen cubed plus three,19 ³ + 3,5
6863,nineteen cubed plus four,19 ³ + 4,5
6864,nineteen cubed plus five,19 ³ + 5,5
6865,nineteen cubed plus six,19 ³ + 6,5
6866,nineteen cubed plus seven,19 ³ + 7,6
6867,nineteen cubed plus eight,19 ³ + 8,5
6868,nineteen cubed plus nine,19 ³ + 9,5
6869,nineteen cubed plus ten,19 ³ + 10,5
6870,nineteen cubed plus ten plus one,19 ³ + 10 + 1,7
6871,nineteen cubed plus twelve,19 ³ + 12,5
6872,nineteen cubed plus thirteen,19 ³ + 13,6
6873,nineteen cubed plus fourteen,19 ³ + 14,6
6874,nineteen cubed plus fifteen,19 ³ + 15,6
6875,fifty-five times five cubed,55 * 5 ³,6
6876,fifty-five thousand eight eighths,55008 / 8,7
6877,nineteen cubed plus eighteen,19 ³ + 18,6
6878,nineteen cubed plus nineteen,19 ³ + 19,6
6879,nineteen cubed plus twenty,19 ³ + 20,6
6880,eighty times eighty-six,80 * 86,6
6881,eighty-three squared minus eight,83 ² - 8,7
6882,nineteen cubed plus twenty-three,19 ³ + 23,7
6883,eighty-three squared minus six,83 ² - 6,7
6884,nineteen cubed plus five squared,19 ³ + 5 ²,6
6885,nine squared times eighty-five,9 ² * 85,6
6886,nineteen cubed plus three cubed,19 ³ + 3 ³,6
6887,eighty-three squared minus two,83 ² - 2,7
6888,eighty-three squared minus one,83 ² - 1,7
6889,eighty-three squared,83 ²,4
6890,eighty-three squared plus one,83 ² + 1,6
6891,eighty-three squared plus two,83 ² + 2,6
6892,eighty-three squared plus three,83 ² + 3,6
6893,eighty-three squared plus four,83 ² + 4,6
6894,eighty-three squared plus five,83 ² + 5,6
6895,eighty-three squared plus six,83 ² + 6,6
6896,eighty-three squared plus seven,83 ² + 7,7
6897,eighty-three squared plus eight,83 ² + 8,6
6898,eighty-three squared plus nine,83 ² + 9,6
6899,eighty-three squared plus ten,83 ² + 10,6
6900,sixty-nine times ten squared,69 * 10 ²,6
6901,eighty-three squared plus twelve,83 ² + 12,6
6902,twelve squared squared thirds minus ten,(12 ²) ² / 3 - 10,7
6903,twelve squared squared thirds minus nine,(12 ²) ² / 3 - 9,7
6904,twelve squared squared thirds minus eight,(12 ²) ² / 3 - 8,7
6905,eighty-three squared plus four squared,83 ² + 4 ²,7
6906,twelve squared squared thirds minus six,(12 ²) ² / 3 - 6,7
6907,twelve squared squared thirds minus five,(12 ²) ² / 3 - 5,7
6908,twelve squared squared thirds minus four,(12 ²) ² / 3 - 4,7
6909,nineteen cubed plus fifty,19 ³ + 50,6
6910,twelve squared squared thirds minus two,(12 ²) ² / 3 - 2,7
6911,twelve squared squared thirds minus one,(12 ²) ² / 3 - 1,7
6912,twelve squared squared thirds,(12 ²) ² / 3,4
6913,twelve squared squared thirds plus one,(12 ²) ² / 3 + 1,6
6914,twelve squared squared thirds plus two,(12 ²) ² / 3 + 2,6
6915,twelve squared squared thirds plus three,(12 ²) ² / 3 + 3,6
6916,twelve squared squared thirds plus four,(12 ²) ² / 3 + 4,6
6917,twelve squared squared thirds plus five,(12 ²) ² / 3 + 5,6
6918,twelve squared squared thirds plus six,(12 ²) ² / 3 + 6,6
6919,nineteen cubed plus sixty,19 ³ + 60,6
6920,twelve squared squared thirds plus eight,(12 ²) ² / 3 + 8,6
6921,twelve squared squared thirds plus nine,(12 ²) ² / 3 + 9,6
6922,twelve squared squared thirds plus ten,(12 ²) ² / 3 + 10,6
6923,nineteen cubed plus four cubed,19 ³ + 4 ³,6
6924,twelve squared squared thirds plus twelve,(12 ²) ² / 3 + 12,6
6925,twelve squared squared thirds plus thirteen,(12 ²) ² / 3 + 13,7
6926,twelve squared squared thirds plus fourteen,(12 ²) ² / 3 + 14,7
6927,twelve squared squared thirds plus fifteen,(12 ²) ² / 3 + 15,7
6928,twelve squared squared thirds plus four squared,(12 ²) ² / 3 + 4 ²,7
6929,forty-one times thirteen squared,41 * 13 ²,7
6930,seventy times ninety-nine,70 * 99,7
6931,twelve squared squared thirds plus nineteen,(12 ²) ² / 3 + 19,7
6932,twelve squared squared thirds plus twenty,(12 ²) ² / 3 + 20,7
6933,twelve squared squared thirds plus twelve plus nine,(12 ²) ² / 3 + 12 + 9,8
6934,twelve squared squared thirds plus twelve plus ten,(12 ²) ² / 3 + 12 + 10,8
6935,seventy-three times ninety-five,73 * 95,8
6936,two hundred four squared sixths,204 ² / 6,6
6937,twelve squared squared thirds plus five squared,(12 ²) ² / 3 + 5 ²,7
6938,two hundred four squared sixths plus two,204 ² / 6 + 2,8
6939,nineteen cubed plus eighty,19 ³ + 80,6
6940,nineteen cubed plus nine squared,19 ³ + 9 ²,6
6941,nineteen cubed plus eighty-two,19 ³ + 82,7
6942,twelve squared squared thirds plus thirty,(12 ²) ² / 3 + 30,7
6943,nineteen cubed plus eighty-four,19 ³ + 84,7
6944,nineteen cubed plus eighty-five,19 ³ + 85,7
6945,nineteen cubed plus eighty-six,19 ³ + 86,7
6946,twenty-three times three hundred two,23 * 302,8
6947,nineteen cubed plus eighty-eight,19 ³ + 88,7
6948,twelve squared squared thirds plus six squared,(12 ²) ² / 3 + 6 ²,7
6949,nineteen cubed plus ninety,19 ³ + 90,6
6950,nineteen cubed plus ninety-one,19 ³ + 91,7
6951,nineteen cubed plus ninety-two,19 ³ + 92,7
6952,twelve squared squared thirds plus forty,(12 ²) ² / 3 + 40,7
6953,eighty-three squared plus four cubed,83 ² + 4 ³,7
6954,nineteen cubed plus ninety-five,19 ³ + 95,7
6955,nineteen cubed plus eight times twelve,19 ³ + 8 * 12,7
6956,eighty-four squared minus ten squared,84 ² - 10 ²,8
6957,nineteen cubed plus ninety-eight,19 ³ + 98,7
6958,nineteen cubed plus ninety-nine,19 ³ + 99,7
6959,nineteen cubed plus ten squared,19 ³ + 10 ²,6
6960,fifty-eight times ten times twelve,58 * 10 * 12,7
6961,nine squared squared plus twenty squared,(9 ²) ² + 20 ²,7
6962,two times fifty-nine squared,2 * 59 ²,6
6963,two times fifty-nine squared plus one,2 * 59 ² + 1,8
6964,seven thousand minus six squared,7000 - 6 ²,8
6965,two times fifty-nine squared plus three,2 * 59 ² + 3,8
6966,nine squared times eighty-six,9 ² * 86,6
6967,nineteen cubed plus six cubed halves,19 ³ + 6 ³ / 2,7
6968,nine squared times eighty-six plus two,9 ² * 86 + 2,8
6969,eighty-three squared plus eighty,83 ² + 80,7
6970,eighty-two times eighty-five,82 * 85,7
6971,nine squared times eighty-six plus five,9 ² * 86 + 5,8
6972,eighty-three times eighty-four,83 * 84,7
6973,seven thousand minus three cubed,7000 - 3 ³,8
6974,nine squared times eighty-six plus eight,9 ² * 86 + 8,8
6975,thirty-one times fifteen squared,31 * 15 ²,7
6976,four cubed times one hundred nine,4 ³ * 109,7
6977,twelve squared squared thirds plus sixty-five,(12 ²) ² / 3 + 65,8
6978,nine squared times eighty-six plus twelve,9 ² * 86 + 12,8
6979,eighty-three squared plus ninety,83 ² + 90,7
6980,seven thousand minus twenty,7000 - 20,8
6981,seven thousand minus nineteen,7000 - 19,8
6982,seven thousand minus eighteen,7000 - 18,8
6983,eighty-three squared plus ninety-four,83 ² + 94,8
6984,nineteen cubed plus five cubed,19 ³ + 5 ³,6
6985,seven thousand minus fifteen,7000 - 15,8
6986,seven thousand minus fourteen,7000 - 14,8
6987,nineteen cubed plus eight cubed fourths,19 ³ + 8 ³ / 4,7
6988,seven thousand minus twelve,7000 - 12,7
6989,eighty-three squared plus ten squared,83 ² + 10 ²,7
6990,seven thousand minus ten,7000 - 10,7
6991,seven thousand minus nine,7000 - 9,7
6992,seven thousand minus eight,7000 - 8,7
6993,twelve squared squared thirds plus nine squared,(12 ²) ² / 3 + 9 ²,7
6994,seven thousand minus six,7000 - 6,7
6995,seven thousand minus five,7000 - 5,7
6996,seven thousand minus four,7000 - 4,7
6997,seven thousand minus three,7000 - 3,7
6998,seven thousand minus two,7000 - 2,7
6999,seven thousand minus one,7000 - 1,7
7000,seven thousand,7000,4
7001,seven thousand one,7001,5
7002,seven thousand two,7002,5
7003,seven thousand three,7003,5
7004,seven thousand four,7004,5
7005,seven thousand five,7005,5
7006,seven thousand six,7006,5
7007,seven thousand seven,7007,6
7008,seven thousand eight,7008,5
7009,seven thousand nine,7009,5
7010,seven thousand ten,7010,5
7011,seven thousand ten plus one,7010 + 1,7
7012,seven thousand twelve,7012,5
7013,seven thousand thirteen,7013,6
7014,seven thousand fourteen,7014,6
7015,seven thousand fifteen,7015,6
7016,seven thousand sixteen,7016,6
7017,seven thousand twelve plus five,7012 + 5,7
7018,seven thousand eighteen,7018,6
7019,seven thousand nineteen,7019,6
7020,seven thousand twenty,7020,6
7021,seven times one thousand three,7 * 1003,7
7022,seven thousand twelve plus ten,7012 + 10,7
7023,seven thousand twenty-three,7023,7
7024,seven thousand twelve plus twelve,7012 + 12,7
7025,fourteen thousand fifty halves,14050 / 2,7
7026,seven thousand twenty-six,7026,7
7027,seven thousand plus three cubed,7000 + 3 ³,7
7028,fourteen times five hundred two,14 * 502,7
7029,seven thousand twenty-nine,7029,7
7030,seven thousand thirty,7030,6
7031,seven thousand thirty-one,7031,7
7032,seven thousand thirty-two,7032,7
7033,eighty-three squared plus twelve squared,83 ² + 12 ²,7
7034,seven thousand thirty-four,7034,7
7035,seven times one thousand five,7 * 1005,7
7036,seven thousand plus six squared,7000 + 6 ²,7
7037,twelve squared squared thirds plus five cubed,(12 ²) ² / 3 + 5 ³,7
7038,seven thousand thirty-eight,7038,7
7039,seven thousand thirty-nine,7039,7
7040,eighty times eighty-eight,80 * 88,6
7041,seven thousand forty-one,7041,7
7042,fourteen times five hundred three,14 * 503,7
7043,seven thousand forty-three,7043,7
7044,eighty-four squared minus twelve,84 ² - 12,7
7045,fourteen thousand ninety halves,14090 / 2,7
7046,eighty-four squared minus ten,84 ² - 10,7
7047,eighty-four squared minus nine,84 ² - 9,7
7048,eighty-four squared minus eight,84 ² - 8,7
7049,seven thousand forty-nine,7049,7
7050,seven thousand fifty,7050,6
7051,eighty-four squared minus five,84 ² - 5,7
7052,eighty-four squared minus four,84 ² - 4,7
7053,eighty-four squared minus three,84 ² - 3,7
7054,eighty-four squared minus two,84 ² - 2,7
7055,eighty-four squared minus one,84 ² - 1,7
7056,eighty-four squared,84 ²,4
7057,eighty-four squared plus one,84 ² + 1,6
7058,eighty-four squared plus two,84 ² + 2,6
7059,eighty-four squared plus three,84 ² + 3,6
7060,eighty-four squared plus four,84 ² + 4,6
7061,eighty-four squared plus five,84 ² + 5,6
7062,eighty-four squared plus six,84 ² + 6,6
7063,seven times one thousand nine,7 * 1009,7
7064,eighty-four squared plus eight,84 ² + 8,6
7065,eighty-four squared plus nine,84 ² + 9,6
7066,eighty-four squared plus ten,84 ² + 10,6
7067,eighty-four squared plus ten plus one,84 ² + 10 + 1,8
7068,eighty-four squared plus twelve,84 ² + 12,6
7069,eighty-four squared plus thirteen,84 ² + 13,7
7070,fourteen times five hundred five,14 * 505,7
7071,eighty-four squared plus fifteen,84 ² + 15,7
7072,eighty-four squared plus four squared,84 ² + 4 ²,7
7073,nine squared squared plus eight cubed,(9 ²) ² + 8 ³,6
7074,eighty-four squared plus eighteen,84 ² + 18,7
7075,nineteen cubed plus six cubed,19 ³ + 6 ³,6
7076,eighty-four squared plus twenty,84 ² + 20,7
7077,ninety-two thousand one thirteenths,92001 / 13,8
7078,nineteen cubed plus six cubed plus three,19 ³ + 6 ³ + 3,8
7079,nineteen cubed plus six cubed plus four,19 ³ + 6 ³ + 4,8
7080,seven thousand eighty,7080,6
7081,eighty-four squared plus five squared,84 ² + 5 ²,7
7082,seven thousand eighty-two,7082,7
7083,eighty-four squared plus three cubed,84 ² + 3 ³,7
7084,eighty-five thousand eight twelfths,85008 / 12,7
7085,seven thousand eighty-five,7085,7
7086,eighty-four squared plus thirty,84 ² + 30,7
7087,nineteen cubed plus six cubed plus twelve,19 ³ + 6 ³ + 12,8
7088,seven thousand eighty-eight,7088,7
7089,seven thousand eighty-nine,7089,7
7090,seven thousand ninety,7090,6
7091,seven thousand ninety-one,7091,7
7092,eighty-four squared plus six squared,84 ² + 6 ²,7
7093,seven thousand ninety-three,7093,7
7094,seven thousand ninety-four,7094,7
7095,seven thousand ninety-five,7095,7
7096,eighty-four squared plus forty,84 ² + 40,7
7097,eighty-four squared plus forty-one,84 ² + 41,8
7098,forty-two times thirteen squared,42 * 13 ²,7
7099,seven thousand ninety-nine,7099,7
7100,ninety squared minus ten cubed,90 ² - 10 ³,7
7101,seventy-one thousand ten tenths,71010 / 10,8
7102,nineteen cubed plus nine cubed thirds,19 ³ + 9 ³ / 3,7
7103,seven thousand three plus ten squared,7003 + 10 ²,8
7104,seventy-four times eight times twelve,74 * 8 * 12,8
7105,eighty-three squared plus six cubed,83 ² + 6 ³,7
7106,eighty-four squared plus fifty,84 ² + 50,7
7107,sixty-nine times one hundred three,69 * 103,8
7108,ninety-four squared minus twelve cubed,94 ² - 12 ³,8
7109,nineteen cubed plus ten cubed fourths,19 ³ + 10 ³ / 4,7
7110,seventy-nine times ninety,79 * 90,7
7111,eighty-four squared plus fifty-five,84 ² + 55,8
7112,sixty-four thousand eight ninths,64008 / 9,7
7113,sixty-four thousand seventeen ninths,64017 / 9,9
7114,eighty-four squared plus fifty-eight,84 ² + 58,8
7115,nineteen cubed plus four squared squared,19 ³ + (4 ²) ²,7
7116,eighty-four squared plus sixty,84 ² + 60,7
7117,eighty-four squared plus sixty-one,84 ² + 61,8
7118,eighty-four squared plus sixty-two,84 ² + 62,8
7119,eighty-four squared plus sixty-three,84 ² + 63,8
7120,eighty times eighty-nine,80 * 89,6
7121,eighty times eighty-nine plus one,80 * 89 + 1,8
7122,eighty times eighty-nine plus two,80 * 89 + 2,8
7123,eighty times eighty-nine plus three,80 * 89 + 3,8
7124,eighty times eighty-nine plus four,80 * 89 + 4,8
7125,three times nineteen times five cubed,3 * 19 * 5 ³,7
7126,fourteen times five hundred nine,14 * 509,7
7127,seven thousand two plus five cubed,7002 + 5 ³,8
7128,thirty-three times six cubed,33 * 6 ³,6
7129,eighty squared plus nine cubed,80 ² + 9 ³,6
7130,twenty-three times three hundred ten,23 * 310,8
7131,eighty squared plus nine cubed plus two,80 ² + 9 ³ + 2,8
7132,eighty squared plus nine cubed plus three,80 ² + 9 ³ + 3,8
7133,seven times one thousand nineteen,7 * 1019,8
7134,eighty-two times eighty-seven,82 * 87,8
7135,eighty-five squared minus ninety,85 ² - 90,8
7136,eighty-four squared plus eighty,84 ² + 80,7
7137,eighty-four squared plus nine squared,84 ² + 9 ²,7
7138,eighty-three times eighty-six,83 * 86,7
7139,fifty-nine times eleven squared,59 * 11 ²,8
7140,eighty-four times eighty-five,84 * 85,7
7141,eighty squared plus nine cubed plus twelve,80 ² + 9 ³ + 12,8
7142,eighty-four squared plus eighty-six,84 ² + 86,8
7143,fifty thousand one sevenths,50001 / 7,7
7144,fifty thousand eight sevenths,50008 / 7,7
7145,fifty thousand fifteen sevenths,50015 / 7,8
7146,eighty-four squared plus ninety,84 ² + 90,7
7147,nineteen cubed plus twelve cubed sixths,19 ³ + 12 ³ / 6,7
7148,seven thousand four plus twelve squared,7004 + 12 ²,8
7149,seven thousand five plus twelve squared,7005 + 12 ²,8
7150,fourteen thousand three hundred halves,14300 / 2,8
7151,eighty-four squared plus ninety-five,84 ² + 95,8
7152,twelve times five hundred ninety-six,12 * 596,8
7153,seven thousand nine plus twelve squared,7009 + 12 ²,8
7154,ninety-three thousand two thirteenths,93002 / 13,8
7155,fifty-three times nine times fifteen,53 * 9 * 15,8
7156,eighty-four squared plus ten squared,84 ² + 10 ²,7
7157,fifty thousand ninety-nine sevenths,50099 / 7,9
7158,fourteen times eight cubed minus ten,14 * 8 ³ - 10,8
7159,nineteen cubed plus three hundred,19 ³ + 300,7
7160,fourteen times eight cubed minus eight,14 * 8 ³ - 8,8
7161,nine squared squared plus six hundred,(9 ²) ² + 600,7
7162,fourteen times eight cubed minus six,14 * 8 ³ - 6,8
7163,fourteen times eight cubed minus five,14 * 8 ³ - 5,8
7164,fourteen times eight cubed minus four,14 * 8 ³ - 4,8
7165,fourteen times eight cubed minus three,14 * 8 ³ - 3,8
7166,fourteen times eight cubed minus two,14 * 8 ³ - 2,8
7167,eighty-six thousand four twelfths,86004 / 12,7
7168,fourteen times eight cubed,14 * 8 ³,5
7169,fourteen times eight cubed plus one,14 * 8 ³ + 1,7
7170,fourteen times eight cubed plus two,14 * 8 ³ + 2,7
7171,fourteen times eight cubed plus three,14 * 8 ³ + 3,7
7172,fourteen times eight cubed plus four,14 * 8 ³ + 4,7
7173,fourteen times eight cubed plus five,14 * 8 ³ + 5,7
7174,fourteen times eight cubed plus six,14 * 8 ³ + 6,7
7175,eighty-five squared minus fifty,85 ² - 50,8
7176,fourteen times eight cubed plus eight,14 * 8 ³ + 8,7
7177,fourteen times eight cubed plus nine,14 * 8 ³ + 9,7
7178,fourteen times eight cubed plus ten,14 * 8 ³ + 10,7
7179,nineteen cubed plus forty squared fifths,19 ³ + 40 ² / 5,8
7180,fourteen times eight cubed plus twelve,14 * 8 ³ + 12,7
7181,eighty-four squared plus five cubed,84 ² + 5 ³,7
7182,sixty-three times six times nineteen,63 * 6 * 19,8
7183,nineteen cubed plus eighteen squared,19 ³ + 18 ²,7
7184,eight times eight hundred ninety-eight,8 * 898,8
7185,eighty-five squared minus forty,85 ² - 40,8
7186,nine squared squared plus five squared squared,(9 ²) ² + (5 ²) ²,7
7187,fourteen times eight cubed plus nineteen,14 * 8 ³ + 19,8
7188,eighty times ninety minus twelve,80 * 90 - 12,8
7189,eighty-five squared minus six squared,85 ² - 6 ²,8
7190,eighty times ninety minus ten,80 * 90 - 10,8
7191,eighty times ninety minus nine,80 * 90 - 9,8
7192,eighty times ninety minus eight,80 * 90 - 8,8
7193,fourteen times eight cubed plus five squared,14 * 8 ³ + 5 ²,8
7194,eighty times ninety minus six,80 * 90 - 6,8
7195,eighty times ninety minus five,80 * 90 - 5,8
7196,eighty times ninety minus four,80 * 90 - 4,8
7197,five thousand plus thirteen cubed,5000 + 13 ³,7
7198,eighty times ninety minus two,80 * 90 - 2,8
7199,eighty times ninety minus one,80 * 90 - 1,8
7200,eighty times ninety,80 * 90,5
7201,thirty-six thousand five fifths,36005 / 5,7
7202,thirty-six thousand ten fifths,36010 / 5,7
7203,three times seven squared squared,3 * (7 ²) ²,6
7204,four times nine thousand five fifths,4 * 9005 / 5,7
7205,eighty times ninety plus five,80 * 90 + 5,7
7206,six times twelve thousand ten tenths,6 * 12010 / 10,7
7207,eighty-five squared minus eighteen,85 ² - 18,8
7208,eight times nine hundred one,8 * 901,6
7209,nine squared times eighty-nine,9 ² * 89,6
7210,eighty times ninety plus ten,80 * 90 + 10,7
7211,eighty-five squared minus fourteen,85 ² - 14,8
7212,twelve times six hundred one,12 * 601,6
7213,eighty-five squared minus twelve,85 ² - 12,7
7214,twelve times six hundred one plus two,12 * 601 + 2,8
7215,eighty-five squared minus ten,85 ² - 10,7
7216,eight times nine hundred two,8 * 902,6
7217,eighty-five squared minus eight,85 ² - 8,7
7218,nine times eight hundred two,9 * 802,6
7219,eighty-five squared minus six,85 ² - 6,7
7220,twenty times nineteen squared,20 * 19 ²,6
7221,eighty-five squared minus four,85 ² - 4,7
7222,eighty-five squared minus three,85 ² - 3,7
7223,eighty-five squared minus two,85 ² - 2,7
7224,twelve times six hundred two,12 * 602,6
7225,eighty-five squared,85 ²,4
7226,eighty-five squared plus one,85 ² + 1,6
7227,nine times eight hundred three,9 * 803,6
7228,eighty-five squared plus three,85 ² + 3,6
7229,eighty-five squared plus four,85 ² + 4,6
7230,eighty-five squared plus five,85 ² + 5,6
7231,eighty-five squared plus six,85 ² + 6,6
7232,eight times nine hundred four,8 * 904,6
7233,eighty-five squared plus eight,85 ² + 8,6
7234,eighty-five squared plus nine,85 ² + 9,6
7235,eighty-five squared plus ten,85 ² + 10,6
7236,twelve times six hundred three,12 * 603,6
7237,eighty-five squared plus twelve,85 ² + 12,6
7238,eighty-five squared plus thirteen,85 ² + 13,7
7239,eighty-five squared plus fourteen,85 ² + 14,7
7240,eight times nine hundred five,8 * 905,6
7241,eighty-five squared plus four squared,85 ² + 4 ²,7
7242,eight times nine hundred five plus two,8 * 905 + 2,8
7243,eighty-five squared plus eighteen,85 ² + 18,7
7244,eighty-five squared plus nineteen,85 ² + 19,7
7245,nine times eight hundred five,9 * 805,6
7246,nine times eight hundred five plus one,9 * 805 + 1,8
7247,nine times eight hundred five plus two,9 * 805 + 2,8
7248,twelve times six hundred four,12 * 604,6
7249,twelve times six hundred four plus one,12 * 604 + 1,8
7250,fifty-eight times five cubed,58 * 5 ³,6
7251,fifty-eight thousand eight eighths,58008 / 8,7
7252,twenty-nine thousand eight fourths,29008 / 4,7
7253,twenty-nine thousand twelve fourths,29012 / 4,7
7254,nine times eight hundred six,9 * 806,6
7255,eighty-five squared plus thirty,85 ² + 30,7
7256,eight times nine hundred seven,8 * 907,7
7257,nine times eight hundred six plus three,9 * 806 + 3,8
7258,nine times eight hundred six plus four,9 * 806 + 4,8
7259,nineteen cubed plus twenty squared,19 ³ + 20 ²,7
7260,twelve times six hundred five,12 * 605,6
7261,eighty-five squared plus six squared,85 ² + 6 ²,7
7262,thirty cubed fourths plus eight cubed,30 ³ / 4 + 8 ³,7
7263,nine times eight hundred seven,9 * 807,7
7264,eight times nine hundred eight,8 * 908,6
7265,eighty-five squared plus forty,85 ² + 40,7
7266,fourteen times five hundred nineteen,14 * 519,8
7267,forty-three times thirteen squared,43 * 13 ²,7
7268,seventy-nine times ninety-two,79 * 92,8
7269,eight times nine hundred eight plus five,8 * 908 + 5,8
7270,ten times nine cubed minus twenty,10 * 9 ³ - 20,8
7271,twenty cubed minus nine cubed,20 ³ - 9 ³,7
7272,twelve times six hundred six,12 * 606,6
7273,eighty thousand three elevenths,80003 / 11,8
7274,nine thousand two minus twelve cubed,9002 - 12 ³,8
7275,eighty-five squared plus fifty,85 ² + 50,7
7276,nine thousand four minus twelve cubed,9004 - 12 ³,8
7277,nine thousand five minus twelve cubed,9005 - 12 ³,8
7278,ten times nine cubed minus twelve,10 * 9 ³ - 12,7
7279,eight thousand eight minus nine cubed,8008 - 9 ³,8
7280,eighty times ninety-one,80 * 91,6
7281,nine times eight hundred nine,9 * 809,6
7282,ten times nine cubed minus eight,10 * 9 ³ - 8,7
7283,eight thousand twelve minus nine cubed,8012 - 9 ³,8
7284,ten times nine cubed minus six,10 * 9 ³ - 6,7
7285,ten times nine cubed minus five,10 * 9 ³ - 5,7
7286,ten times nine cubed minus four,10 * 9 ³ - 4,7
7287,ten times nine cubed minus three,10 * 9 ³ - 3,7
7288,ten times nine cubed minus two,10 * 9 ³ - 2,7
7289,ten times nine cubed minus one,10 * 9 ³ - 1,7
7290,ten times nine cubed,10 * 9 ³,4
7291,ten times nine cubed plus one,10 * 9 ³ + 1,6
7292,ten times nine cubed plus two,10 * 9 ³ + 2,6
7293,ten times nine cubed plus three,10 * 9 ³ + 3,6
7294,ten times nine cubed plus four,10 * 9 ³ + 4,6
7295,ten times nine cubed plus five,10 * 9 ³ + 5,6
7296,twelve times six hundred eight,12 * 608,6
7297,ten times nine cubed plus seven,10 * 9 ³ + 7,7
7298,ten times nine cubed plus eight,10 * 9 ³ + 8,6
7299,ten times nine cubed plus nine,10 * 9 ³ + 9,6
7300,ten times nine cubed plus ten,10 * 9 ³ + 10,6
7301,seventy-three thousand ten tenths,73010 / 10,8
7302,ten times nine cubed plus twelve,10 * 9 ³ + 12,6
7303,ten times nine cubed plus thirteen,10 * 9 ³ + 13,7
7304,eighty-three times eighty-eight,83 * 88,7
7305,ten times nine cubed plus fifteen,10 * 9 ³ + 15,7
7306,ten times nine cubed plus four squared,10 * 9 ³ + 4 ²,7
7307,ten times nine cubed plus twelve plus five,10 * 9 ³ + 12 + 5,8
7308,twelve times six hundred nine,12 * 609,6
7309,ten times nine cubed plus nineteen,10 * 9 ³ + 19,7
7310,eighty-five times eighty-six,85 * 86,7
7311,twelve times six hundred nine plus three,12 * 609 + 3,8
7312,eight times nine hundred fourteen,8 * 914,7
7313,twelve times six hundred nine plus five,12 * 609 + 5,8
7314,sixty-nine times one hundred six,69 * 106,8
7315,ten times nine cubed plus five squared,10 * 9 ³ + 5 ²,7
7316,eighty-six squared minus eighty,86 ² - 80,8
7317,nine times eight hundred thirteen,9 * 813,7
7318,twelve times six hundred nine plus ten,12 * 609 + 10,8
7319,ten times nine cubed plus twenty-nine,10 * 9 ³ + 29,8
7320,twelve times six hundred ten,12 * 610,6
7321,twelve times six hundred ten plus one,12 * 610 + 1,8
7322,twelve times six hundred ten plus two,12 * 610 + 2,8
7323,twelve times six hundred ten plus three,12 * 610 + 3,8
7324,twelve times six hundred ten plus four,12 * 610 + 4,8
7325,eighty-five squared plus ten squared,85 ² + 10 ²,7
7326,nine times eight hundred fourteen,9 * 814,7
7327,eighty-six squared minus sixty-nine,86 ² - 69,9
7328,eight times nine hundred sixteen,8 * 916,7
7329,twelve times six hundred ten plus nine,12 * 610 + 9,8
7330,ten times nine cubed plus forty,10 * 9 ³ + 40,7
7331,ten times nine cubed plus forty-one,10 * 9 ³ + 41,8
7332,eighty-six squared minus four cubed,86 ² - 4 ³,8
7333,ten times nine cubed plus forty-three,10 * 9 ³ + 43,8
7334,eighty-eight thousand eight twelfths,88008 / 12,7
7335,forty-four thousand ten sixths,44010 / 6,7
7336,twenty-two thousand eight thirds,22008 / 3,7
7337,eighty-eight thousand forty-four twelfths,88044 / 12,9
7338,twenty-two thousand fourteen thirds,22014 / 3,8
7339,ten times nine cubed plus seven squared,10 * 9 ³ + 7 ²,8
7340,ten times nine cubed plus fifty,10 * 9 ³ + 50,7
7341,ten times nine cubed plus fifty-one,10 * 9 ³ + 51,8
7342,ten times nine cubed plus fifty-two,10 * 9 ³ + 52,8
7343,ten times nine cubed plus fifty-three,10 * 9 ³ + 53,8
7344,fifty-one times twelve squared,51 * 12 ²,6
7345,fifty-one times twelve squared plus one,51 * 12 ² + 1,8
7346,eighty-six squared minus fifty,86 ² - 50,8
7347,seventy-nine times ninety-three,79 * 93,8
7348,fifty-one times twelve squared plus four,51 * 12 ² + 4,8
7349,fifty-one times twelve squared plus five,51 * 12 ² + 5,8
7350,two hundred ten squared sixths,210 ² / 6,6
7351,two hundred ten squared sixths plus one,210 ² / 6 + 1,8
7352,eight times nine hundred nineteen,8 * 919,7
7353,forty-three times nine times nineteen,43 * 9 * 19,8
7354,ten times nine cubed plus four cubed,10 * 9 ³ + 4 ³,7
7355,two hundred ten squared sixths plus five,210 ² / 6 + 5,8
7356,twelve times six hundred thirteen,12 * 613,7
7357,eighty times ninety-two minus three,80 * 92 - 3,9
7358,two hundred ten squared sixths plus eight,210 ² / 6 + 8,8
7359,nineteen cubed plus ten cubed halves,19 ³ + 10 ³ / 2,7
7360,eighty times ninety-two,80 * 92,6
7361,nine squared squared plus eight hundred,(9 ²) ² + 800,7
7362,eighteen times four hundred nine,18 * 409,7
7363,eighty times ninety-two plus three,80 * 92 + 3,8
7364,eighty times ninety-two plus four,80 * 92 + 4,8
7365,eighty times ninety-two plus five,80 * 92 + 5,8
7366,eighty-six squared minus thirty,86 ² - 30,8
7367,nineteen cubed plus five hundred eight,19 ³ + 508,8
7368,twelve times six hundred fourteen,12 * 614,7
7369,eighty-five squared plus twelve squared,85 ² + 12 ²,7
7370,ten times nine cubed plus eighty,10 * 9 ³ + 80,7
7371,nine squared times ninety-one,9 ² * 91,6
7372,nine squared times ninety-one plus one,9 ² * 91 + 1,8
7373,nine squared times ninety-one plus two,9 ² * 91 + 2,8
7374,nine squared times ninety-one plus three,9 ² * 91 + 3,8
7375,fifty-nine times five cubed,59 * 5 ³,6
7376,fifty-nine thousand eight eighths,59008 / 8,7
7377,fifty-nine thousand sixteen eighths,59016 / 8,8
7378,eighty-six squared minus eighteen,86 ² - 18,8
7379,fifty-nine times five cubed plus four,59 * 5 ³ + 4,8
7380,eighty-two times ninety,82 * 90,6
7381,eighty-six squared minus fifteen,86 ² - 15,8
7382,eighty-six squared minus fourteen,86 ² - 14,8
7383,eighty-six squared minus thirteen,86 ² - 13,8
7384,eighty-six squared minus twelve,86 ² - 12,7
7385,ninety-six thousand five thirteenths,96005 / 13,8
7386,eighty-six squared minus ten,86 ² - 10,7
7387,eighty-six squared minus nine,86 ² - 9,7
7388,eighty-six squared minus eight,86 ² - 8,7
7389,eighty-six squared minus seven,86 ² - 7,8
7390,eighty-six squared minus six,86 ² - 6,7
7391,eighty-six squared minus five,86 ² - 5,7
7392,eighty-six squared minus four,86 ² - 4,7
7393,eighty-six squared minus three,86 ² - 3,7
7394,eighty-six squared minus two,86 ² - 2,7
7395,eighty-six squared minus one,86 ² - 1,7
7396,eighty-six squared,86 ²,4
7397,eighty-six squared plus one,86 ² + 1,6
7398,eighty-six squared plus two,86 ² + 2,6
7399,eighty-six squared plus three,86 ² + 3,6
7400,eighty-six squared plus four,86 ² + 4,6
7401,eighty-six squared plus five,86 ² + 5,6
7402,eighty-six squared plus six,86 ² + 6,6
7403,eighty-six squared plus seven,86 ² + 7,7
7404,eighty-six squared plus eight,86 ² + 8,6
7405,eighty-six squared plus nine,86 ² + 9,6
7406,eighty-six squared plus ten,86 ² + 10,6
7407,nine times eight hundred twenty-three,9 * 823,8
7408,eighty-six squared plus twelve,86 ² + 12,6
7409,eighty-six squared plus thirteen,86 ² + 13,7
7410,eighty-six squared plus fourteen,86 ² + 14,7
7411,eighty-six squared plus fifteen,86 ² + 15,7
7412,eighty-six squared plus four squared,86 ² + 4 ²,7
7413,eighty-six squared plus twelve plus five,86 ² + 12 + 5,8
7414,eighty-six squared plus eighteen,86 ² + 18,7
7415,eighty-six squared plus nineteen,86 ² + 19,7
7416,six squared times two hundred six,6 ² * 206,7
7417,eighty-nine thousand four twelfths,89004 / 12,7
7418,eighty-nine thousand sixteen twelfths,89016 / 12,8
7419,eighty-six squared plus twenty-three,86 ² + 23,8
7420,seventy times one hundred six,70 * 106,8
7421,eighty-six squared plus five squared,86 ² + 5 ²,7
7422,eighty-six squared plus twenty-six,86 ² + 26,8
7423,eighty-six squared plus three cubed,86 ² + 3 ³,7
7424,fifty-eight times eight cubed fourths,58 * 8 ³ / 4,7
7425,thirty-three times fifteen squared,33 * 15 ²,7
7426,eighty-six squared plus thirty,86 ² + 30,7
7427,eighty-six squared plus thirty-one,86 ² + 31,8
7428,twelve times six hundred nineteen,12 * 619,7
7429,fifty-two thousand three sevenths,52003 / 7,8
7430,fifty-two thousand ten sevenths,52010 / 7,8
7431,eighty-six squared plus thirty-five,86 ² + 35,8
7432,eighty-six squared plus six squared,86 ² + 6 ²,7
7433,two times sixty-one squared minus nine,2 * 61 ² - 9,9
7434,ten times nine cubed plus twelve squared,10 * 9 ³ + 12 ²,7
7435,nineteen cubed plus twelve cubed thirds,19 ³ + 12 ³ / 3,7
7436,forty-four times thirteen squared,44 * 13 ²,7
7437,eighty-six squared plus forty-one,86 ² + 41,8
7438,eighty-six squared plus forty-two,86 ² + 42,8
7439,eighty-six squared plus forty-three,86 ² + 43,8
7440,eighty times ninety-three,80 * 93,6
7441,eighty-five squared plus six cubed,85 ² + 6 ³,7
7442,two times sixty-one squared,2 * 61 ²,6
7443,two times sixty-one squared plus one,2 * 61 ² + 1,8
7444,two times sixty-one squared plus two,2 * 61 ² + 2,8
7445,sixty-seven thousand five ninths,67005 / 9,8
7446,eighty-six squared plus fifty,86 ² + 50,7
7447,two times sixty-one squared plus five,2 * 61 ² + 5,8
7448,thirty-eight times fourteen squared,38 * 14 ²,7
7449,eighty times ninety-three plus nine,80 * 93 + 9,8
7450,fourteen thousand nine hundred halves,14900 / 2,8
7451,two times sixty-one squared plus nine,2 * 61 ² + 9,8
7452,nine squared times ninety-two,9 ² * 92,6
7453,eighty-two squared plus nine cubed,82 ² + 9 ³,7
7454,nine squared times ninety-two plus two,9 ² * 92 + 2,8
7455,nine squared times ninety-two plus three,9 ² * 92 + 3,8
7456,eighty-six squared plus sixty,86 ² + 60,7
7457,nine squared times ninety-two plus five,9 ² * 92 + 5,8
7458,nine squared times ninety-two plus six,9 ² * 92 + 6,8
7459,nineteen cubed plus six hundred,19 ³ + 600,7
7460,eighty-six squared plus four cubed,86 ² + 4 ³,7
7461,nine squared squared plus thirty squared,(9 ²) ² + 30 ²,7
7462,eighty-two times ninety-one,82 * 91,7
7463,nineteen cubed plus six hundred four,19 ³ + 604,8
7464,ninety-two squared minus ten cubed,92 ² - 10 ³,8
7465,eighty-six squared plus sixty-nine,86 ² + 69,8
7466,eighty-six squared plus seventy,86 ² + 70,8
7467,nineteen cubed plus six hundred eight,19 ³ + 608,8
7468,eighty-six squared plus six cubed thirds,86 ² + 6 ³ / 3,8
7469,nineteen cubed plus six hundred ten,19 ³ + 610,8
7470,eighty-three times ninety,83 * 90,6
7471,four squared cubed plus fifteen cubed,(4 ²) ³ + 15 ³,7
7472,eight times nine hundred thirty-four,8 * 934,8
7473,eighty-three times ninety plus three,83 * 90 + 3,8
7474,eighty-three times ninety plus four,83 * 90 + 4,8
7475,ninety squared minus five squared squared,90 ² - (5 ²) ²,8
7476,eighty-four times eighty-nine,84 * 89,7
7477,eighty-six squared plus nine squared,86 ² + 9 ²,7
7478,eighty-three times ninety plus eight,83 * 90 + 8,8
7479,thirty cubed fourths plus nine cubed,30 ³ / 4 + 9 ³,7
7480,eighty-five times eighty-eight,85 * 88,7
7481,eighty-six squared plus eighty-five,86 ² + 85,8
7482,eighty-six times eighty-seven,86 * 87,8
7483,fifty-two times twelve squared minus five,52 * 12 ² - 5,9
7484,nineteen cubed plus five squared squared,19 ³ + (5 ²) ²,7
7485,eighty-six squared plus eighty-nine,86 ² + 89,8
7486,eighty-six squared plus ninety,86 ² + 90,7
7487,eighty-six squared plus ninety-one,86 ² + 91,8
7488,fifty-two times twelve squared,52 * 12 ²,6
7489,eight thousand one minus eight cubed,8001 - 8 ³,8
7490,three hundred squared twelfths minus ten,300 ² / 12 - 10,8
7491,three hundred squared twelfths minus nine,300 ² / 12 - 9,8
7492,three hundred squared twelfths minus eight,300 ² / 12 - 8,8
7493,eight thousand five minus eight cubed,8005 - 8 ³,8
7494,three hundred squared twelfths minus six,300 ² / 12 - 6,8
7495,three hundred squared twelfths minus five,300 ² / 12 - 5,8
7496,eighty-six squared plus ten squared,86 ² + 10 ²,7
7497,three hundred squared twelfths minus three,300 ² / 12 - 3,8
7498,three hundred squared twelfths minus two,300 ² / 12 - 2,8
7499,three hundred squared twelfths minus one,300 ² / 12 - 1,8
7500,three hundred squared twelfths,300 ² / 12,5
7501,ninety thousand twelve twelfths,90012 / 12,6
7502,thirty thousand eight fourths,30008 / 4,6
7503,thirty thousand twelve fourths,30012 / 4,6
7504,fifteen thousand eight halves,15008 / 2,6
7505,fifteen thousand ten halves,15010 / 2,6
7506,fifteen thousand twelve halves,15012 / 2,6
7507,fifteen thousand fourteen halves,15014 / 2,7
7508,fifteen thousand sixteen halves,15016 / 2,7
7509,fifteen thousand eighteen halves,15018 / 2,7
7510,fifteen thousand twenty halves,15020 / 2,7
7511,sixty thousand eighty-eight eighths,60088 / 8,8
7512,twelve times five thousand eight eighths,12 * 5008 / 8,7
7513,thirty thousand fifty-two fourths,30052 / 4,8
7514,thirty thousand fifty-six fourths,30056 / 4,8
7515,fifteen thousand thirty halves,15030 / 2,7
7516,thirty thousand sixty-four fourths,30064 / 4,8
7517,thirty thousand sixty-eight fourths,30068 / 4,8
7518,six times five thousand twelve fourths,6 * 5012 / 4,7
7519,fifteen thousand thirty-eight halves,15038 / 2,8
7520,eighty times ninety-four,80 * 94,6
7521,eighty-six squared plus five cubed,86 ² + 5 ³,7
7522,thirty thousand eighty-eight fourths,30088 / 4,8
7523,thirty thousand ninety-two fourths,30092 / 4,8
7524,six squared times two hundred nine,6 ² * 209,7
7525,fifteen thousand fifty halves,15050 / 2,7
7526,fifteen thousand fifty-two halves,15052 / 2,8
7527,fifteen thousand fifty-four halves,15054 / 2,8
7528,fifteen thousand fifty-six halves,15056 / 2,8
7529,fifteen thousand fifty-eight halves,15058 / 2,8
7530,fifteen thousand sixty halves,15060 / 2,7
7531,fifteen thousand sixty-two halves,15062 / 2,8
7532,fifteen thousand sixty-four halves,15064 / 2,8
7533,nine squared times ninety-three,9 ² * 93,6
7534,fifteen thousand sixty-eight halves,15068 / 2,8
7535,fifteen thousand seventy halves,15070 / 2,8
7536,twelve times six hundred twenty-eight,12 * 628,8
7537,nine squared times ninety-three plus four,9 ² * 93 + 4,8
7538,nine squared times ninety-three plus five,9 ² * 93 + 5,8
7539,nine squared times ninety-three plus six,9 ² * 93 + 6,8
7540,fifteen thousand eighty halves,15080 / 2,7
7541,fifteen thousand eighty-two halves,15082 / 2,8
7542,fifteen thousand eighty-four halves,15084 / 2,8
7543,fifteen thousand eighty-six halves,15086 / 2,8
7544,eighty-two times ninety-two,82 * 92,7
7545,fifteen thousand ninety halves,15090 / 2,7
7546,twenty-two times seven cubed,22 * 7 ³,7
7547,fifteen thousand ninety-four halves,15094 / 2,8
7548,fifteen thousand ninety-six halves,15096 / 2,8
7549,fifteen thousand ninety-eight halves,15098 / 2,8
7550,five squared times three hundred two,5 ² * 302,7
7551,nine times eight hundred thirty-nine,9 * 839,8
7552,fifty-nine times eight cubed fourths,59 * 8 ³ / 4,7
7553,eighty-three times ninety-one,83 * 91,7
7554,fifteen thousand one hundred eight halves,15108 / 2,9
7555,fifteen thousand one hundred ten halves,15110 / 2,9
7556,sixty-eight thousand four ninths,68004 / 9,7
7557,sixty-eight thousand thirteen ninths,68013 / 9,8
7558,sixty-eight thousand twenty-two ninths,68022 / 9,9
7559,eighty-seven squared minus ten,87 ² - 10,8
7560,eighty-four times ninety,84 * 90,6
7561,nine squared squared plus ten cubed,(9 ²) ² + 10 ³,6
7562,nine squared squared plus ten cubed plus one,(9 ²) ² + 10 ³ + 1,8
7563,eighty-seven squared minus six,87 ² - 6,8
7564,eighty-seven squared minus five,87 ² - 5,8
7565,eighty-five times eighty-nine,85 * 89,7
7566,eighty-seven squared minus three,87 ² - 3,8
7567,eighty-seven squared minus two,87 ² - 2,8
7568,eighty-six times eighty-eight,86 * 88,7
7569,eighty-seven squared,87 ²,5
7570,eighty-seven squared plus one,87 ² + 1,7
7571,eighty-seven squared plus two,87 ² + 2,7
7572,eighty-seven squared plus three,87 ² + 3,7
7573,eighty-seven squared plus four,87 ² + 4,7
7574,eighty-seven squared plus five,87 ² + 5,7
7575,five squared times three hundred three,5 ² * 303,7
7576,eighty-seven squared plus seven,87 ² + 7,8
7577,eighty-seven squared plus eight,87 ² + 8,7
7578,eighty-seven squared plus nine,87 ² + 9,7
7579,eighty-seven squared plus ten,87 ² + 10,7
7580,three hundred squared twelfths plus eighty,300 ² / 12 + 80,8
7581,twenty-one times nineteen squared,21 * 19 ²,7
7582,eighty-seven squared plus thirteen,87 ² + 13,8
7583,eighty-seven squared plus fourteen,87 ² + 14,8
7584,ninety-one thousand eight twelfths,91008 / 12,7
7585,eighty-seven squared plus four squared,87 ² + 4 ²,8
7586,eighty-five squared plus nineteen squared,85 ² + 19 ²,8
7587,nine times eight hundred forty-three,9 * 843,8
7588,nineteen cubed plus nine cubed,19 ³ + 9 ³,6
7589,nineteen cubed plus nine cubed plus one,19 ³ + 9 ³ + 1,8
7590,fifteen times five hundred six,15 * 506,7
7591,nineteen cubed plus nine cubed plus three,19 ³ + 9 ³ + 3,8
7592,eight times nine hundred forty-nine,8 * 949,8
7593,nineteen cubed plus nine cubed plus five,19 ³ + 9 ³ + 5,8
7594,nineteen cubed plus nine cubed plus six,19 ³ + 9 ³ + 6,8
7595,five times thirty-nine squared minus ten,5 * 39 ² - 10,9
7596,twelve times six hundred thirty-three,12 * 633,8
7597,nineteen cubed plus nine cubed plus nine,19 ³ + 9 ³ + 9,8
7598,nineteen cubed plus nine cubed plus ten,19 ³ + 9 ³ + 10,8
7599,eighty-seven squared plus thirty,87 ² + 30,8
7600,eighty times ninety-five,80 * 95,6
7601,thirty-eight thousand five fifths,38005 / 5,7
7602,thirty-eight thousand ten fifths,38010 / 5,7
7603,thirty-eight thousand fifteen fifths,38015 / 5,8
7604,four times nineteen thousand ten tenths,4 * 19010 / 10,8
7605,five times thirty-nine squared,5 * 39 ²,6
7606,five times thirty-nine squared plus one,5 * 39 ² + 1,8
7607,five times thirty-nine squared plus two,5 * 39 ² + 2,8
7608,twelve times six hundred thirty-four,12 * 634,8
7609,five times thirty-nine squared plus four,5 * 39 ² + 4,8
7610,five times thirty-nine squared plus five,5 * 39 ² + 5,8
7611,five times thirty-nine squared plus six,5 * 39 ² + 6,8
7612,eighty-six squared plus six cubed,86 ² + 6 ³,7
7613,five times thirty-nine squared plus eight,5 * 39 ² + 8,8
7614,nine squared times ninety-four,9 ² * 94,6
7615,nine squared times ninety-four plus one,9 ² * 94 + 1,8
7616,ninety-nine thousand eight thirteenths,99008 / 13,8
7617,nine squared times ninety-four plus three,9 ² * 94 + 3,8
7618,eighty-three squared plus nine cubed,83 ² + 9 ³,7
7619,nineteen times four hundred one,19 * 401,7
7620,fifteen times five hundred eight,15 * 508,7
7621,eighty-six squared plus fifteen squared,86 ² + 15 ²,8
7622,nine squared times ninety-four plus eight,9 ² * 94 + 8,8
7623,seven times thirty-three squared,7 * 33 ²,7
7624,eight times nine hundred fifty-three,8 * 953,8
7625,sixty-one times five cubed,61 * 5 ³,6
7626,sixty-one thousand eight eighths,61008 / 8,7
7627,sixty-one thousand sixteen eighths,61016 / 8,8
7628,sixty-one times five cubed plus three,61 * 5 ³ + 3,8
7629,sixty-one times five cubed plus four,61 * 5 ³ + 4,8
7630,seventy times one hundred nine,70 * 109,8
7631,sixty-one times five cubed plus six,61 * 5 ³ + 6,8
7632,fifty-three times twelve squared,53 * 12 ²,6
7633,fifty-three times twelve squared plus one,53 * 12 ² + 1,8
7634,fifty-three times twelve squared plus two,53 * 12 ² + 2,8
7635,fifteen times five hundred nine,15 * 509,7
7636,eighty-three times ninety-two,83 * 92,7
7637,fifty-three times twelve squared plus five,53 * 12 ² + 5,8
7638,nineteen times four hundred two,19 * 402,7
7639,twenty cubed minus nineteen squared,20 ³ - 19 ²,8
7640,five times twelve cubed minus ten cubed,5 * 12 ³ - 10 ³,8
7641,twelve squared squared thirds plus nine cubed,(12 ²) ² / 3 + 9 ³,7
7642,fifty-three times twelve squared plus ten,53 * 12 ² + 10,8
7643,nineteen cubed plus twenty-eight squared,19 ³ + 28 ²,8
7644,eighty-four times ninety-one,84 * 91,7
7645,four thousand plus five times nine cubed,4000 + 5 * 9 ³,8
7646,eighty-six squared plus ten cubed fourths,86 ² + 10 ³ / 4,8
7647,eighty-five times ninety minus three,85 * 90 - 3,9
7648,eight times nine hundred fifty-six,8 * 956,8
7649,ninety-three squared minus ten cubed,93 ² - 10 ³,8
7650,eighty-five times ninety,85 * 90,6
7651,six to the fifth minus five cubed,6 ⁵ - 5 ³,8
7652,eighty-five times ninety plus two,85 * 90 + 2,8
7653,eighty-five times ninety plus three,85 * 90 + 3,8
7654,eighty-six times eighty-nine,86 * 89,7
7655,eighty-five times ninety plus five,85 * 90 + 5,8
7656,eighty-seven times eighty-eight,87 * 88,8
7657,nineteen times four hundred three,19 * 403,7
7658,eighty-five times ninety plus eight,85 * 90 + 8,8
7659,nineteen cubed plus eight hundred,19 ³ + 800,7
7660,eighty-five times ninety plus ten,85 * 90 + 10,8
7661,nineteen cubed plus eight hundred two,19 ³ + 802,8
7662,eighty-five times ninety plus twelve,85 * 90 + 12,8
7663,eighty-eight squared minus nine squared,88 ² - 9 ²,8
7664,eighty-eight squared minus eighty,88 ² - 80,8
7665,nineteen cubed plus eight hundred six,19 ³ + 806,8
7666,fifteen times eight cubed minus fourteen,15 * 8 ³ - 14,9
7667,ninety-two thousand four twelfths,92004 / 12,7
7668,sixty-nine thousand twelve ninths,69012 / 9,7
7669,forty-six thousand fourteen sixths,46014 / 6,8
7670,twenty-three thousand ten thirds,23010 / 3,7
7671,twenty-three thousand thirteen thirds,23013 / 3,8
7672,twenty-three thousand sixteen thirds,23016 / 3,8
7673,twenty-three thousand nineteen thirds,23019 / 3,8
7674,fifteen times eight cubed minus six,15 * 8 ³ - 6,8
7675,fifteen times eight cubed minus five,15 * 8 ³ - 5,8
7676,nineteen times four hundred four,19 * 404,7
7677,fifteen times eight cubed minus three,15 * 8 ³ - 3,8
7678,fifteen times eight cubed minus two,15 * 8 ³ - 2,8
7679,fifteen times eight cubed minus one,15 * 8 ³ - 1,8
7680,fifteen times eight cubed,15 * 8 ³,5
7681,fifteen times eight cubed plus one,15 * 8 ³ + 1,7
7682,fifteen times eight cubed plus two,15 * 8 ³ + 2,7
7683,fifteen times eight cubed plus three,15 * 8 ³ + 3,7
7684,fifteen times eight cubed plus four,15 * 8 ³ + 4,7
7685,fifteen times eight cubed plus five,15 * 8 ³ + 5,7
7686,fifteen times eight cubed plus six,15 * 8 ³ + 6,7
7687,fifteen times eight cubed plus seven,15 * 8 ³ + 7,8
7688,eight times thirty-one squared,8 * 31 ²,6
7689,fifteen times eight cubed plus nine,15 * 8 ³ + 9,7
7690,fifteen times eight cubed plus ten,15 * 8 ³ + 10,7
7691,eight times thirty-one squared plus three,8 * 31 ² + 3,8
7692,fifteen times eight cubed plus twelve,15 * 8 ³ + 12,7
7693,eight times thirty-one squared plus five,8 * 31 ² + 5,8
7694,eighty-eight squared minus fifty,88 ² - 50,8
7695,nine squared times ninety-five,9 ² * 95,6
7696,eighty squared plus six squared squared,80 ² + (6 ²) ²,7
7697,nine squared times ninety-five plus two,9 ² * 95 + 2,8
7698,nine squared times ninety-five plus three,9 ² * 95 + 3,8
7699,nine squared times ninety-five plus four,9 ² * 95 + 4,8
7700,five squared times three hundred eight,5 ² * 308,7
7701,nine squared times ninety-five plus six,9 ² * 95 + 6,8
7702,thirty thousand eight hundred eight fourths,30808 / 4,9
7703,nine squared times ninety-five plus eight,9 ² * 95 + 8,8
7704,eighty-eight squared minus forty,88 ² - 40,8
7705,eighty-nine squared minus six cubed,89 ² - 6 ³,8
7706,fifteen thousand four hundred twelve halves,15412 / 2,9
7707,nine squared times ninety-five plus twelve,9 ² * 95 + 12,8
7708,eighty-two times ninety-four,82 * 94,7
7709,nine thousand five minus six squared squared,9005 - (6 ²) ²,9
7710,fifteen times five hundred fourteen,15 * 514,8
7711,six to the fifth minus sixty-five,6 ⁵ - 65,9
7712,six to the fifth minus four cubed,6 ⁵ - 4 ³,8
7713,eighty-seven squared plus twelve squared,87 ² + 12 ²,8
7714,nineteen times four hundred six,19 * 406,7
7715,fifty-four thousand five sevenths,54005 / 7,8
7716,fifty-four thousand twelve sevenths,54012 / 7,8
7717,eighty-eight squared minus three cubed,88 ² - 3 ³,8
7718,six thousand plus twelve cubed minus ten,6000 + 12 ³ - 10,9
7719,eighty-three times ninety-three,83 * 93,7
7720,eight times nine hundred sixty-five,8 * 965,8
7721,four thousand plus sixty-one squared,4000 + 61 ²,8
7722,six times thirteen times ninety-nine,6 * 13 * 99,8
7723,nineteen cubed plus twelve cubed halves,19 ³ + 12 ³ / 2,7
7724,eighty-two squared plus ten cubed,82 ² + 10 ³,7
7725,five squared times three hundred nine,5 ² * 309,7
7726,six to the fifth minus fifty,6 ⁵ - 50,8
7727,thirty thousand nine hundred eight fourths,30908 / 4,9
7728,six thousand plus twelve cubed,6000 + 12 ³,6
7729,seven thousand plus nine cubed,7000 + 9 ³,7
7730,six thousand two plus twelve cubed,6002 + 12 ³,7
7731,six thousand three plus twelve cubed,6003 + 12 ³,7
7732,eighty-eight squared minus twelve,88 ² - 12,7
7733,six thousand five plus twelve cubed,6005 + 12 ³,7
7734,eighty-eight squared minus ten,88 ² - 10,7
7735,eighty-eight squared minus nine,88 ² - 9,7
7736,eighty-eight squared minus eight,88 ² - 8,7
7737,eighty-five squared plus eight cubed,85 ² + 8 ³,7
7738,eighty-eight squared minus six,88 ² - 6,7
7739,eighty-eight squared minus five,88 ² - 5,7
7740,eighty-six times ninety,86 * 90,6
7741,eighty-eight squared minus three,88 ² - 3,7
7742,eighty-eight squared minus two,88 ² - 2,7
7743,eighty-eight squared minus one,88 ² - 1,7
7744,eighty-eight squared,88 ²,4
7745,eighty-eight squared plus one,88 ² + 1,6
7746,eighty-eight squared plus two,88 ² + 2,6
7747,eighty-eight squared plus three,88 ² + 3,6
7748,eighty-eight squared plus four,88 ² + 4,6
7749,eighty-eight squared plus five,88 ² + 5,6
7750,sixty-two times five cubed,62 * 5 ³,6
7751,ninety-three thousand twelve twelfths,93012 / 12,7
7752,eighty-eight squared plus eight,88 ² + 8,6
7753,eighty-eight squared plus nine,88 ² + 9,6
7754,eighty-eight squared plus ten,88 ² + 10,6
7755,eighty-eight squared plus ten plus one,88 ² + 10 + 1,8
7756,eighty-eight squared plus twelve,88 ² + 12,6
7757,eighty-eight squared plus thirteen,88 ² + 13,7
7758,eighty-eight squared plus fourteen,88 ² + 14,7
7759,eighty-eight squared plus fifteen,88 ² + 15,7
7760,eighty times ninety-seven,80 * 97,7
7761,six to the fifth minus fifteen,6 ⁵ - 15,8
7762,eighty-eight squared plus eighteen,88 ² + 18,7
7763,eighty-eight squared plus nineteen,88 ² + 19,7
7764,six to the fifth minus twelve,6 ⁵ - 12,7
7765,eighty-eight squared plus twelve plus nine,88 ² + 12 + 9,8
7766,six to the fifth minus ten,6 ⁵ - 10,7
7767,six to the fifth minus nine,6 ⁵ - 9,7
7768,six to the fifth minus eight,6 ⁵ - 8,7
7769,eighty-eight squared plus five squared,88 ² + 5 ²,7
7770,six to the fifth minus six,6 ⁵ - 6,7
7771,six to the fifth minus five,6 ⁵ - 5,7
7772,six to the fifth minus four,6 ⁵ - 4,7
7773,six to the fifth minus three,6 ⁵ - 3,7
7774,six to the fifth minus two,6 ⁵ - 2,7
7775,six to the fifth minus one,6 ⁵ - 1,7
7776,six to the fifth,6 ⁵,4
7777,six to the fifth plus one,6 ⁵ + 1,6
7778,six to the fifth plus two,6 ⁵ + 2,6
7779,six to the fifth plus three,6 ⁵ + 3,6
7780,six to the fifth plus four,6 ⁵ + 4,6
7781,six to the fifth plus five,6 ⁵ + 5,6
7782,six to the fifth plus six,6 ⁵ + 6,6
7783,six to the fifth plus seven,6 ⁵ + 7,7
7784,six to the fifth plus eight,6 ⁵ + 8,6
7785,six to the fifth plus nine,6 ⁵ + 9,6
7786,six to the fifth plus ten,6 ⁵ + 10,6
7787,eight thousand three minus six cubed,8003 - 6 ³,8
7788,six to the fifth plus twelve,6 ⁵ + 12,6
7789,six to the fifth plus thirteen,6 ⁵ + 13,7
7790,eighty-two times ninety-five,82 * 95,7
7791,six to the fifth plus fifteen,6 ⁵ + 15,7
7792,six to the fifth plus four squared,6 ⁵ + 4 ²,7
7793,eight thousand nine minus six cubed,8009 - 6 ³,8
7794,six to the fifth plus eighteen,6 ⁵ + 18,7
7795,six to the fifth plus nineteen,6 ⁵ + 19,7
7796,six to the fifth plus twenty,6 ⁵ + 20,7
7797,six to the fifth plus twelve plus nine,6 ⁵ + 12 + 9,8
7798,six to the fifth plus twelve plus ten,6 ⁵ + 12 + 10,8
7799,six to the fifth plus twenty-three,6 ⁵ + 23,8
7800,thirteen times six hundred,13 * 600,6
7801,thirty-nine thousand five fifths,39005 / 5,7
7802,thirty-nine thousand ten fifths,39010 / 5,7
7803,three hundred six squared twelfths,306 ² / 12,6
7804,eighty-eight squared plus sixty,88 ² + 60,7
7805,three hundred six squared twelfths plus two,306 ² / 12 + 2,8
7806,six to the fifth plus thirty,6 ⁵ + 30,7
7807,three hundred six squared twelfths plus four,306 ² / 12 + 4,8
7808,sixty-one times eight cubed fourths,61 * 8 ³ / 4,7
7809,three hundred six squared twelfths plus six,306 ² / 12 + 6,8
7810,thirteen times six hundred plus ten,13 * 600 + 10,8
7811,three hundred six squared twelfths plus eight,306 ² / 12 + 8,8
7812,eighty-four times ninety-three,84 * 93,7
7813,thirteen times six hundred one,13 * 601,7
7814,six to the fifth plus thirty-eight,6 ⁵ + 38,8
7815,three hundred six squared twelfths plus twelve,306 ² / 12 + 12,8
7816,six to the fifth plus forty,6 ⁵ + 40,7
7817,six to the fifth plus forty-one,6 ⁵ + 41,8
7818,six thousand ninety plus twelve cubed,6090 + 12 ³,8
7819,six to the fifth plus forty-three,6 ⁵ + 43,8
7820,eighty-five times ninety-two,85 * 92,7
7821,eighty-nine squared minus ten squared,89 ² - 10 ²,8
7822,six to the fifth plus forty-six,6 ⁵ + 46,8
7823,eighty-nine squared minus ninety-eight,89 ² - 98,9
7824,eighty-eight squared plus eighty,88 ² + 80,7
7825,eighty-eight squared plus nine squared,88 ² + 9 ²,7
7826,eighty-six times ninety-one,86 * 91,7
7827,six to the fifth plus fifty-one,6 ⁵ + 51,8
7828,nineteen times four hundred twelve,19 * 412,7
7829,six to the fifth plus fifty-three,6 ⁵ + 53,8
7830,eighty-seven times ninety,87 * 90,7
7831,eighty-nine squared minus ninety,89 ² - 90,8
7832,eighty-eight times eighty-nine,88 * 89,7
7833,eighty-eight squared plus eighty-nine,88 ² + 89,8
7834,ninety-four thousand eight twelfths,94008 / 12,7
7835,forty-seven thousand ten sixths,47010 / 6,8
7836,six to the fifth plus sixty,6 ⁵ + 60,7
7837,six to the fifth plus sixty-one,6 ⁵ + 61,8
7838,six to the fifth plus sixty-two,6 ⁵ + 62,8
7839,thirteen times six hundred three,13 * 603,7
7840,eighty times ninety-eight,80 * 98,6
7841,eighty-nine squared minus eighty,89 ² - 80,8
7842,eighty times ninety-eight plus two,80 * 98 + 2,8
7843,eighty times ninety-eight plus three,80 * 98 + 3,8
7844,eighty-eight squared plus ten squared,88 ² + 10 ²,7
7845,eighty times ninety-eight plus five,80 * 98 + 5,8
7846,eighty times ninety-eight plus six,80 * 98 + 6,8
7847,nineteen times four hundred thirteen,19 * 413,8
7848,six cubed thirds times one hundred nine,6 ³ / 3 * 109,8
7849,eighty times ninety-eight plus nine,80 * 98 + 9,8
7850,ninety squared minus ten cubed fourths,90 ² - 10 ³ / 4,8
7851,nineteen cubed plus ten cubed minus eight,19 ³ + 10 ³ - 8,9
7852,thirteen times six hundred four,13 * 604,7
7853,nineteen cubed plus ten cubed minus six,19 ³ + 10 ³ - 6,9
7854,nineteen cubed plus ten cubed minus five,19 ³ + 10 ³ - 5,9
7855,nineteen cubed plus ten cubed minus four,19 ³ + 10 ³ - 4,9
7856,twenty cubed minus twelve squared,20 ³ - 12 ²,7
7857,nine squared times ninety-seven,9 ² * 97,7
7858,fifty-five thousand six sevenths,55006 / 7,8
7859,nineteen cubed plus ten cubed,19 ³ + 10 ³,6
7860,eight thousand four minus twelve squared,8004 - 12 ²,8
7861,eight thousand five minus twelve squared,8005 - 12 ²,8
7862,eight thousand six minus twelve squared,8006 - 12 ²,8
7863,nineteen cubed plus ten cubed plus four,19 ³ + 10 ³ + 4,8
7864,eight thousand eight minus twelve squared,8008 - 12 ²,8
7865,thirteen times six hundred five,13 * 605,7
7866,six to the fifth plus ninety,6 ⁵ + 90,7
7867,nineteen cubed plus ten cubed plus eight,19 ³ + 10 ³ + 8,8
7868,eight thousand twelve minus twelve squared,8012 - 12 ²,8
7869,eighty-eight squared plus five cubed,88 ² + 5 ³,7
7870,six to the fifth plus ninety-four,6 ⁵ + 94,8
7871,eighty-nine squared minus fifty,89 ² - 50,8
7872,eighty-two times eight times twelve,82 * 8 * 12,7
7873,sixty-three times five cubed minus two,63 * 5 ³ - 2,9
7874,six to the fifth plus ninety-eight,6 ⁵ + 98,8
7875,sixty-three times five cubed,63 * 5 ³,6
7876,sixty-three thousand eight eighths,63008 / 8,7
7877,sixty-three thousand sixteen eighths,63016 / 8,8
7878,thirteen times six hundred six,13 * 606,7
7879,eight thousand four minus five cubed,8004 - 5 ³,8
7880,eight thousand five minus five cubed,8005 - 5 ³,8
7881,eight thousand six minus five cubed,8006 - 5 ³,8
7882,seven times nine thousand eight eighths,7 * 9008 / 8,8
7883,eight thousand eight minus five cubed,8008 - 5 ³,8
7884,ninety squared minus six cubed,90 ² - 6 ³,7
7885,eighty-three times ninety-five,83 * 95,7
7886,sixty-three thousand eighty-eight eighths,63088 / 8,9
7887,eight thousand twelve minus five cubed,8012 - 5 ³,8
7888,eighty-eight squared plus twelve squared,88 ² + 12 ²,7
7889,twenty-three times seven cubed,23 * 7 ³,7
7890,seventy-one thousand ten ninths,71010 / 9,8
7891,eighty-nine squared minus thirty,89 ² - 30,8
7892,twenty cubed minus six cubed halves,20 ³ - 6 ³ / 2,8
7893,ninety squared plus nine minus six cubed,90 ² + 9 - 6 ³,9
7894,eighty-nine squared minus three cubed,89 ² - 3 ³,8
7895,eight thousand twenty minus five cubed,8020 - 5 ³,9
7896,eighty-four times ninety-four,84 * 94,7
7897,fourteen times eight cubed plus nine cubed,14 * 8 ³ + 9 ³,8
7898,eight thousand six minus six cubed halves,8006 - 6 ³ / 2,9
7899,eighty-nine squared minus twenty-two,89 ² - 22,9
7900,twenty cubed minus ten squared,20 ³ - 10 ²,7
7901,six to the fifth plus five cubed,6 ⁵ + 5 ³,7
7902,eight thousand two minus ten squared,8002 - 10 ²,8
7903,eight thousand three minus ten squared,8003 - 10 ²,8
7904,thirteen times six hundred eight,13 * 608,7
7905,eighty-five times ninety-three,85 * 93,7
7906,eight thousand six minus ten squared,8006 - 10 ²,8
7907,eighty-nine squared minus fourteen,89 ² - 14,8
7908,eighty-six squared plus eight cubed,86 ² + 8 ³,7
7909,eighty-nine squared minus twelve,89 ² - 12,7
7910,twenty cubed minus ninety,20 ³ - 90,7
7911,eighty-nine squared minus ten,89 ² - 10,7
7912,eighty-nine squared minus nine,89 ² - 9,7
7913,eighty-nine squared minus eight,89 ² - 8,7
7914,eight thousand four minus ninety,8004 - 90,8
7915,eighty-nine squared minus six,89 ² - 6,7
7916,eighty-nine squared minus five,89 ² - 5,7
7917,ninety-five thousand four twelfths,95004 / 12,7
7918,eighty-nine squared minus three,89 ² - 3,7
7919,eighty-nine squared minus two,89 ² - 2,7
7920,eighty-eight times ninety,88 * 90,6
7921,eighty-nine squared,89 ²,4
7922,eighty-nine squared plus one,89 ² + 1,6
7923,eighty-nine squared plus two,89 ² + 2,6
7924,eighty-nine squared plus three,89 ² + 3,6
7925,eighty-nine squared plus four,89 ² + 4,6
7926,eighty-nine squared plus five,89 ² + 5,6
7927,eighty-nine squared plus six,89 ² + 6,6
7928,eighty-nine squared plus seven,89 ² + 7,7
7929,eighty-nine squared plus eight,89 ² + 8,6
7930,eighty-nine squared plus nine,89 ² + 9,6
7931,eighty-nine squared plus ten,89 ² + 10,6
7932,eight thousand twelve minus eighty,8012 - 80,8
7933,eighty-nine squared plus twelve,89 ² + 12,6
7934,eighty-nine squared plus thirteen,89 ² + 13,7
7935,fifteen times twenty-three squared,15 * 23 ²,7
7936,twenty cubed minus four cubed,20 ³ - 4 ³,7
7937,eighty-nine squared plus four squared,89 ² + 4 ²,7
7938,nine squared times ninety-eight,9 ² * 98,6
7939,eighty-nine squared plus eighteen,89 ² + 18,7
7940,twenty cubed minus sixty,20 ³ - 60,7
7941,eighty-nine squared plus twenty,89 ² + 20,7
7942,twenty-two times nineteen squared,22 * 19 ²,7
7943,eight thousand three minus sixty,8003 - 60,8
7944,eight thousand eight minus four cubed,8008 - 4 ³,8
7945,eight thousand nine minus four cubed,8009 - 4 ³,8
7946,eighty-nine squared plus five squared,89 ² + 5 ²,7
7947,twenty cubed minus fifty-three,20 ³ - 53,8
7948,eighty-nine squared plus three cubed,89 ² + 3 ³,7
7949,eight thousand nine minus sixty,8009 - 60,8
7950,twenty cubed minus fifty,20 ³ - 50,7
7951,eighty-nine squared plus thirty,89 ² + 30,7
7952,ninety-two squared minus eight cubed,92 ² - 8 ³,8
7953,eight thousand three minus fifty,8003 - 50,8
7954,eighty-five squared plus nine cubed,85 ² + 9 ³,7
7955,eight thousand five minus fifty,8005 - 50,8
7956,ninety squared minus twelve squared,90 ² - 12 ²,7
7957,eighty-nine squared plus six squared,89 ² + 6 ²,7
7958,eight thousand eight minus fifty,8008 - 50,8
7959,eight thousand nine minus fifty,8009 - 50,8
7960,twenty cubed minus forty,20 ³ - 40,7
7961,eighty-nine squared plus forty,89 ² + 40,7
7962,eight thousand twelve minus fifty,8012 - 50,8
7963,eight thousand three minus forty,8003 - 40,8
7964,twenty cubed minus six squared,20 ³ - 6 ²,7
7965,eight thousand five minus forty,8005 - 40,8
7966,eight thousand six minus forty,8006 - 40,8
7967,eight thousand three minus six squared,8003 - 6 ²,8
7968,eighty-three times eight times twelve,83 * 8 * 12,7
7969,eight thousand nine minus forty,8009 - 40,8
7970,twenty cubed minus thirty,20 ³ - 30,7
7971,eighty-nine squared plus fifty,89 ² + 50,7
7972,eight thousand twelve minus forty,8012 - 40,8
7973,twenty cubed minus three cubed,20 ³ - 3 ³,7
7974,eight thousand ten minus six squared,8010 - 6 ²,8
7975,ninety squared minus five cubed,90 ² - 5 ³,7
7976,eight thousand twelve minus six squared,8012 - 6 ²,8
7977,eight thousand four minus three cubed,8004 - 3 ³,8
7978,eight thousand eight minus thirty,8008 - 30,8
7979,eight thousand nine minus thirty,8009 - 30,8
7980,twenty cubed minus twenty,20 ³ - 20,7
7981,twenty cubed minus nineteen,20 ³ - 19,7
7982,twenty cubed minus eighteen,20 ³ - 18,7
7983,eight thousand ten minus three cubed,8010 - 3 ³,8
7984,twenty cubed minus four squared,20 ³ - 4 ²,7
7985,twenty cubed minus fifteen,20 ³ - 15,7
7986,six times eleven cubed,6 * 11 ³,6
7987,twenty cubed minus thirteen,20 ³ - 13,7
7988,twenty cubed minus twelve,20 ³ - 12,6
7989,eight thousand one minus twelve,8001 - 12,7
7990,twenty cubed minus ten,20 ³ - 10,6
7991,twenty cubed minus nine,20 ³ - 9,6
7992,twenty cubed minus eight,20 ³ - 8,6
7993,eight thousand five minus twelve,8005 - 12,7
7994,twenty cubed minus six,20 ³ - 6,6
7995,twenty cubed minus five,20 ³ - 5,6
7996,twenty cubed minus four,20 ³ - 4,6
7997,twenty cubed minus three,20 ³ - 3,6
7998,twenty cubed minus two,20 ³ - 2,6
7999,twenty cubed minus one,20 ³ - 1,6
8000,twenty cubed,20 ³,3
8001,eight thousand one,8001,4
8002,eight thousand two,8002,4
8003,eight thousand three,8003,4
8004,eight thousand four,8004,4
8005,eight thousand five,8005,4
8006,eight thousand six,8006,4
8007,eight thousand seven,8007,5
8008,eight thousand eight,8008,4
8009,eight thousand nine,8009,4
8010,eight thousand ten,8010,4
8011,eight thousand ten plus one,8010 + 1,6
8012,eight thousand twelve,8012,4
8013,eight thousand thirteen,8013,5
8014,eight thousand fourteen,8014,5
8015,eight thousand fifteen,8015,5
8016,eight thousand sixteen,8016,5
8017,eight thousand twelve plus five,8012 + 5,6
8018,eight thousand eighteen,8018,5
8019,eight thousand nineteen,8019,5
8020,eight thousand twenty,8020,5
8021,eight thousand twelve plus nine,8012 + 9,6
8022,eight thousand twelve plus ten,8012 + 10,6
8023,eight thousand twenty-three,8023,6
8024,eight times one thousand three,8 * 1003,6
8025,twenty cubed plus five squared,20 ³ + 5 ²,6
8026,eight thousand twenty-six,8026,6
8027,twenty cubed plus three cubed,20 ³ + 3 ³,6
8028,eight thousand twenty-eight,8028,6
8029,eight thousand twenty-nine,8029,6
8030,eight thousand thirty,8030,5
8031,eight thousand thirty-one,8031,6
8032,eight times one thousand four,8 * 1004,6
8033,eight thousand thirty-three,8033,6
8034,eight thousand thirty-four,8034,6
8035,eight thousand thirty-five,8035,6
8036,four times two thousand nine,4 * 2009,6
8037,eight thousand twelve plus five squared,8012 + 5 ²,7
8038,eight thousand thirty-eight,8038,6
8039,eight thousand thirty-nine,8039,6
8040,eight thousand forty,8040,5
8041,eight thousand forty-one,8041,6
8042,eight thousand forty-two,8042,6
8043,eight thousand forty-three,8043,6
8044,eight thousand forty-four,8044,6
8045,eight thousand forty-five,8045,6
8046,eight thousand forty-six,8046,6
8047,eight thousand forty-seven,8047,7
8048,eight times one thousand six,8 * 1006,6
8049,eight thousand forty-nine,8049,6
8050,eight thousand fifty,8050,5
8051,eight thousand fifty-one,8051,6
8052,eight thousand fifty-two,8052,6
8053,eight thousand fifty-three,8053,6
8054,eight thousand fifty-four,8054,6
8055,eight thousand fifty-five,8055,6
8056,eight thousand fifty-six,8056,6
8057,eight thousand fifty-seven,8057,7
8058,eight thousand fifty-eight,8058,6
8059,eight thousand fifty-nine,8059,6
8060,eight thousand sixty,8060,5
8061,eight thousand sixty-one,8061,6
8062,eight thousand sixty-two,8062,6
8063,eight thousand sixty-three,8063,6
8064,fifty-six times twelve squared,56 * 12 ²,6
8065,eight thousand sixty-five,8065,6
8066,eight thousand sixty-six,8066,6
8067,eight thousand three plus four cubed,8003 + 4 ³,7
8068,eight thousand sixty-eight,8068,6
8069,eight thousand sixty-nine,8069,6
8070,eight thousand seventy,8070,6
8071,eight thousand seventy-one,8071,7
8072,eight times one thousand nine,8 * 1009,6
8073,ninety squared minus three cubed,90 ² - 3 ³,7
8074,eight thousand ten plus four cubed,8010 + 4 ³,7
8075,ninety squared minus five squared,90 ² - 5 ²,7
8076,four times two thousand nineteen,4 * 2019,7
8077,eight thousand eighty minus three,8080 - 3,8
8078,eight thousand seventy-eight,8078,7
8079,eight thousand seventy-nine,8079,7
8080,eight thousand eighty,8080,5
8081,twenty cubed plus nine squared,20 ³ + 9 ²,6
8082,eight thousand eighty-two,8082,6
8083,eight thousand eighty-three,8083,6
8084,eight thousand eighty-four,8084,6
8085,eight thousand eighty-five,8085,6
8086,eight thousand eighty-six,8086,6
8087,ninety squared minus thirteen,90 ² - 13,7
8088,ninety squared minus twelve,90 ² - 12,6
8089,eight thousand eighty-nine,8089,6
8090,eight thousand ninety,8090,5
8091,ninety squared minus nine,90 ² - 9,6
8092,ninety squared minus eight,90 ² - 8,6
8093,eight thousand ninety-three,8093,6
8094,ninety squared minus six,90 ² - 6,6
8095,ninety squared minus five,90 ² - 5,6
8096,ninety squared minus four,90 ² - 4,6
8097,ninety squared minus three,90 ² - 3,6
8098,ninety squared minus two,90 ² - 2,6
8099,ninety squared minus one,90 ² - 1,6
8100,ninety squared,90 ²,3
8101,ninety squared plus one,90 ² + 1,5
8102,ninety squared plus two,90 ² + 2,5
8103,ninety squared plus three,90 ² + 3,5
8104,ninety squared plus four,90 ² + 4,5
8105,ninety squared plus five,90 ² + 5,5
8106,ninety squared plus six,90 ² + 6,5
8107,ninety squared plus seven,90 ² + 7,6
8108,ninety squared plus eight,90 ² + 8,5
8109,ninety squared plus nine,90 ² + 9,5
8110,ninety squared plus ten,90 ² + 10,5
8111,ninety squared plus ten plus one,90 ² + 10 + 1,7
8112,ninety squared plus twelve,90 ² + 12,5
8113,ninety squared plus thirteen,90 ² + 13,6
8114,ninety squared plus fourteen,90 ² + 14,6
8115,ninety squared plus fifteen,90 ² + 15,6
8116,ninety squared plus four squared,90 ² + 4 ²,6
8117,ninety squared plus twelve plus five,90 ² + 12 + 5,7
8118,nine times nine hundred two,9 * 902,6
8119,ninety squared plus nineteen,90 ² + 19,6
8120,ten times eight hundred twelve,10 * 812,6
8121,ninety squared plus twelve plus nine,90 ² + 12 + 9,7
8122,ninety squared plus twelve plus ten,90 ² + 12 + 10,7
8123,ninety squared plus twenty-three,90 ² + 23,7
8124,ninety squared plus twelve plus twelve,90 ² + 12 + 12,7
8125,sixty-five times five cubed,65 * 5 ³,6
8126,sixty-five thousand eight eighths,65008 / 8,7
8127,nine times nine hundred three,9 * 903,6
8128,eighty squared plus twelve cubed,80 ² + 12 ³,6
8129,eight thousand four plus five cubed,8004 + 5 ³,7
8130,ninety squared plus thirty,90 ² + 30,6
8131,eight thousand six plus five cubed,8006 + 5 ³,7
8132,ninety squared plus four cubed halves,90 ² + 4 ³ / 2,7
8133,eight thousand eight plus five cubed,8008 + 5 ³,7
8134,eighty-three times ninety-eight,83 * 98,7
8135,eight thousand ten plus five cubed,8010 + 5 ³,7
8136,nine times nine hundred four,9 * 904,6
8137,eight thousand twelve plus five cubed,8012 + 5 ³,7
8138,ninety squared plus thirty-eight,90 ² + 38,7
8139,ninety squared plus thirty-nine,90 ² + 39,7
8140,ninety squared plus forty,90 ² + 40,6
8141,ninety squared plus forty-one,90 ² + 41,7
8142,ninety squared plus forty-two,90 ² + 42,7
8143,ninety squared plus forty-three,90 ² + 43,7
8144,twenty cubed plus twelve squared,20 ³ + 12 ²,6
8145,nine times nine hundred five,9 * 905,6
8146,eight thousand two plus twelve squared,8002 + 12 ²,7
8147,eight thousand three plus twelve squared,8003 + 12 ²,7
8148,eight thousand four plus twelve squared,8004 + 12 ²,7
8149,eight thousand five plus twelve squared,8005 + 12 ²,7
8150,ninety squared plus fifty,90 ² + 50,6
8151,ninety squared plus fifty-one,90 ² + 51,7
8152,eight times one thousand nineteen,8 * 1019,7
8153,eight thousand nine plus twelve squared,8009 + 12 ²,7
8154,nine times nine hundred six,9 * 906,6
8155,ninety squared plus fifty-five,90 ² + 55,7
8156,eight thousand twelve plus twelve squared,8012 + 12 ²,7
8157,nine times nine hundred six plus three,9 * 906 + 3,8
8158,ninety squared plus fifty-eight,90 ² + 58,7
8159,ninety squared plus fifty-nine,90 ² + 59,7
8160,ninety squared plus sixty,90 ² + 60,6
8161,ninety squared plus sixty-one,90 ² + 61,7
8162,ninety squared plus sixty-two,90 ² + 62,7
8163,nine times nine hundred seven,9 * 907,7
8164,ninety squared plus four cubed,90 ² + 4 ³,6
8165,ninety squared plus sixty-five,90 ² + 65,7
8166,ninety squared plus sixty-six,90 ² + 66,7
8167,ninety-eight thousand four twelfths,98004 / 12,7
8168,forty-nine thousand eight sixths,49008 / 6,7
8169,ninety squared plus sixty-nine,90 ² + 69,7
8170,eighty-six times ninety-five,86 * 95,7
8171,eight thousand ninety plus nine squared,8090 + 9 ²,8
8172,nine times nine hundred eight,9 * 908,6
8173,nine times nine hundred eight plus one,9 * 908 + 1,8
8174,nine times nine hundred eight plus two,9 * 908 + 2,8
8175,nine times nine hundred eight plus three,9 * 908 + 3,8
8176,eight times one thousand twenty-two,8 * 1022,8
8177,nine times nine hundred eight plus five,9 * 908 + 5,8
8178,eighty-seven times ninety-four,87 * 94,8
8179,eight thousand ten plus thirteen squared,8010 + 13 ²,8
8180,ninety squared plus eighty,90 ² + 80,6
8181,nine times nine hundred nine,9 * 909,6
8182,ninety squared plus eighty-two,90 ² + 82,7
8183,ninety squared plus eighty-three,90 ² + 83,7
8184,eighty-eight times ninety-three,88 * 93,7
8185,ninety squared plus eighty-five,90 ² + 85,7
8186,ninety squared plus eighty-six,90 ² + 86,7
8187,two to the thirteenth minus five,2 ¹³ - 5,8
8188,eighty-nine times ninety-two,89 * 92,7
8189,ninety squared plus eighty-nine,90 ² + 89,7
8190,ninety times ninety-one,90 * 91,6
8191,ninety squared plus ninety-one,90 ² + 91,7
8192,two to the thirteenth,2 ¹³,5
8193,two to the thirteenth plus one,2 ¹³ + 1,7
8194,two to the thirteenth plus two,2 ¹³ + 2,7
8195,two to the thirteenth plus three,2 ¹³ + 3,7
8196,two to the thirteenth plus four,2 ¹³ + 4,7
8197,two to the thirteenth plus five,2 ¹³ + 5,7
8198,two to the thirteenth plus six,2 ¹³ + 6,7
8199,ninety squared plus ninety-nine,90 ² + 99,7
8200,eighty-two times ten squared,82 * 10 ²,6
8201,eighty-two thousand ten tenths,82010 / 10,7
8202,forty-one thousand ten fifths,41010 / 5,7
8203,eight thousand two hundred three,8203,7
8204,two to the thirteenth plus twelve,2 ¹³ + 12,7
8205,eight thousand two hundred five,8205,7
8206,eight thousand two hundred six,8206,7
8207,two to the thirteenth plus fifteen,2 ¹³ + 15,8
8208,thirty-eight times six cubed,38 * 6 ³,6
8209,eight thousand two hundred nine,8209,7
8210,eight thousand two hundred ten,8210,7
8211,thirty-eight times six cubed plus three,38 * 6 ³ + 3,8
8212,eight thousand two hundred twelve,8212,7
8213,thirty-eight times six cubed plus five,38 * 6 ³ + 5,8
8214,six times thirty-seven squared,6 * 37 ²,7
8215,eight thousand ninety plus five cubed,8090 + 5 ³,8
8216,twenty cubed plus six cubed,20 ³ + 6 ³,6
8217,eighty-three times ninety-nine,83 * 99,7
8218,eight thousand two plus six cubed,8002 + 6 ³,7
8219,eight thousand three plus six cubed,8003 + 6 ³,7
8220,eight thousand four plus six cubed,8004 + 6 ³,7
8221,eight thousand five plus six cubed,8005 + 6 ³,7
8222,eight thousand six plus six cubed,8006 + 6 ³,7
8223,forty-two cubed ninths minus nine,42 ³ / 9 - 9,8
8224,eight thousand eight plus six cubed,8008 + 6 ³,7
8225,ninety squared plus five cubed,90 ² + 5 ³,6
8226,nine times nine hundred fourteen,9 * 914,7
8227,forty-two cubed ninths minus five,42 ³ / 9 - 5,8
8228,eight thousand twelve plus six cubed,8012 + 6 ³,7
8229,forty-two cubed ninths minus three,42 ³ / 9 - 3,8
8230,forty-two cubed ninths minus two,42 ³ / 9 - 2,8
8231,forty-two cubed ninths minus one,42 ³ / 9 - 1,8
8232,forty-two cubed ninths,42 ³ / 9,5
8233,forty-two cubed ninths plus one,42 ³ / 9 + 1,7
8234,forty-two cubed ninths plus two,42 ³ / 9 + 2,7
8235,three cubed times three hundred five,3 ³ * 305,7
8236,forty-two cubed ninths plus four,42 ³ / 9 + 4,7
8237,forty-two cubed ninths plus five,42 ³ / 9 + 5,7
8238,forty-two cubed ninths plus six,42 ³ / 9 + 6,7
8239,forty-two cubed ninths plus seven,42 ³ / 9 + 7,8
8240,eighty times one hundred three,80 * 103,7
8241,forty-two cubed ninths plus nine,42 ³ / 9 + 9,7
8242,forty-two cubed ninths plus ten,42 ³ / 9 + 10,7
8243,twenty cubed plus nine cubed thirds,20 ³ + 9 ³ / 3,7
8244,ninety squared plus twelve squared,90 ² + 12 ²,6
8245,ninety-one squared minus six squared,91 ² - 6 ²,8
8246,ninety squared plus twelve squared plus two,90 ² + 12 ² + 2,8
8247,ninety squared plus twelve squared plus three,90 ² + 12 ² + 3,8
8248,ninety-two squared minus six cubed,92 ² - 6 ³,8
8249,ninety squared plus twelve squared plus five,90 ² + 12 ² + 5,8
8250,sixty-six times five cubed,66 * 5 ³,6
8251,ninety-nine thousand twelve twelfths,99012 / 12,7
8252,thirty-three thousand eight fourths,33008 / 4,7
8253,thirty-three thousand twelve fourths,33012 / 4,7
8254,thirty-three thousand sixteen fourths,33016 / 4,8
8255,sixty-six times five cubed plus five,66 * 5 ³ + 5,8
8256,eighty-six times eight times twelve,86 * 8 * 12,7
8257,forty-two cubed ninths plus five squared,42 ³ / 9 + 5 ²,8
8258,sixty-six times five cubed plus eight,66 * 5 ³ + 8,8
8259,sixty-six times five cubed plus nine,66 * 5 ³ + 9,8
8260,fifty-nine times ten times fourteen,59 * 10 * 14,8
8261,twenty-one cubed minus ten cubed,21 ³ - 10 ³,8
8262,thirty-four times nine cubed thirds,34 * 9 ³ / 3,7
8263,ninety-one squared minus eighteen,91 ² - 18,8
8264,eight times one thousand thirty-three,8 * 1033,8
8265,ninety-one squared minus four squared,91 ² - 4 ²,8
8266,ninety-one squared minus fifteen,91 ² - 15,8
8267,ninety-one squared minus fourteen,91 ² - 14,8
8268,ninety-one squared minus thirteen,91 ² - 13,8
8269,ninety-one squared minus twelve,91 ² - 12,7
8270,twenty cubed plus ten times three cubed,20 ³ + 10 * 3 ³,8
8271,ninety-one squared minus ten,91 ² - 10,7
8272,ninety-one squared minus nine,91 ² - 9,7
8273,ninety-one squared minus eight,91 ² - 8,7
8274,ten thousand two minus twelve cubed,10002 - 12 ³,8
8275,ninety-one squared minus six,91 ² - 6,7
8276,ninety-one squared minus five,91 ² - 5,7
8277,ninety-one squared minus four,91 ² - 4,7
8278,ninety-one squared minus three,91 ² - 3,7
8279,ninety-one squared minus two,91 ² - 2,7
8280,ninety times ninety-two,90 * 92,6
8281,ninety-one squared,91 ²,4
8282,ninety-one squared plus one,91 ² + 1,6
8283,ninety-one squared plus two,91 ² + 2,6
8284,ninety-one squared plus three,91 ² + 3,6
8285,ninety-one squared plus four,91 ² + 4,6
8286,ninety-one squared plus five,91 ² + 5,6
8287,ninety-one squared plus six,91 ² + 6,6
8288,ninety-one squared plus seven,91 ² + 7,7
8289,ninety-one squared plus eight,91 ² + 8,6
8290,ninety-one squared plus nine,91 ² + 9,6
8291,ninety-one squared plus ten,91 ² + 10,6
8292,ninety squared plus twelve cubed ninths,90 ² + 12 ³ / 9,7
8293,ninety-one squared plus twelve,91 ² + 12,6
8294,ninety-one squared plus thirteen,91 ² + 13,7
8295,ninety-one squared plus fourteen,91 ² + 14,7
8296,ninety-one squared plus fifteen,91 ² + 15,7
8297,ninety-one squared plus four squared,91 ² + 4 ²,7
8298,nine times nine hundred twenty-two,9 * 922,8
8299,ninety-one squared plus eighteen,91 ² + 18,7
8300,eighty-three times ten squared,83 * 10 ²,6
8301,eighty-three thousand ten tenths,83010 / 10,7
8302,eight thousand three hundred two,8302,7
8303,twenty-three times nineteen squared,23 * 19 ²,7
8304,eight thousand three hundred four,8304,7
8305,eight thousand three hundred five,8305,7
8306,ninety-one squared plus five squared,91 ² + 5 ²,7
8307,nine times nine hundred twenty-three,9 * 923,8
8308,ninety-one squared plus three cubed,91 ² + 3 ³,7
8309,eight thousand three hundred nine,8309,7
8310,eight thousand three hundred ten,8310,7
8311,ninety-one squared plus thirty,91 ² + 30,7
8312,eight thousand three hundred twelve,8312,7
8313,forty-two cubed ninths plus nine squared,42 ³ / 9 + 9 ²,8
8314,ninety-one squared plus thirty-three,91 ² + 33,8
8315,ninety-one squared plus thirty-four,91 ² + 34,8
8316,ninety squared plus six cubed,90 ² + 6 ³,6
8317,ninety-one squared plus six squared,91 ² + 6 ²,7
8318,ninety squared plus six cubed plus two,90 ² + 6 ³ + 2,8
8319,ninety squared plus six cubed plus three,90 ² + 6 ³ + 3,8
8320,sixty-five times eight cubed fourths,65 * 8 ³ / 4,7
8321,ninety-one squared plus forty,91 ² + 40,7
8322,ninety squared plus six cubed plus six,90 ² + 6 ³ + 6,8
8323,forty-one times two hundred three,41 * 203,8
8324,twenty cubed plus eighteen squared,20 ³ + 18 ²,7
8325,ninety squared plus fifteen squared,90 ² + 15 ²,7
8326,ninety squared plus six cubed plus ten,90 ² + 6 ³ + 10,8
8327,ninety-one squared plus forty-six,91 ² + 46,8
8328,twelve times six hundred ninety-four,12 * 694,8
8329,ninety-one squared plus twelve squared thirds,91 ² + 12 ² / 3,8
8330,eighty-five times ninety-eight,85 * 98,7
8331,ninety-one squared plus fifty,91 ² + 50,7
8332,eighteen cubed plus fifty squared,18 ³ + 50 ²,7
8333,ninety-one squared plus fifty-two,91 ² + 52,8
8334,fifty thousand four sixths,50004 / 6,6
8335,fifty thousand ten sixths,50010 / 6,6
8336,fifty thousand sixteen sixths,50016 / 6,7
8337,fifty thousand twenty-two sixths,50022 / 6,8
8338,fifty thousand twenty-eight sixths,50028 / 6,8
8339,fifty thousand thirty-four sixths,50034 / 6,8
8340,ten times ten thousand eight twelfths,10 * 10008 / 12,7
8341,ninety-one squared plus sixty,91 ² + 60,7
8342,fifty thousand fifty-two sixths,50052 / 6,8
8343,nine squared times one hundred three,9 ² * 103,7
8344,fifty thousand sixty-four sixths,50064 / 6,8
8345,ninety-one squared plus four cubed,91 ² + 4 ³,7
8346,fifty thousand four sixths plus twelve,50004 / 6 + 12,8
8347,fifty thousand eighty-two sixths,50082 / 6,8
8348,fifty thousand eighty-eight sixths,50088 / 6,8
8349,fifty thousand ninety-four sixths,50094 / 6,8
8350,ten times five thousand ten sixths,10 * 5010 / 6,7
8351,ninety-one squared plus seventy,91 ² + 70,8
8352,fifty-eight times twelve squared,58 * 12 ²,6
8353,fifty-eight times twelve squared plus one,58 * 12 ² + 1,8
8354,fifty-eight times twelve squared plus two,58 * 12 ² + 2,8
8355,five times five thousand thirteen thirds,5 * 5013 / 3,8
8356,ninety squared plus four squared squared,90 ² + (4 ²) ²,7
8357,fifty-eight times twelve squared plus five,58 * 12 ² + 5,8
8358,fifty-eight times twelve squared plus six,58 * 12 ² + 6,8
8359,nineteen cubed plus twelve thousand eighths,19 ³ + 12000 / 8,8
8360,eighty-eight times ninety-five,88 * 95,7
8361,ninety-one squared plus eighty,91 ² + 80,7
8362,ninety-one squared plus nine squared,91 ² + 9 ²,7
8363,ninety-one squared plus eighty-two,91 ² + 82,8
8364,ninety-two squared minus ten squared,92 ² - 10 ²,8
8365,five times five thousand nineteen thirds,5 * 5019 / 3,8
8366,eighty-nine times ninety-four,89 * 94,7
8367,ninety-one squared plus eighty-six,91 ² + 86,8
8368,eight times one thousand forty-six,8 * 1046,8
8369,ninety-one squared plus eighty-eight,91 ² + 88,8
8370,ninety times ninety-three,90 * 93,6
8371,ninety-one squared plus ninety,91 ² + 90,7
8372,ninety-one times ninety-two,91 * 92,7
8373,ninety times ninety-three plus three,90 * 93 + 3,8
8374,ninety-two squared minus ninety,92 ² - 90,8
8375,sixty-seven times five cubed,67 * 5 ³,7
8376,sixty-seven thousand eight eighths,67008 / 8,8
8377,ninety-one squared plus eight times twelve,91 ² + 8 * 12,8
8378,ninety times ninety-three plus eight,90 * 93 + 8,8
8379,nineteen times twenty-one squared,19 * 21 ²,7
8380,twenty times four hundred nineteen,20 * 419,8
8381,ninety-one squared plus ten squared,91 ² + 10 ²,7
8382,ninety times ninety-three plus twelve,90 * 93 + 12,8
8383,ninety-two squared minus nine squared,92 ² - 9 ²,8
8384,ninety-two squared minus eighty,92 ² - 80,8
8385,five thousand ten plus fifteen cubed,5010 + 15 ³,8
8386,fourteen times five hundred ninety-nine,14 * 599,9
8387,five thousand twelve plus fifteen cubed,5012 + 15 ³,8
8388,ninety squared plus twelve cubed sixths,90 ² + 12 ³ / 6,7
8389,ninety-one squared plus six cubed halves,91 ² + 6 ³ / 2,8
8390,ten times eight hundred thirty-nine,10 * 839,8
8391,eighty-four times ten squared minus nine,84 * 10 ² - 9,9
8392,eight times one thousand forty-nine,8 * 1049,8
8393,two hundred five squared fifths minus twelve,205 ² / 5 - 12,9
8394,eighty-four times ten squared minus six,84 * 10 ² - 6,9
8395,nineteen cubed plus three times eight cubed,19 ³ + 3 * 8 ³,8
8396,eighty-six squared plus ten cubed,86 ² + 10 ³,7
8397,nine times nine hundred thirty-three,9 * 933,8
8398,ten times twenty-nine squared minus twelve,10 * 29 ² - 12,9
8399,two hundred five squared fifths minus six,205 ² / 5 - 6,9
8400,eighty-four times ten squared,84 * 10 ²,6
8401,eighty-four thousand ten tenths,84010 / 10,7
8402,forty-two thousand ten fifths,42010 / 5,7
8403,eight thousand four hundred three,8403,7
8404,eight thousand four hundred four,8404,7
8405,two hundred five squared fifths,205 ² / 5,6
8406,ninety-one squared plus five cubed,91 ² + 5 ³,7
8407,seven times twelve thousand ten tenths,7 * 12010 / 10,8
8408,eight thousand four hundred eight,8408,7
8409,eight thousand four hundred nine,8409,7
8410,ten times twenty-nine squared,10 * 29 ²,6
8411,ten times twenty-nine squared plus one,10 * 29 ² + 1,8
8412,twelve times seven hundred one,12 * 701,7
8413,ten times twenty-nine squared plus three,10 * 29 ² + 3,8
8414,fourteen times six hundred one,14 * 601,7
8415,eighty-five times ninety-nine,85 * 99,7
8416,eight times one thousand fifty-two,8 * 1052,8
8417,two hundred five squared fifths plus twelve,205 ² / 5 + 12,8
8418,ten times twenty-nine squared plus eight,10 * 29 ² + 8,8
8419,ten times twenty-nine squared plus nine,10 * 29 ² + 9,8
8420,ten times eight hundred forty-two,10 * 842,8
8421,twenty-one times four hundred one,21 * 401,8
8422,ten times twenty-nine squared plus twelve,10 * 29 ² + 12,8
8423,three times fifty-three squared minus four,3 * 53 ² - 4,9
8424,thirty-nine times six cubed,39 * 6 ³,6
8425,ninety-one squared plus twelve squared,91 ² + 12 ²,7
8426,thirty-nine times six cubed plus two,39 * 6 ³ + 2,8
8427,three times fifty-three squared,3 * 53 ²,6
8428,eighty-six times ninety-eight,86 * 98,7
8429,fifty-nine thousand three sevenths,59003 / 7,8
8430,fifty-nine thousand ten sevenths,59010 / 7,8
8431,three times fifty-three squared plus four,3 * 53 ² + 4,8
8432,twenty cubed plus twelve cubed fourths,20 ³ + 12 ³ / 4,7
8433,eighty-nine squared plus eight cubed,89 ² + 8 ³,7
8434,ninety-two squared minus thirty,92 ² - 30,8
8435,three times fifty-three squared plus eight,3 * 53 ² + 8,8
8436,twelve times seven hundred three,12 * 703,7
8437,ninety-two squared minus three cubed,92 ² - 3 ³,8
8438,eight thousand six plus twelve cubed fourths,8006 + 12 ³ / 4,8
8439,ninety-two squared minus five squared,92 ² - 5 ²,8
8440,ten times eight hundred forty-four,10 * 844,8
8441,eight thousand nine plus twelve cubed fourths,8009 + 12 ³ / 4,8
8442,fourteen times six hundred three,14 * 603,7
8443,ninety squared plus seven cubed,90 ² + 7 ³,7
8444,ninety-two squared minus twenty,92 ² - 20,8
8445,seventy-six thousand five ninths,76005 / 9,8
8446,ninety-two squared minus eighteen,92 ² - 18,8
8447,fifty times thirteen squared minus three,50 * 13 ² - 3,9
8448,eighty-eight times eight times twelve,88 * 8 * 12,7
8449,ninety-two squared minus fifteen,92 ² - 15,8
8450,fifty times thirteen squared,50 * 13 ²,6
8451,ninety-two squared minus thirteen,92 ² - 13,8
8452,ninety-two squared minus twelve,92 ² - 12,7
8453,fifty times thirteen squared plus three,50 * 13 ² + 3,8
8454,ninety-two squared minus ten,92 ² - 10,7
8455,ninety-two squared minus nine,92 ² - 9,7
8456,ninety-two squared minus eight,92 ² - 8,7
8457,ninety-two squared minus seven,92 ² - 7,8
8458,ninety-two squared minus six,92 ² - 6,7
8459,ninety-two squared minus five,92 ² - 5,7
8460,ninety times ninety-four,90 * 94,6
8461,ninety-two squared minus three,92 ² - 3,7
8462,ninety-two squared minus two,92 ² - 2,7
8463,ninety-two squared minus one,92 ² - 1,7
8464,ninety-two squared,92 ²,4
8465,ninety-two squared plus one,92 ² + 1,6
8466,ninety-two squared plus two,92 ² + 2,6
8467,ninety-two squared plus three,92 ² + 3,6
8468,ninety-two squared plus four,92 ² + 4,6
8469,ninety-two squared plus five,92 ² + 5,6
8470,ninety-two squared plus six,92 ² + 6,6
8471,ninety-two squared plus seven,92 ² + 7,7
8472,ninety-two squared plus eight,92 ² + 8,6
8473,ninety-two squared plus nine,92 ² + 9,6
8474,ninety-two squared plus ten,92 ² + 10,6
8475,ninety-two squared plus ten plus one,92 ² + 10 + 1,8
8476,ninety-two squared plus twelve,92 ² + 12,6
8477,ninety-two squared plus thirteen,92 ² + 13,7
8478,ninety-two squared plus fourteen,92 ² + 14,7
8479,ninety-two squared plus fifteen,92 ² + 15,7
8480,eighty times one hundred six,80 * 106,7
8481,ninety-two squared plus twelve plus five,92 ² + 12 + 5,8
8482,ninety-two squared plus eighteen,92 ² + 18,7
8483,ninety-two squared plus nineteen,92 ² + 19,7
8484,fourteen times six hundred six,14 * 606,7
8485,ninety-two squared plus twelve plus nine,92 ² + 12 + 9,8
8486,ninety-two squared plus twelve plus ten,92 ² + 12 + 10,8
8487,ninety-six squared minus nine cubed,96 ² - 9 ³,8
8488,nine thousand minus eight cubed,9000 - 8 ³,7
8489,ninety-two squared plus five squared,92 ² + 5 ²,7
8490,nine thousand two minus eight cubed,9002 - 8 ³,8
8491,ninety-two squared plus three cubed,92 ² + 3 ³,7
8492,nine thousand four minus eight cubed,9004 - 8 ³,8
8493,nine thousand five minus eight cubed,9005 - 8 ³,8
8494,ninety-two squared plus thirty,92 ² + 30,7
8495,ninety-two squared plus thirty-one,92 ² + 31,8
8496,fifty-nine times twelve squared,59 * 12 ²,6
8497,ninety-one squared plus six cubed,91 ² + 6 ³,7
8498,nine thousand ten minus eight cubed,9010 - 8 ³,8
8499,fifty-nine times twelve squared plus three,59 * 12 ² + 3,8
8500,seventeen thousand halves,17000 / 2,6
8501,eighty-five thousand ten tenths,85010 / 10,7
8502,fifty-one thousand twelve sixths,51012 / 6,7
8503,thirty-four thousand twelve fourths,34012 / 4,7
8504,seventeen thousand eight halves,17008 / 2,7
8505,seventeen thousand ten halves,17010 / 2,7
8506,seventeen thousand twelve halves,17012 / 2,7
8507,seventeen thousand fourteen halves,17014 / 2,8
8508,twelve times seven hundred nine,12 * 709,7
8509,eight thousand five hundred nine,8509,7
8510,eight thousand five hundred ten,8510,7
8511,sixty-eight thousand eighty-eight eighths,68088 / 8,9
8512,twenty cubed plus eight cubed,20 ³ + 8 ³,6
8513,eight thousand one plus eight cubed,8001 + 8 ³,7
8514,eighty-six times ninety-nine,86 * 99,7
8515,eight thousand three plus eight cubed,8003 + 8 ³,7
8516,eight thousand four plus eight cubed,8004 + 8 ³,7
8517,eight thousand five plus eight cubed,8005 + 8 ³,7
8518,eight thousand six plus eight cubed,8006 + 8 ³,7
8519,eight thousand seven plus eight cubed,8007 + 8 ³,8
8520,twelve times seven hundred ten,12 * 710,7
8521,eight thousand nine plus eight cubed,8009 + 8 ³,7
8522,eight thousand ten plus eight cubed,8010 + 8 ³,7
8523,ninety-two squared plus fifty-nine,92 ² + 59,8
8524,ninety-two squared plus sixty,92 ² + 60,7
8525,seventeen thousand fifty halves,17050 / 2,8
8526,fourteen times six hundred nine,14 * 609,7
8527,eight thousand fifteen plus eight cubed,8015 + 8 ³,8
8528,ninety-two squared plus four cubed,92 ² + 4 ³,7
8529,ninety-two squared plus sixty-five,92 ² + 65,8
8530,seventeen thousand sixty halves,17060 / 2,8
8531,eight thousand nineteen plus eight cubed,8019 + 8 ³,8
8532,ninety squared plus twelve cubed fourths,90 ² + 12 ³ / 4,7
8533,ninety-two squared plus sixty-nine,92 ² + 69,8
8534,seventeen times five hundred two,17 * 502,8
8535,seventeen thousand seventy halves,17070 / 2,9
8536,eighty-eight times ninety-seven,88 * 97,8
8537,ninety-one squared plus four squared squared,91 ² + (4 ²) ²,8
8538,ninety times ninety-five minus twelve,90 * 95 - 12,9
8539,thirty-five cubed fifths minus six squared,35 ³ / 5 - 6 ²,9
8540,fourteen times six hundred ten,14 * 610,7
8541,nine times nine hundred forty-nine,9 * 949,8
8542,eight thousand thirty plus eight cubed,8030 + 8 ³,8
8543,seventeen thousand eighty-six halves,17086 / 2,9
8544,eighty-nine times eight times twelve,89 * 8 * 12,7
8545,ninety-two squared plus nine squared,92 ² + 9 ²,7
8546,ninety-two squared plus eighty-two,92 ² + 82,8
8547,ninety-two squared plus eighty-three,92 ² + 83,8
8548,ninety-two squared plus eighty-four,92 ² + 84,8
8549,ninety-three squared minus ten squared,93 ² - 10 ²,8
8550,ninety times ninety-five,90 * 95,6
8551,seventeen times five hundred three,17 * 503,8
8552,eight times one thousand sixty-nine,8 * 1069,8
8553,ninety times ninety-five plus three,90 * 95 + 3,8
8554,ninety-one times ninety-four,91 * 94,7
8555,ninety times ninety-five plus five,90 * 95 + 5,8
8556,ninety-two times ninety-three,92 * 93,7
8557,ninety-two squared plus ninety-three,92 ² + 93,8
8558,ninety times ninety-five plus eight,90 * 95 + 8,8
8559,ninety-three squared minus ninety,93 ² - 90,8
8560,five times twelve cubed minus eighty,5 * 12 ³ - 80,8
8561,nine squared squared plus two thousand,(9 ²) ² + 2000,7
8562,ninety times ninety-five plus twelve,90 * 95 + 12,8
8563,thirty-five cubed fifths minus twelve,35 ³ / 5 - 12,8
8564,ninety-two squared plus ten squared,92 ² + 10 ²,7
8565,thirty-five cubed fifths minus ten,35 ³ / 5 - 10,8
8566,thirty-five cubed fifths minus nine,35 ³ / 5 - 9,8
8567,thirty-five cubed fifths minus eight,35 ³ / 5 - 8,8
8568,fourteen times six hundred twelve,14 * 612,7
8569,thirty-five cubed fifths minus six,35 ³ / 5 - 6,8
8570,thirty-five cubed fifths minus five,35 ³ / 5 - 5,8
8571,thirty-five cubed fifths minus four,35 ³ / 5 - 4,8
8572,sixty thousand four sevenths,60004 / 7,7
8573,thirty-five cubed fifths minus two,35 ³ / 5 - 2,8
8574,sixty thousand eighteen sevenths,60018 / 7,8
8575,thirty-five cubed fifths,35 ³ / 5,5
8576,thirty-five cubed fifths plus one,35 ³ / 5 + 1,7
8577,thirty-five cubed fifths plus two,35 ³ / 5 + 2,7
8578,thirty-five cubed fifths plus three,35 ³ / 5 + 3,7
8579,thirty-five cubed fifths plus four,35 ³ / 5 + 4,7
8580,thirty-five cubed fifths plus five,35 ³ / 5 + 5,7
8581,thirty-five cubed fifths plus six,35 ³ / 5 + 6,7
8582,fourteen times six hundred thirteen,14 * 613,8
8583,thirty-five cubed fifths plus eight,35 ³ / 5 + 8,7
8584,thirty-five cubed fifths plus nine,35 ³ / 5 + 9,7
8585,thirty-five cubed fifths plus ten,35 ³ / 5 + 10,7
8586,nine squared times one hundred six,9 ² * 106,7
8587,nineteen cubed plus twelve cubed,19 ³ + 12 ³,6
8588,nineteen times nine hundred four halves,19 * 904 / 2,8
8589,ninety-two squared plus five cubed,92 ² + 5 ³,7
8590,five times twelve cubed minus fifty,5 * 12 ³ - 50,8
8591,nineteen cubed plus twelve cubed plus four,19 ³ + 12 ³ + 4,8
8592,twelve times five thousand twelve sevenths,12 * 5012 / 7,8
8593,nineteen cubed plus twelve cubed plus six,19 ³ + 12 ³ + 6,8
8594,thirty-five cubed fifths plus nineteen,35 ³ / 5 + 19,8
8595,nine times nine hundred fifty-five,9 * 955,8
8596,fourteen times six hundred fourteen,14 * 614,8
8597,eighty squared plus thirteen cubed,80 ² + 13 ³,7
8598,eighty-six times ten squared minus two,86 * 10 ² - 2,9
8599,ninety-three squared minus fifty,93 ² - 50,8
8600,eighty-six times ten squared,86 * 10 ²,6
8601,eighty-six thousand ten tenths,86010 / 10,7
8602,forty-three thousand ten fifths,43010 / 5,7
8603,eight thousand six hundred three,8603,7
8604,eight thousand six hundred four,8604,7
8605,eight thousand six hundred five,8605,7
8606,eight thousand six hundred six,8606,7
8607,nineteen times nine hundred six halves,19 * 906 / 2,8
8608,ninety-two squared plus twelve squared,92 ² + 12 ²,7
8609,eight thousand six hundred nine,8609,7
8610,eight thousand six hundred ten,8610,7
8611,thirty-five cubed fifths plus six squared,35 ³ / 5 + 6 ²,8
8612,ninety squared plus eight cubed,90 ² + 8 ³,6
8613,ninety-three squared minus six squared,93 ² - 6 ²,8
8614,ninety squared plus eight cubed plus two,90 ² + 8 ³ + 2,8
8615,five times twelve cubed minus five squared,5 * 12 ³ - 5 ²,8
8616,twelve times seven hundred eighteen,12 * 718,8
8617,eighty-three squared plus twelve cubed,83 ² + 12 ³,7
8618,ninety squared plus eight cubed plus six,90 ² + 8 ³ + 6,8
8619,fifty-one times thirteen squared,51 * 13 ²,7
8620,ninety-four squared minus six cubed,94 ² - 6 ³,8
8621,five times twelve cubed minus nineteen,5 * 12 ³ - 19,8
8622,ninety-three squared minus three cubed,93 ² - 3 ³,8
8623,twelve times nine cubed minus five cubed,12 * 9 ³ - 5 ³,8
8624,eighty-eight times ninety-eight,88 * 98,7
8625,sixty-nine times five cubed,69 * 5 ³,6
8626,sixty-nine thousand eight eighths,69008 / 8,7
8627,sixty-nine thousand sixteen eighths,69016 / 8,8
8628,five times twelve cubed minus twelve,5 * 12 ³ - 12,7
8629,ninety-three squared minus twenty,93 ² - 20,8
8630,five times twelve cubed minus ten,5 * 12 ³ - 10,7
8631,five times twelve cubed minus nine,5 * 12 ³ - 9,7
8632,five times twelve cubed minus eight,5 * 12 ³ - 8,7
8633,ninety-three squared minus four squared,93 ² - 4 ²,8
8634,five times twelve cubed minus six,5 * 12 ³ - 6,7
8635,five times twelve cubed minus five,5 * 12 ³ - 5,7
8636,five times twelve cubed minus four,5 * 12 ³ - 4,7
8637,ninety-three squared minus twelve,93 ² - 12,7
8638,five times twelve cubed minus two,5 * 12 ³ - 2,7
8639,ninety-three squared minus ten,93 ² - 10,7
8640,five times twelve cubed,5 * 12 ³,4
8641,five times twelve cubed plus one,5 * 12 ³ + 1,6
8642,five times twelve cubed plus two,5 * 12 ³ + 2,6
8643,five times twelve cubed plus three,5 * 12 ³ + 3,6
8644,five times twelve cubed plus four,5 * 12 ³ + 4,6
8645,five times twelve cubed plus five,5 * 12 ³ + 5,6
8646,five times twelve cubed plus six,5 * 12 ³ + 6,6
8647,ninety-three squared minus two,93 ² - 2,7
8648,five times twelve cubed plus eight,5 * 12 ³ + 8,6
8649,ninety-three squared,93 ²,4
8650,ninety-three squared plus one,93 ² + 1,6
8651,ninety-three squared plus two,93 ² + 2,6
8652,ninety-three squared plus three,93 ² + 3,6
8653,ninety-three squared plus four,93 ² + 4,6
8654,ninety-three squared plus five,93 ² + 5,6
8655,ninety-three squared plus six,93 ² + 6,6
8656,ninety-three squared plus seven,93 ² + 7,7
8657,ninety-three squared plus eight,93 ² + 8,6
8658,ninety-three squared plus nine,93 ² + 9,6
8659,ninety-three squared plus ten,93 ² + 10,6
8660,five times twelve cubed plus twenty,5 * 12 ³ + 20,7
8661,ninety-three squared plus twelve,93 ² + 12,6
8662,ninety-three squared plus thirteen,93 ² + 13,7
8663,ninety-three squared plus fourteen,93 ² + 14,7
8664,six times thirty-eight squared,6 * 38 ²,6
8665,ninety-three squared plus four squared,93 ² + 4 ²,7
8666,fourteen times six hundred nineteen,14 * 619,8
8667,fifty-two thousand two sixths,52002 / 6,7
8668,fifty-two thousand eight sixths,52008 / 6,7
8669,ninety-three squared plus twenty,93 ² + 20,7
8670,twenty-six thousand ten thirds,26010 / 3,7
8671,twenty-six thousand thirteen thirds,26013 / 3,8
8672,twenty-six thousand sixteen thirds,26016 / 3,8
8673,twenty-six thousand nineteen thirds,26019 / 3,8
8674,ninety-three squared plus five squared,93 ² + 5 ²,7
8675,thirty-five cubed fifths plus ten squared,35 ³ / 5 + 10 ²,8
8676,ninety-three squared plus three cubed,93 ² + 3 ³,7
8677,ninety-three squared plus twenty-eight,93 ² + 28,8
8678,ninety-three squared plus twenty-nine,93 ² + 29,8
8679,ninety-three squared plus thirty,93 ² + 30,7
8680,five times twelve cubed plus forty,5 * 12 ³ + 40,7
8681,ninety-three squared plus four cubed halves,93 ² + 4 ³ / 2,8
8682,ninety-three squared plus thirty-three,93 ² + 33,8
8683,ninety-three squared plus thirty-four,93 ² + 34,8
8684,twelve times nine cubed minus four cubed,12 * 9 ³ - 4 ³,8
8685,ninety-three squared plus six squared,93 ² + 6 ²,7
8686,eighty-six times one hundred one,86 * 101,8
8687,ninety-three squared plus thirty-eight,93 ² + 38,8
8688,twelve times nine cubed minus sixty,12 * 9 ³ - 60,8
8689,ninety-three squared plus forty,93 ² + 40,7
8690,five times twelve cubed plus fifty,5 * 12 ³ + 50,7
8691,ninety-three squared plus forty-two,93 ² + 42,8
8692,ninety-four squared minus twelve squared,94 ² - 12 ²,8
8693,ninety-three squared plus forty-four,93 ² + 44,8
8694,sixty-nine times nine times fourteen,69 * 9 * 14,8
8695,ninety-three squared plus forty-six,93 ² + 46,8
8696,five times twelve cubed plus fifty-six,5 * 12 ³ + 56,8
8697,ninety-three squared plus twelve squared thirds,93 ² + 12 ² / 3,8
8698,twelve times nine cubed minus fifty,12 * 9 ³ - 50,8
8699,ninety-three squared plus fifty,93 ² + 50,7
8700,eighty-seven times ten squared,87 * 10 ²,7
8701,eighty-seven thousand ten tenths,87010 / 10,8
8702,ninety-three squared plus fifty-three,93 ² + 53,8
8703,ninety-three squared plus six cubed fourths,93 ² + 6 ³ / 4,8
8704,seventeen times eight cubed,17 * 8 ³,6
8705,seventeen times eight cubed plus one,17 * 8 ³ + 1,8
8706,seventeen times eight cubed plus two,17 * 8 ³ + 2,8
8707,seventeen times eight cubed plus three,17 * 8 ³ + 3,8
8708,twelve times nine cubed minus forty,12 * 9 ³ - 40,8
8709,ninety-three squared plus sixty,93 ² + 60,7
8710,thirteen times two thousand ten thirds,13 * 2010 / 3,8
8711,ninety-four squared minus five cubed,94 ² - 5 ³,8
8712,eight times thirty-three squared,8 * 33 ²,6
8713,ninety-three squared plus four cubed,93 ² + 4 ³,7
8714,eight times thirty-three squared plus two,8 * 33 ² + 2,8
8715,sixty-one thousand five sevenths,61005 / 7,8
8716,sixty-one thousand twelve sevenths,61012 / 7,8
8717,eight times thirty-three squared plus five,8 * 33 ² + 5,8
8718,twelve times nine cubed minus thirty,12 * 9 ³ - 30,8
8719,thirty-five cubed fifths plus twelve squared,35 ³ / 5 + 12 ²,8
8720,eighty times one hundred nine,80 * 109,7
8721,five times twelve cubed plus nine squared,5 * 12 ³ + 9 ²,7
8722,eighty-nine times ninety-eight,89 * 98,7
8723,twelve times nine cubed minus five squared,12 * 9 ³ - 5 ²,8
8724,eight times thirty-three squared plus twelve,8 * 33 ² + 12,8
8725,ninety squared plus five squared squared,90 ² + (5 ²) ²,7
8726,five times twelve cubed plus eighty-six,5 * 12 ³ + 86,8
8727,twenty cubed plus nine cubed minus two,20 ³ + 9 ³ - 2,9
8728,seven thousand plus twelve cubed,7000 + 12 ³,7
8729,twenty cubed plus nine cubed,20 ³ + 9 ³,6
8730,ninety times ninety-seven,90 * 97,7
8731,eight thousand two plus nine cubed,8002 + 9 ³,7
8732,eight thousand three plus nine cubed,8003 + 9 ³,7
8733,eight thousand four plus nine cubed,8004 + 9 ³,7
8734,eight thousand five plus nine cubed,8005 + 9 ³,7
8735,eight thousand six plus nine cubed,8006 + 9 ³,7
8736,twelve times nine cubed minus twelve,12 * 9 ³ - 12,7
8737,eight thousand eight plus nine cubed,8008 + 9 ³,7
8738,twelve times nine cubed minus ten,12 * 9 ³ - 10,7
8739,twelve times nine cubed minus nine,12 * 9 ³ - 9,7
8740,twelve times nine cubed minus eight,12 * 9 ³ - 8,7
8741,eight thousand twelve plus nine cubed,8012 + 9 ³,7
8742,twelve times nine cubed minus six,12 * 9 ³ - 6,7
8743,twelve times nine cubed minus five,12 * 9 ³ - 5,7
8744,twelve times nine cubed minus four,12 * 9 ³ - 4,7
8745,twelve times nine cubed minus three,12 * 9 ³ - 3,7
8746,twelve times nine cubed minus two,12 * 9 ³ - 2,7
8747,twelve times nine cubed minus one,12 * 9 ³ - 1,7
8748,twelve times nine cubed,12 * 9 ³,4
8749,twelve times nine cubed plus one,12 * 9 ³ + 1,6
8750,seventy thousand eighths,70000 / 8,6
8751,twelve times nine cubed plus three,12 * 9 ³ + 3,6
8752,twelve times nine cubed plus four,12 * 9 ³ + 4,6
8753,twelve times nine cubed plus five,12 * 9 ³ + 5,6
8754,twelve times nine cubed plus six,12 * 9 ³ + 6,6
8755,twelve times nine cubed plus seven,12 * 9 ³ + 7,7
8756,twelve times nine cubed plus eight,12 * 9 ³ + 8,6
8757,twelve times nine cubed plus nine,12 * 9 ³ + 9,6
8758,twelve times nine cubed plus ten,12 * 9 ³ + 10,6
8759,twelve times nine cubed plus ten plus one,12 * 9 ³ + 10 + 1,8
8760,twelve times nine cubed plus twelve,12 * 9 ³ + 12,6
8761,twelve times nine cubed plus thirteen,12 * 9 ³ + 13,7
8762,twelve times nine cubed plus fourteen,12 * 9 ³ + 14,7
8763,twelve times nine cubed plus fifteen,12 * 9 ³ + 15,7
8764,twelve times nine cubed plus four squared,12 * 9 ³ + 4 ²,7
8765,five times twelve cubed plus five cubed,5 * 12 ³ + 5 ³,7
8766,twelve times nine cubed plus eighteen,12 * 9 ³ + 18,7
8767,twelve times nine cubed plus nineteen,12 * 9 ³ + 19,7
8768,twelve times nine cubed plus twenty,12 * 9 ³ + 20,7
8769,twelve times nine cubed plus twelve plus nine,12 * 9 ³ + 12 + 9,8
8770,twelve times nine cubed plus twelve plus ten,12 * 9 ³ + 12 + 10,8
8771,seven times five thousand twelve fourths,7 * 5012 / 4,8
8772,ninety-four squared minus four cubed,94 ² - 4 ³,8
8773,twelve times nine cubed plus five squared,12 * 9 ³ + 5 ²,7
8774,ninety-three squared plus five cubed,93 ² + 5 ³,7
8775,thirty-nine times fifteen squared,39 * 15 ²,7
8776,six to the fifth plus ten cubed,6 ⁵ + 10 ³,7
8777,twelve times nine cubed plus twenty-nine,12 * 9 ³ + 29,8
8778,twelve times nine cubed plus thirty,12 * 9 ³ + 30,7
8779,twenty-six cubed halves minus nine,26 ³ / 2 - 9,8
8780,twenty-six cubed halves minus eight,26 ³ / 2 - 8,8
8781,twelve times nine cubed plus thirty-three,12 * 9 ³ + 33,8
8782,twenty-six cubed halves minus six,26 ³ / 2 - 6,8
8783,twenty-six cubed halves minus five,26 ³ / 2 - 5,8
8784,sixty-one times twelve squared,61 * 12 ²,6
8785,twenty-six cubed halves minus three,26 ³ / 2 - 3,8
8786,twenty-six cubed halves minus two,26 ³ / 2 - 2,8
8787,twenty-six cubed halves minus one,26 ³ / 2 - 1,8
8788,twenty-six cubed halves,26 ³ / 2,5
8789,twenty-six cubed halves plus one,26 ³ / 2 + 1,7
8790,twenty-six cubed halves plus two,26 ³ / 2 + 2,7
8791,twenty-six cubed halves plus three,26 ³ / 2 + 3,7
8792,twenty-six cubed halves plus four,26 ³ / 2 + 4,7
8793,twenty-six cubed halves plus five,26 ³ / 2 + 5,7
8794,twenty-six cubed halves plus six,26 ³ / 2 + 6,7
8795,twenty-six cubed halves plus seven,26 ³ / 2 + 7,8
8796,twenty-six cubed halves plus eight,26 ³ / 2 + 8,7
8797,twenty-six cubed halves plus nine,26 ³ / 2 + 9,7
8798,twenty-six cubed halves plus ten,26 ³ / 2 + 10,7
8799,twelve times nine cubed plus fifty-one,12 * 9 ³ + 51,8
8800,eighty-eight times ten squared,88 * 10 ²,6
8801,eighty-eight thousand ten tenths,88010 / 10,7
8802,forty-four thousand ten fifths,44010 / 5,7
8803,eight thousand eight hundred three,8803,7
8804,eight thousand eight hundred four,8804,7
8805,eight thousand eight hundred five,8805,7
8806,eight thousand eight hundred six,8806,7
8807,twenty-six cubed halves plus nineteen,26 ³ / 2 + 19,8
8808,twelve times nine cubed plus sixty,12 * 9 ³ + 60,7
8809,eight thousand eight hundred nine,8809,7
8810,eight thousand eight hundred ten,8810,7
8811,eighty-nine times ninety-nine,89 * 99,7
8812,twelve times nine cubed plus four cubed,12 * 9 ³ + 4 ³,7
8813,twenty-six cubed halves plus five squared,26 ³ / 2 + 5 ²,8
8814,twelve times nine cubed plus sixty-six,12 * 9 ³ + 66,8
8815,forty-three times two hundred five,43 * 205,8
8816,ninety-four squared minus twenty,94 ² - 20,8
8817,ninety-four squared minus nineteen,94 ² - 19,8
8818,ninety-four squared minus eighteen,94 ² - 18,8
8819,eight thousand ninety plus nine cubed,8090 + 9 ³,8
8820,two hundred ten squared fifths,210 ² / 5,6
8821,ninety-four squared minus fifteen,94 ² - 15,8
8822,ninety-four squared minus fourteen,94 ² - 14,8
8823,ninety-four squared minus thirteen,94 ² - 13,8
8824,ninety-four squared minus twelve,94 ² - 12,7
8825,two hundred ten squared fifths plus five,210 ² / 5 + 5,8
8826,ninety-four squared minus ten,94 ² - 10,7
8827,ninety-four squared minus nine,94 ² - 9,7
8828,ninety-four squared minus eight,94 ² - 8,7
8829,ninety squared plus nine cubed,90 ² + 9 ³,6
8830,ninety-four squared minus six,94 ² - 6,7
8831,ninety-four squared minus five,94 ² - 5,7
8832,ninety-four squared minus four,94 ² - 4,7
8833,ninety-four squared minus three,94 ² - 3,7
8834,fifty-three thousand four sixths,53004 / 6,7
8835,fifty-three thousand ten sixths,53010 / 6,7
8836,ninety-four squared,94 ²,4
8837,ninety-four squared plus one,94 ² + 1,6
8838,ninety-four squared plus two,94 ² + 2,6
8839,ninety-four squared plus three,94 ² + 3,6
8840,ninety-four squared plus four,94 ² + 4,6
8841,ninety-four squared plus five,94 ² + 5,6
8842,ninety-four squared plus six,94 ² + 6,6
8843,ninety-four squared plus seven,94 ² + 7,7
8844,ninety-four squared plus eight,94 ² + 8,6
8845,ninety-four squared plus nine,94 ² + 9,6
8846,ninety-four squared plus ten,94 ² + 10,6
8847,nine times nine hundred eighty-three,9 * 983,8
8848,ninety-four squared plus twelve,94 ² + 12,6
8849,ninety-four squared plus thirteen,94 ² + 13,7
8850,ninety-four squared plus fourteen,94 ² + 14,7
8851,ninety-four squared plus fifteen,94 ² + 15,7
8852,ninety-four squared plus four squared,94 ² + 4 ²,7
8853,ninety-four squared plus twelve plus five,94 ² + 12 + 5,8
8854,ninety-four squared plus eighteen,94 ² + 18,7
8855,ninety-four squared plus nineteen,94 ² + 19,7
8856,forty-one times six cubed,41 * 6 ³,6
8857,nine thousand one minus twelve squared,9001 - 12 ²,8
8858,sixty-two thousand six sevenths,62006 / 7,8
8859,nineteen cubed plus two thousand,19 ³ + 2000,7
8860,nine thousand four minus twelve squared,9004 - 12 ²,8
8861,ninety-four squared plus five squared,94 ² + 5 ²,7
8862,nine thousand six minus twelve squared,9006 - 12 ²,8
8863,ninety-four squared plus three cubed,94 ² + 3 ³,7
8864,twenty cubed plus twelve cubed halves,20 ³ + 12 ³ / 2,7
8865,ninety-three squared plus six cubed,93 ² + 6 ³,7
8866,ninety-four squared plus thirty,94 ² + 30,7
8867,ninety-four squared plus thirty-one,94 ² + 31,8
8868,nine thousand twelve minus twelve squared,9012 - 12 ²,8
8869,twenty-six cubed halves plus nine squared,26 ³ / 2 + 9 ²,8
8870,ninety-four squared plus thirty-four,94 ² + 34,8
8871,ninety-four squared plus thirty-five,94 ² + 35,8
8872,ninety-four squared plus six squared,94 ² + 6 ²,7
8873,twelve times nine cubed plus five cubed,12 * 9 ³ + 5 ³,7
8874,twenty-nine times three hundred six,29 * 306,8
8875,nine thousand minus five cubed,9000 - 5 ³,7
8876,ninety-four squared plus forty,94 ² + 40,7
8877,nine thousand two minus five cubed,9002 - 5 ³,8
8878,nine thousand three minus five cubed,9003 - 5 ³,8
8879,nine thousand four minus five cubed,9004 - 5 ³,8
8880,nine thousand five minus five cubed,9005 - 5 ³,8
8881,ninety-five squared minus twelve squared,95 ² - 12 ²,8
8882,ninety-four squared plus forty-six,94 ² + 46,8
8883,nine thousand eight minus five cubed,9008 - 5 ³,8
8884,nine thousand nine minus five cubed,9009 - 5 ³,8
8885,nine thousand ten minus five cubed,9010 - 5 ³,8
8886,ninety-four squared plus fifty,94 ² + 50,7
8887,nine thousand twelve minus five cubed,9012 - 5 ³,8
8888,eighty-eight times one hundred one,88 * 101,8
8889,eighty thousand one ninths,80001 / 9,6
8890,eighty thousand ten ninths,80010 / 9,6
8891,eighty thousand nineteen ninths,80019 / 9,7
8892,twelve times nine cubed plus twelve squared,12 * 9 ³ + 12 ²,7
8893,eighty thousand ten ninths plus three,80010 / 9 + 3,8
8894,eighty thousand forty-six ninths,80046 / 9,8
8895,eighty thousand fifty-five ninths,80055 / 9,8
8896,eight times ten thousand eight ninths,8 * 10008 / 9,7
8897,eighty thousand one ninths plus eight,80001 / 9 + 8,8
8898,eighty thousand eighty-two ninths,80082 / 9,8
8899,eighty thousand ninety-one ninths,80091 / 9,8
8900,eighty-nine times ten squared,89 * 10 ²,6
8901,eighty-nine thousand ten tenths,89010 / 10,7
8902,eight thousand nine hundred two,8902,7
8903,eight thousand nine hundred three,8903,7
8904,eight thousand nine hundred four,8904,7
8905,eight thousand nine hundred five,8905,7
8906,eight thousand nine hundred six,8906,7
8907,nine thousand minus ninety-three,9000 - 93,8
8908,eight thousand nine hundred eight,8908,7
8909,eight thousand nine hundred nine,8909,7
8910,ninety times ninety-nine,90 * 99,6
8911,nine thousand one minus ninety,9001 - 90,8
8912,eight thousand nine hundred twelve,8912,7
8913,nine thousand three minus ninety,9003 - 90,8
8914,nine thousand four minus ninety,9004 - 90,8
8915,nine thousand five minus ninety,9005 - 90,8
8916,ninety-four squared plus eighty,94 ² + 80,7
8917,ninety-four squared plus nine squared,94 ² + 9 ²,7
8918,ninety-one times ninety-eight,91 * 98,7
8919,nine thousand minus nine squared,9000 - 9 ²,7
8920,nine thousand minus eighty,9000 - 80,7
8921,eighty-nine squared plus ten cubed,89 ² + 10 ³,7
8922,nine thousand twelve minus ninety,9012 - 90,8
8923,nine thousand four minus nine squared,9004 - 9 ²,8
8924,nine thousand five minus nine squared,9005 - 9 ²,8
8925,ninety-five squared minus ten squared,95 ² - 10 ²,8
8926,ninety-four squared plus ninety,94 ² + 90,7
8927,nine thousand eight minus nine squared,9008 - 9 ²,8
8928,sixty-two times twelve squared,62 * 12 ²,6
8929,nine thousand ten minus nine squared,9010 - 9 ²,8
8930,ninety-four times ninety-five,94 * 95,7
8931,nine thousand twelve minus nine squared,9012 - 9 ²,8
8932,nine thousand twelve minus eighty,9012 - 80,8
8933,sixty-two times twelve squared plus five,62 * 12 ² + 5,8
8934,nine thousand minus sixty-six,9000 - 66,8
8935,ninety-five squared minus ninety,95 ² - 90,8
8936,nine thousand minus four cubed,9000 - 4 ³,7
8937,nine thousand one minus four cubed,9001 - 4 ³,8
8938,nine thousand two minus four cubed,9002 - 4 ³,8
8939,nine thousand three minus four cubed,9003 - 4 ³,8
8940,nine thousand minus sixty,9000 - 60,7
8941,nine thousand five minus four cubed,9005 - 4 ³,8
8942,nine thousand six minus four cubed,9006 - 4 ³,8
8943,nine thousand three minus sixty,9003 - 60,8
8944,ninety-five squared minus nine squared,95 ² - 9 ²,8
8945,ninety-five squared minus eighty,95 ² - 80,8
8946,nine thousand ten minus four cubed,9010 - 4 ³,8
8947,nine thousand minus fifty-three,9000 - 53,8
8948,nine thousand twelve minus four cubed,9012 - 4 ³,8
8949,nine thousand nine minus sixty,9009 - 60,8
8950,nine thousand minus fifty,9000 - 50,7
8951,nine thousand one minus fifty,9001 - 50,8
8952,nine thousand twelve minus sixty,9012 - 60,8
8953,eighty-five squared plus twelve cubed,85 ² + 12 ³,7
8954,nine thousand four minus fifty,9004 - 50,8
8955,nine thousand five minus fifty,9005 - 50,8
8956,nine thousand six minus fifty,9006 - 50,8
8957,fifty-three times thirteen squared,53 * 13 ²,7
8958,nine thousand eight minus fifty,9008 - 50,8
8959,nine thousand nine minus fifty,9009 - 50,8
8960,nine thousand minus forty,9000 - 40,7
8961,ninety-four squared plus five cubed,94 ² + 5 ³,7
8962,nine thousand twelve minus fifty,9012 - 50,8
8963,nine thousand three minus forty,9003 - 40,8
8964,nine thousand minus six squared,9000 - 6 ²,7
8965,ninety-five squared minus sixty,95 ² - 60,8
8966,nine thousand six minus forty,9006 - 40,8
8967,nine thousand three minus six squared,9003 - 6 ²,8
8968,nine thousand eight minus forty,9008 - 40,8
8969,nine thousand nine minus forty,9009 - 40,8
8970,nine thousand minus thirty,9000 - 30,7
8971,nine thousand one minus thirty,9001 - 30,8
8972,nine thousand twelve minus forty,9012 - 40,8
8973,nine thousand minus three cubed,9000 - 3 ³,7
8974,nine thousand ten minus six squared,9010 - 6 ²,8
8975,nine thousand minus five squared,9000 - 5 ²,7
8976,ninety-two squared plus eight cubed,92 ² + 8 ³,7
8977,nine thousand four minus three cubed,9004 - 3 ³,8
8978,eight hundred four thirds squared eighths,(804 / 3) ² / 8,7
8979,nine thousand nine minus thirty,9009 - 30,8
8980,nine thousand minus twenty,9000 - 20,7
8981,nine thousand minus nineteen,9000 - 19,7
8982,nine thousand minus eighteen,9000 - 18,7
8983,nine thousand ten minus three cubed,9010 - 3 ³,8
8984,nine thousand minus four squared,9000 - 4 ²,7
8985,nine thousand minus fifteen,9000 - 15,7
8986,nine thousand minus fourteen,9000 - 14,7
8987,nine thousand minus thirteen,9000 - 13,7
8988,nine thousand minus twelve,9000 - 12,6
8989,nine thousand one minus twelve,9001 - 12,7
8990,nine thousand minus ten,9000 - 10,6
8991,nine thousand minus nine,9000 - 9,6
8992,nine thousand minus eight,9000 - 8,6
8993,nine thousand five minus twelve,9005 - 12,7
8994,nine thousand minus six,9000 - 6,6
8995,nine thousand minus five,9000 - 5,6
8996,nine thousand minus four,9000 - 4,6
8997,nine thousand minus three,9000 - 3,6
8998,nine thousand minus two,9000 - 2,6
8999,nine thousand minus one,9000 - 1,6
9000,nine thousand,9000,3
9001,nine thousand one,9001,4
9002,nine thousand two,9002,4
9003,nine thousand three,9003,4
9004,nine thousand four,9004,4
9005,nine thousand five,9005,4
9006,nine thousand six,9006,4
9007,nine thousand seven,9007,5
9008,nine thousand eight,9008,4
9009,nine thousand nine,9009,4
9010,nine thousand ten,9010,4
9011,nine thousand ten plus one,9010 + 1,6
9012,nine thousand twelve,9012,4
9013,nine thousand thirteen,9013,5
9014,nine thousand fourteen,9014,5
9015,nine thousand fifteen,9015,5
9016,nine thousand sixteen,9016,5
9017,nine thousand twelve plus five,9012 + 5,6
9018,nine thousand eighteen,9018,5
9019,nine thousand nineteen,9019,5
9020,nine thousand twenty,9020,5
9021,nine thousand twelve plus nine,9012 + 9,6
9022,nine thousand twelve plus ten,9012 + 10,6
9023,nine thousand twenty-three,9023,6
9024,three times three thousand eight,3 * 3008,6
9025,ninety-five squared,95 ²,4
9026,ninety-five squared plus one,95 ² + 1,6
9027,nine times one thousand three,9 * 1003,6
9028,ninety-five squared plus three,95 ² + 3,6
9029,ninety-five squared plus four,95 ² + 4,6
9030,nine thousand thirty,9030,5
9031,ninety-five squared plus six,95 ² + 6,6
9032,nine thousand thirty-two,9032,6
9033,ninety-five squared plus eight,95 ² + 8,6
9034,ninety-five squared plus nine,95 ² + 9,6
9035,ninety-five squared plus ten,95 ² + 10,6
9036,nine times one thousand four,9 * 1004,6
9037,ninety-five squared plus twelve,95 ² + 12,6
9038,nine thousand thirty-eight,9038,6
9039,nine thousand thirty-nine,9039,6
9040,nine thousand forty,9040,5
9041,nine thousand forty-one,9041,6
9042,nine thousand forty-two,9042,6
9043,nine thousand forty-three,9043,6
9044,nine thousand forty-four,9044,6
9045,nine times one thousand five,9 * 1005,6
9046,nine thousand forty-six,9046,6
9047,nine thousand forty-seven,9047,7
9048,nine thousand forty-eight,9048,6
9049,nine thousand forty-nine,9049,6
9050,nine thousand fifty,9050,5
9051,nine thousand fifty-one,9051,6
9052,nine thousand fifty-two,9052,6
9053,nine thousand fifty-three,9053,6
9054,nine times one thousand six,9 * 1006,6
9055,nine thousand fifty-five,9055,6
9056,nine thousand fifty-six,9056,6
9057,three times three thousand nineteen,3 * 3019,7
9058,nine thousand fifty-eight,9058,6
9059,nine thousand fifty-nine,9059,6
9060,nine thousand sixty,9060,5
9061,nine thousand sixty-one,9061,6
9062,nine thousand sixty-two,9062,6
9063,nine thousand sixty-three,9063,6
9064,nine thousand plus four cubed,9000 + 4 ³,6
9065,nine thousand sixty-five,9065,6
9066,nine thousand sixty-six,9066,6
9067,nine thousand three plus four cubed,9003 + 4 ³,7
9068,nine thousand sixty-eight,9068,6
9069,nine thousand sixty-nine,9069,6
9070,nine thousand seventy,9070,6
9071,nine thousand seventy-one,9071,7
9072,sixty-three times twelve squared,63 * 12 ²,6
9073,nine thousand nine plus four cubed,9009 + 4 ³,7
9074,nine thousand ten plus four cubed,9010 + 4 ³,7
9075,three times fifty-five squared,3 * 55 ²,6
9076,nine thousand twelve plus four cubed,9012 + 4 ³,7
9077,nine thousand eighty minus three,9080 - 3,8
9078,nine thousand seventy-eight,9078,7
9079,nine thousand seventy-nine,9079,7
9080,nine thousand eighty,9080,5
9081,nine times one thousand nine,9 * 1009,6
9082,nine thousand eighty-two,9082,6
9083,nine thousand eighty-three,9083,6
9084,nine thousand eighty-four,9084,6
9085,nine thousand eighty-five,9085,6
9086,nine thousand eighty-six,9086,6
9087,nine thousand six plus nine squared,9006 + 9 ²,7
9088,nine thousand eighty-eight,9088,6
9089,nine thousand eighty-nine,9089,6
9090,nine thousand ninety,9090,5
9091,nine thousand ninety-one,9091,6
9092,nine thousand ninety-two,9092,6
9093,nine thousand ninety-three,9093,6
9094,nine thousand ninety-four,9094,6
9095,nine thousand ninety-five,9095,6
9096,nine thousand ninety-six,9096,6
9097,nine thousand ninety-seven,9097,7
9098,nine thousand ninety-eight,9098,6
9099,nine thousand ninety-nine,9099,6
9100,ninety-one times ten squared,91 * 10 ²,6
9101,ninety-one thousand ten tenths,91010 / 10,7
9102,nine thousand ninety plus twelve,9090 + 12,7
9103,nine thousand three plus ten squared,9003 + 10 ²,7
9104,nine thousand four plus ten squared,9004 + 10 ²,7
9105,ninety-five squared plus eighty,95 ² + 80,7
9106,ninety-five squared plus nine squared,95 ² + 9 ²,7
9107,nine thousand ninety-nine plus eight,9099 + 8,8
9108,nine times one thousand twelve,9 * 1012,6
9109,nine thousand nine plus ten squared,9009 + 10 ²,7
9110,nine thousand ten plus ten squared,9010 + 10 ²,7
9111,nine times one thousand twelve plus three,9 * 1012 + 3,8
9112,eighty-two thousand eight ninths,82008 / 9,7
9113,thirteen times seven hundred one,13 * 701,8
9114,ninety-three times ninety-eight,93 * 98,7
9115,ninety-five squared plus ninety,95 ² + 90,7
9116,ninety-six squared minus ten squared,96 ² - 10 ²,8
9117,nine times one thousand thirteen,9 * 1013,7
9118,ninety-four times ninety-seven,94 * 97,8
9119,nine thousand nineteen plus ten squared,9019 + 10 ²,8
9120,ten times nine hundred twelve,10 * 912,6
9121,ten times nine hundred twelve plus one,10 * 912 + 1,8
9122,ten times nine hundred twelve plus two,10 * 912 + 2,8
9123,three times three thousand forty-one,3 * 3041,8
9124,eighty-six squared plus twelve cubed,86 ² + 12 ³,7
9125,nine thousand plus five cubed,9000 + 5 ³,6
9126,six times thirty-nine squared,6 * 39 ²,6
9127,nine thousand two plus five cubed,9002 + 5 ³,7
9128,nine thousand three plus five cubed,9003 + 5 ³,7
9129,nine thousand four plus five cubed,9004 + 5 ³,7
9130,ten times nine hundred thirteen,10 * 913,7
9131,nine thousand six plus five cubed,9006 + 5 ³,7
9132,three times three thousand forty-four,3 * 3044,8
9133,nine thousand eight plus five cubed,9008 + 5 ³,7
9134,nine thousand nine plus five cubed,9009 + 5 ³,7
9135,fifteen times six hundred nine,15 * 609,7
9136,twenty-one cubed minus five cubed,21 ³ - 5 ³,8
9137,nine thousand twelve plus five cubed,9012 + 5 ³,7
9138,three times three thousand forty-six,3 * 3046,8
9139,thirteen times seven hundred three,13 * 703,8
9140,ten times nine hundred fourteen,10 * 914,7
9141,nine thousand sixty plus nine squared,9060 + 9 ²,8
9142,nine thousand plus twelve squared minus two,9000 + 12 ² - 2,9
9143,sixty-four thousand one sevenths,64001 / 7,8
9144,nine thousand plus twelve squared,9000 + 12 ²,6
9145,nine thousand one plus twelve squared,9001 + 12 ²,7
9146,nine thousand two plus twelve squared,9002 + 12 ²,7
9147,nine thousand three plus twelve squared,9003 + 12 ²,7
9148,nine thousand four plus twelve squared,9004 + 12 ²,7
9149,nine thousand five plus twelve squared,9005 + 12 ²,7
9150,thirty times three hundred five,30 * 305,7
9151,nine thousand seven plus twelve squared,9007 + 12 ²,8
9152,nine thousand eight plus twelve squared,9008 + 12 ²,7
9153,nine thousand nine plus twelve squared,9009 + 12 ²,7
9154,nine thousand ten plus twelve squared,9010 + 12 ²,7
9155,nine thousand thirty plus five cubed,9030 + 5 ³,8
9156,nine thousand twelve plus twelve squared,9012 + 12 ²,7
9157,nine thousand thirteen plus twelve squared,9013 + 12 ²,8
9158,nine thousand fourteen plus twelve squared,9014 + 12 ²,8
9159,three times three thousand fifty-three,3 * 3053,8
9160,ten times nine hundred sixteen,10 * 916,7
9161,ninety-three squared plus eight cubed,93 ² + 8 ³,7
9162,eighteen times five hundred nine,18 * 509,7
9163,nine thousand nineteen plus twelve squared,9019 + 12 ²,8
9164,nine thousand twenty plus twelve squared,9020 + 12 ²,8
9165,thirteen times seven hundred five,13 * 705,8
9166,ninety-six squared minus fifty,96 ² - 50,8
9167,fifty-five thousand two sixths,55002 / 6,7
9168,fifty-five thousand eight sixths,55008 / 6,7
9169,ninety-five squared plus twelve squared,95 ² + 12 ²,7
9170,ten times nine hundred seventeen,10 * 917,8
9171,nine times one thousand nineteen,9 * 1019,7
9172,nine thousand three plus thirteen squared,9003 + 13 ²,8
9173,nine thousand four plus thirteen squared,9004 + 13 ²,8
9174,three times three thousand fifty-eight,3 * 3058,8
9175,nine thousand fifty plus five cubed,9050 + 5 ³,8
9176,ninety-six squared minus forty,96 ² - 40,8
9177,three times three thousand fifty-nine,3 * 3059,8
9178,thirteen times seven hundred six,13 * 706,8
9179,nine thousand ten plus thirteen squared,9010 + 13 ²,8
9180,eighty-five times six cubed halves,85 * 6 ³ / 2,7
9181,twenty-one cubed minus eighty,21 ³ - 80,8
9182,fifty-five thousand ninety-two sixths,55092 / 6,9
9183,three times three thousand sixty-one,3 * 3061,8
9184,eighty-two times eight times fourteen,82 * 8 * 14,8
9185,nine thousand sixty plus five cubed,9060 + 5 ³,8
9186,ninety-six squared minus thirty,96 ² - 30,8
9187,ninety-six squared minus twenty-nine,96 ² - 29,9
9188,ninety-two times ten squared minus twelve,92 * 10 ² - 12,9
9189,ninety-six squared minus three cubed,96 ² - 3 ³,8
9190,ten times nine hundred nineteen,10 * 919,7
9191,ninety-six squared minus five squared,96 ² - 5 ²,8
9192,nine thousand plus twelve cubed ninths,9000 + 12 ³ / 9,7
9193,ninety-two squared plus nine cubed,92 ² + 9 ³,7
9194,nine thousand fifty plus twelve squared,9050 + 12 ²,8
9195,fifteen times six hundred thirteen,15 * 613,8
9196,nineteen times twenty-two squared,19 * 22 ²,7
9197,twenty-one cubed minus four cubed,21 ³ - 4 ³,8
9198,ninety-six squared minus eighteen,96 ² - 18,8
9199,nine thousand three plus fourteen squared,9003 + 14 ²,8
9200,ninety-two times ten squared,92 * 10 ²,6
9201,ninety-two thousand ten tenths,92010 / 10,7
9202,forty-six thousand ten fifths,46010 / 5,7
9203,nine thousand two hundred three,9203,7
9204,ninety-six squared minus twelve,96 ² - 12,7
9205,nine thousand two hundred five,9205,7
9206,ninety-six squared minus ten,96 ² - 10,7
9207,ninety-six squared minus nine,96 ² - 9,7
9208,ninety-six squared minus eight,96 ² - 8,7
9209,nine thousand two hundred nine,9209,7
9210,ninety-six squared minus six,96 ² - 6,7
9211,ninety-six squared minus five,96 ² - 5,7
9212,ninety-six squared minus four,96 ² - 4,7
9213,ninety-six squared minus three,96 ² - 3,7
9214,ninety-six squared minus two,96 ² - 2,7
9215,ninety-six squared minus one,96 ² - 1,7
9216,ninety-six squared,96 ²,4
9217,ninety-six squared plus one,96 ² + 1,6
9218,ninety-six squared plus two,96 ² + 2,6
9219,ninety-six squared plus three,96 ² + 3,6
9220,ninety-six squared plus four,96 ² + 4,6
9221,ninety-six squared plus five,96 ² + 5,6
9222,ninety-six squared plus six,96 ² + 6,6
9223,ninety-six squared plus seven,96 ² + 7,7
9224,ninety-six squared plus eight,96 ² + 8,6
9225,ninety-six squared plus nine,96 ² + 9,6
9226,ninety-six squared plus ten,96 ² + 10,6
9227,ninety-six squared plus ten plus one,96 ² + 10 + 1,8
9228,ninety-six squared plus twelve,96 ² + 12,6
9229,ninety-six squared plus thirteen,96 ² + 13,7
9230,ninety-six squared plus fourteen,96 ² + 14,7
9231,ninety-six squared plus fifteen,96 ² + 15,7
9232,ninety-six squared plus four squared,96 ² + 4 ²,7
9233,ninety-six squared plus twelve plus five,96 ² + 12 + 5,8
9234,thirty-eight times nine cubed thirds,38 * 9 ³ / 3,7
9235,ninety-six squared plus nineteen,96 ² + 19,7
9236,ninety-six squared plus twenty,96 ² + 20,7
9237,ninety-six squared plus twelve plus nine,96 ² + 12 + 9,8
9238,ninety-six squared plus twelve plus ten,96 ² + 12 + 10,8
9239,ninety-six squared plus twenty-three,96 ² + 23,8
9240,thirty times three hundred eight,30 * 308,7
9241,ninety-six squared plus five squared,96 ² + 5 ²,7
9242,twenty-one cubed minus nineteen,21 ³ - 19,8
9243,ninety-six squared plus three cubed,96 ² + 3 ³,7
9244,ninety-six squared plus twenty-eight,96 ² + 28,8
9245,five times forty-three squared,5 * 43 ²,6
9246,ninety-six squared plus thirty,96 ² + 30,7
9247,twenty-one cubed minus fourteen,21 ³ - 14,8
9248,eight times thirty-four squared,8 * 34 ²,6
9249,twenty-one cubed minus twelve,21 ³ - 12,7
9250,seventy-four times five cubed,74 * 5 ³,7
9251,twenty-one cubed minus ten,21 ³ - 10,7
9252,twenty-one cubed minus nine,21 ³ - 9,7
9253,twenty-one cubed minus eight,21 ³ - 8,7
9254,twenty-one cubed minus seven,21 ³ - 7,8
9255,twenty-one cubed minus six,21 ³ - 6,7
9256,twenty-one cubed minus five,21 ³ - 5,7
9257,twenty-one cubed minus four,21 ³ - 4,7
9258,twenty-one cubed minus three,21 ³ - 3,7
9259,twenty-one cubed minus two,21 ³ - 2,7
9260,twenty-one cubed minus one,21 ³ - 1,7
9261,twenty-one cubed,21 ³,4
9262,twenty-one cubed plus one,21 ³ + 1,6
9263,twenty-one cubed plus two,21 ³ + 2,6
9264,twenty-one cubed plus three,21 ³ + 3,6
9265,twenty-one cubed plus four,21 ³ + 4,6
9266,twenty-one cubed plus five,21 ³ + 5,6
9267,twenty-one cubed plus six,21 ³ + 6,6
9268,twenty-one cubed plus seven,21 ³ + 7,7
9269,twenty-one cubed plus eight,21 ³ + 8,6
9270,twenty-one cubed plus nine,21 ³ + 9,6
9271,twenty-one cubed plus ten,21 ³ + 10,6
9272,ten thousand one minus nine cubed,10001 - 9 ³,8
9273,twenty-one cubed plus twelve,21 ³ + 12,6
9274,twenty-one cubed plus thirteen,21 ³ + 13,7
9275,twenty-one cubed plus fourteen,21 ³ + 14,7
9276,twenty-one cubed plus fifteen,21 ³ + 15,7
9277,twenty-one cubed plus four squared,21 ³ + 4 ²,7
9278,twenty-one cubed plus twelve plus five,21 ³ + 12 + 5,8
9279,twenty-one cubed plus eighteen,21 ³ + 18,7
9280,twenty-one cubed plus nineteen,21 ³ + 19,7
9281,twenty-one cubed plus twenty,21 ³ + 20,7
9282,ninety-one times one hundred two,91 * 102,8
9283,ten thousand twelve minus nine cubed,10012 - 9 ³,8
9284,twenty-one cubed plus twenty-three,21 ³ + 23,8
9285,fifteen times six hundred nineteen,15 * 619,8
9286,twenty-one cubed plus five squared,21 ³ + 5 ²,7
9287,sixty-five thousand nine sevenths,65009 / 7,8
9288,forty-three times six cubed,43 * 6 ³,6
9289,ninety-nine squared minus eight cubed,99 ² - 8 ³,8
9290,ten times nine hundred twenty-nine,10 * 929,8
9291,twenty-one cubed plus thirty,21 ³ + 30,7
9292,ninety-two times one hundred one,92 * 101,8
9293,forty-three times six cubed plus five,43 * 6 ³ + 5,8
9294,three times three thousand ninety-eight,3 * 3098,8
9295,fifty-five times thirteen squared,55 * 13 ²,7
9296,ninety-six squared plus eighty,96 ² + 80,7
9297,twenty-one cubed plus six squared,21 ³ + 6 ²,7
9298,forty-three times six cubed plus ten,43 * 6 ³ + 10,8
9299,twenty-one cubed plus thirty-eight,21 ³ + 38,8
9300,ninety-three times ten squared,93 * 10 ²,6
9301,ninety-three thousand ten tenths,93010 / 10,7
9302,nine thousand three hundred two,9302,7
9303,nine thousand three hundred three,9303,7
9304,nine thousand three hundred four,9304,7
9305,nine squared squared plus fourteen cubed,(9 ²) ² + 14 ³,7
9306,ninety-four times ninety-nine,94 * 99,7
9307,twenty-one cubed plus forty-six,21 ³ + 46,8
9308,nine thousand three hundred eight,9308,7
9309,nine thousand three hundred nine,9309,7
9310,ninety-five times ninety-eight,95 * 98,7
9311,twenty-one cubed plus fifty,21 ³ + 50,7
9312,nine thousand three hundred twelve,9312,7
9313,twenty-one cubed plus fifty-two,21 ³ + 52,8
9314,twenty-one cubed plus fifty-three,21 ³ + 53,8
9315,sixty-nine times nine times fifteen,69 * 9 * 15,8
9316,ninety-six squared plus ten squared,96 ² + 10 ²,7
9317,seven times eleven cubed,7 * 11 ³,7
9318,nine thousand three hundred eighteen,9318,8
9319,twenty-one cubed plus fifty-eight,21 ³ + 58,8
9320,ten times nine hundred thirty-two,10 * 932,8
9321,twenty-one cubed plus sixty,21 ³ + 60,7
9322,twenty-one cubed plus sixty-one,21 ³ + 61,8
9323,twenty-one cubed plus sixty-two,21 ³ + 62,8
9324,nine thousand plus eighteen squared,9000 + 18 ²,7
9325,twenty-one cubed plus four cubed,21 ³ + 4 ³,7
9326,twenty-one cubed plus sixty-five,21 ³ + 65,8
9327,twenty-one cubed plus sixty-six,21 ³ + 66,8
9328,eighty-eight times one hundred six,88 * 106,8
9329,twenty-one cubed plus sixty-eight,21 ³ + 68,8
9330,ten times nine hundred thirty-three,10 * 933,8
9331,thirty-one times three hundred one,31 * 301,8
9332,nine thousand eight plus eighteen squared,9008 + 18 ²,8
9333,twenty-one cubed plus six cubed thirds,21 ³ + 6 ³ / 3,8
9334,eighty-four thousand six ninths,84006 / 9,7
9335,fifty-six thousand ten sixths,56010 / 6,7
9336,twenty-eight thousand eight thirds,28008 / 3,7
9337,eighty-four thousand thirty-three ninths,84033 / 9,9
9338,twenty-eight thousand fourteen thirds,28014 / 3,8
9339,eighty-four thousand fifty-one ninths,84051 / 9,9
9340,ten times nine hundred thirty-four,10 * 934,8
9341,twenty-one cubed plus eighty,21 ³ + 80,7
9342,twenty-one cubed plus nine squared,21 ³ + 9 ²,7
9343,nine thousand plus seven cubed,9000 + 7 ³,7
9344,seventy-three times eight cubed fourths,73 * 8 ³ / 4,8
9345,eighty-nine times one hundred five,89 * 105,8
9346,twenty-one cubed plus eighty-five,21 ³ + 85,8
9347,twenty-one cubed plus eighty-six,21 ³ + 86,8
9348,ninety-four squared plus eight cubed,94 ² + 8 ³,7
9349,twenty-one cubed plus eighty-eight,21 ³ + 88,8
9350,eighty-five times one hundred ten,85 * 110,8
9351,twenty-one cubed plus ninety,21 ³ + 90,7
9352,fourteen times six thousand twelve ninths,14 * 6012 / 9,8
9353,twenty-one cubed plus ninety-two,21 ³ + 92,8
9354,twenty-one cubed plus ninety-three,21 ³ + 93,8
9355,twenty-one cubed plus ninety-four,21 ³ + 94,8
9356,twenty-one cubed plus ninety-five,21 ³ + 95,8
9357,twenty-one cubed plus eight times twelve,21 ³ + 8 * 12,8
9358,sixty-five times twelve squared minus two,65 * 12 ² - 2,9
9359,nineteen cubed plus fifty squared,19 ³ + 50 ²,7
9360,sixty-five times twelve squared,65 * 12 ²,6
9361,twenty-one cubed plus ten squared,21 ³ + 10 ²,7
9362,thirty-one times three hundred two,31 * 302,8
9363,sixty-five times twelve squared plus three,65 * 12 ² + 3,8
9364,sixty-five times twelve squared plus four,65 * 12 ² + 4,8
9365,sixty-five times twelve squared plus five,65 * 12 ² + 5,8
9366,sixty-five times twelve squared plus six,65 * 12 ² + 6,8
9367,nine thousand six plus nineteen squared,9006 + 19 ²,8
9368,twelve squared squared halves minus ten cubed,(12 ²) ² / 2 - 10 ³,8
9369,five times twelve cubed plus nine cubed,5 * 12 ³ + 9 ³,7
9370,sixty-five times twelve squared plus ten,65 * 12 ² + 10,8
9371,nine thousand ten plus nineteen squared,9010 + 19 ²,8
9372,sixty-five times twelve squared plus twelve,65 * 12 ² + 12,8
9373,ninety-one times one hundred three,91 * 103,8
9374,eighty-six times one hundred nine,86 * 109,8
9375,fifteen times five squared squared,15 * (5 ²) ²,6
9376,seventy-five thousand eight eighths,75008 / 8,8
9377,fifteen times five squared squared plus two,15 * (5 ²) ² + 2,8
9378,ninety-three squared plus nine cubed,93 ² + 9 ³,7
9379,fifteen times five squared squared plus four,15 * (5 ²) ² + 4,8
9380,fourteen times two thousand ten thirds,14 * 2010 / 3,8
9381,fifteen times five squared squared plus six,15 * (5 ²) ² + 6,8
9382,ninety-seven squared minus three cubed,97 ² - 3 ³,9
9383,fifteen times five squared squared plus eight,15 * (5 ²) ² + 8,8
9384,ninety-two times one hundred two,92 * 102,8
9385,fifteen times five squared squared plus ten,15 * (5 ²) ² + 10,8
9386,twenty-six times nineteen squared,26 * 19 ²,7
9387,nine times one thousand forty-three,9 * 1043,8
9388,ninety-eight squared minus six cubed,98 ² - 6 ³,8
9389,twenty-one cubed plus eight cubed fourths,21 ³ + 8 ³ / 4,8
9390,thirty times three hundred thirteen,30 * 313,8
9391,ninety-four times ten squared minus nine,94 * 10 ² - 9,9
9392,ninety-four times ten squared minus eight,94 * 10 ² - 8,9
9393,ninety-three times one hundred one,93 * 101,8
9394,ninety-four times ten squared minus six,94 * 10 ² - 6,9
9395,ninety-four times ten squared minus five,94 * 10 ² - 5,9
9396,twenty-nine times eighteen squared,29 * 18 ²,7
9397,ninety-seven squared minus twelve,97 ² - 12,8
9398,twelve times twenty-eight squared minus ten,12 * 28 ² - 10,9
9399,ninety-seven squared minus ten,97 ² - 10,8
9400,ninety-four times ten squared,94 * 10 ²,6
9401,ninety-four thousand ten tenths,94010 / 10,7
9402,nine thousand four hundred two,9402,7
9403,nine thousand four hundred three,9403,7
9404,nine thousand four hundred four,9404,7
9405,ninety-five times ninety-nine,95 * 99,7
9406,nine thousand four hundred six,9406,7
9407,ninety-seven squared minus two,97 ² - 2,8
9408,twelve times twenty-eight squared,12 * 28 ²,6
9409,ninety-seven squared,97 ²,5
9410,ninety-seven squared plus one,97 ² + 1,7
9411,ninety-seven squared plus two,97 ² + 2,7
9412,ninety-seven squared plus three,97 ² + 3,7
9413,ninety-seven squared plus four,97 ² + 4,7
9414,ninety-seven squared plus five,97 ² + 5,7
9415,ninety-seven squared plus six,97 ² + 6,7
9416,twelve times twenty-eight squared plus eight,12 * 28 ² + 8,8
9417,ninety-seven squared plus eight,97 ² + 8,7
9418,ninety-seven squared plus nine,97 ² + 9,7
9419,ninety-seven squared plus ten,97 ² + 10,7
9420,thirty times three hundred fourteen,30 * 314,8
9421,ninety-seven squared plus twelve,97 ² + 12,7
9422,ninety-seven squared plus thirteen,97 ² + 13,8
9423,ninety-seven squared plus fourteen,97 ² + 14,8
9424,ten squared squared minus twelve cubed thirds,(10 ²) ² - 12 ³ / 3,8
9425,ninety-seven squared plus four squared,97 ² + 4 ²,8
9426,ten thousand two minus twelve cubed thirds,10002 - 12 ³ / 3,9
9427,ninety-seven squared plus eighteen,97 ² + 18,8
9428,ninety-seven squared plus nineteen,97 ² + 19,8
9429,sixty-six thousand three sevenths,66003 / 7,8
9430,sixty-six thousand ten sevenths,66010 / 7,8
9431,ninety squared plus eleven cubed,90 ² + 11 ³,8
9432,ninety-six squared plus six cubed,96 ² + 6 ³,7
9433,nine thousand one plus twelve cubed fourths,9001 + 12 ³ / 4,8
9434,eighty-nine times one hundred six,89 * 106,8
9435,nine thousand three plus twelve cubed fourths,9003 + 12 ³ / 4,8
9436,ninety-seven squared plus three cubed,97 ² + 3 ³,8
9437,nine thousand five plus twelve cubed fourths,9005 + 12 ³ / 4,8
9438,thirteen times sixty-six squared sixths,13 * 66 ² / 6,8
9439,ninety-seven squared plus thirty,97 ² + 30,8
9440,fifty-nine times forty squared tenths,59 * 40 ² / 10,8
9441,nine times one thousand forty-nine,9 * 1049,8
9442,nine thousand ten plus twelve cubed fourths,9010 + 12 ³ / 4,8
9443,ninety-seven squared plus thirty-four,97 ² + 34,9
9444,nine thousand twelve plus twelve cubed fourths,9012 + 12 ³ / 4,8
9445,eighty-five thousand five ninths,85005 / 9,7
9446,eighty-five thousand fourteen ninths,85014 / 9,8
9447,eighty-five thousand twenty-three ninths,85023 / 9,9
9448,eighty-five thousand thirty-two ninths,85032 / 9,9
9449,ninety-seven squared plus forty,97 ² + 40,8
9450,forty-two times fifteen squared,42 * 15 ²,7
9451,nineteen cubed plus twelve squared squared eighths,19 ³ + (12 ²) ² / 8,8
9452,eighty-five thousand sixty-eight ninths,85068 / 9,9
9453,twenty-one cubed plus twelve cubed ninths,21 ³ + 12 ³ / 9,8
9454,eighty-five thousand eighty-six ninths,85086 / 9,9
9455,thirty-one times three hundred five,31 * 305,8
9456,six thousand plus twelve squared squared sixths,6000 + (12 ²) ² / 6,8
9457,twenty-one cubed plus fourteen squared,21 ³ + 14 ²,8
9458,twenty cubed plus eighteen cubed fourths,20 ³ + 18 ³ / 4,8
9459,nine times one thousand fifty-one,9 * 1051,8
9460,ninety-eight squared minus twelve squared,98 ² - 12 ²,8
9461,twenty-one cubed plus ten cubed fifths,21 ³ + 10 ³ / 5,8
9462,eighty-three times six times nineteen,83 * 6 * 19,8
9463,thirteen times nine cubed minus fourteen,13 * 9 ³ - 14,9
9464,fifty-six times thirteen squared,56 * 13 ²,7
9465,thirteen times nine cubed minus twelve,13 * 9 ³ - 12,8
9466,ninety-six squared plus ten cubed fourths,96 ² + 10 ³ / 4,8
9467,thirteen times nine cubed minus ten,13 * 9 ³ - 10,8
9468,thirteen times nine cubed minus nine,13 * 9 ³ - 9,8
9469,thirteen times nine cubed minus eight,13 * 9 ³ - 8,8
9470,nineteen thousand halves minus thirty,19000 / 2 - 30,9
9471,thirteen times nine cubed minus six,13 * 9 ³ - 6,8
9472,eighty-eight squared plus twelve cubed,88 ² + 12 ³,7
9473,thirteen times nine cubed minus four,13 * 9 ³ - 4,8
9474,thirteen times nine cubed minus three,13 * 9 ³ - 3,8
9475,thirteen times nine cubed minus two,13 * 9 ³ - 2,8
9476,thirteen times nine cubed minus one,13 * 9 ³ - 1,8
9477,thirteen times nine cubed,13 * 9 ³,5
9478,thirteen times nine cubed plus one,13 * 9 ³ + 1,7
9479,thirteen times nine cubed plus two,13 * 9 ³ + 2,7
9480,thirteen times nine cubed plus three,13 * 9 ³ + 3,7
9481,thirteen times nine cubed plus four,13 * 9 ³ + 4,7
9482,thirteen times nine cubed plus five,13 * 9 ³ + 5,7
9483,thirteen times nine cubed plus six,13 * 9 ³ + 6,7
9484,thirteen times nine cubed plus seven,13 * 9 ³ + 7,8
9485,thirteen times nine cubed plus eight,13 * 9 ³ + 8,7
9486,thirteen times nine cubed plus nine,13 * 9 ³ + 9,7
9487,thirteen times nine cubed plus ten,13 * 9 ³ + 10,7
9488,ten squared squared minus eight cubed,(10 ²) ² - 8 ³,7
9489,thirteen times nine cubed plus twelve,13 * 9 ³ + 12,7
9490,nineteen thousand halves minus ten,19000 / 2 - 10,8
9491,nineteen thousand halves minus nine,19000 / 2 - 9,8
9492,nineteen thousand halves minus eight,19000 / 2 - 8,8
9493,ten thousand five minus eight cubed,10005 - 8 ³,8
9494,nineteen thousand halves minus six,19000 / 2 - 6,8
9495,nineteen thousand halves minus five,19000 / 2 - 5,8
9496,nineteen thousand halves minus four,19000 / 2 - 4,8
9497,nineteen thousand halves minus three,19000 / 2 - 3,8
9498,nineteen thousand halves minus two,19000 / 2 - 2,8
9499,nineteen thousand halves minus one,19000 / 2 - 1,8
9500,nineteen thousand halves,19000 / 2,5
9501,nineteen thousand two halves,19002 / 2,6
9502,nineteen thousand four halves,19004 / 2,6
9503,nineteen thousand six halves,19006 / 2,6
9504,nineteen thousand eight halves,19008 / 2,6
9505,nineteen thousand ten halves,19010 / 2,6
9506,nineteen thousand twelve halves,19012 / 2,6
9507,nineteen thousand fourteen halves,19014 / 2,7
9508,nineteen thousand sixteen halves,19016 / 2,7
9509,nineteen thousand eighteen halves,19018 / 2,7
9510,nineteen thousand twenty halves,19020 / 2,7
9511,nineteen thousand twenty-two halves,19022 / 2,8
9512,nine thousand plus eight cubed,9000 + 8 ³,6
9513,nine thousand one plus eight cubed,9001 + 8 ³,7
9514,nine thousand two plus eight cubed,9002 + 8 ³,7
9515,nineteen thousand thirty halves,19030 / 2,7
9516,nine thousand four plus eight cubed,9004 + 8 ³,7
9517,nine thousand five plus eight cubed,9005 + 8 ³,7
9518,nine thousand six plus eight cubed,9006 + 8 ³,7
9519,nineteen times five hundred one,19 * 501,7
9520,nineteen thousand forty halves,19040 / 2,7
9521,nine thousand nine plus eight cubed,9009 + 8 ³,7
9522,two times sixty-nine squared,2 * 69 ²,6
9523,nineteen thousand forty-six halves,19046 / 2,8
9524,nine thousand twelve plus eight cubed,9012 + 8 ³,7
9525,nineteen thousand fifty halves,19050 / 2,7
9526,nineteen thousand fifty-two halves,19052 / 2,8
9527,nineteen thousand fifty-four halves,19054 / 2,8
9528,nineteen thousand fifty-six halves,19056 / 2,8
9529,nineteen thousand fifty-eight halves,19058 / 2,8
9530,nineteen thousand sixty halves,19060 / 2,7
9531,nineteen thousand sixty-two halves,19062 / 2,8
9532,nineteen thousand sixty-four halves,19064 / 2,8
9533,nineteen thousand sixty-six halves,19066 / 2,8
9534,nineteen thousand sixty-eight halves,19068 / 2,8
9535,nineteen thousand seventy halves,19070 / 2,8
9536,nineteen thousand halves plus six squared,19000 / 2 + 6 ²,8
9537,ninety-five squared plus eight cubed,95 ² + 8 ³,7
9538,nineteen times five hundred two,19 * 502,7
9539,nineteen thousand seventy-eight halves,19078 / 2,9
9540,nineteen thousand eighty halves,19080 / 2,7
9541,nineteen thousand eighty-two halves,19082 / 2,8
9542,nineteen thousand eighty-four halves,19084 / 2,8
9543,nineteen thousand eighty-six halves,19086 / 2,8
9544,nineteen thousand eighty-eight halves,19088 / 2,8
9545,nineteen thousand ninety halves,19090 / 2,7
9546,nineteen thousand ninety-two halves,19092 / 2,8
9547,nineteen thousand ninety-four halves,19094 / 2,8
9548,nineteen thousand ninety-six halves,19096 / 2,8
9549,nineteen thousand ninety-eight halves,19098 / 2,8
9550,nineteen thousand one hundred halves,19100 / 2,8
9551,nineteen thousand one hundred two halves,19102 / 2,9
9552,nine thousand forty plus eight cubed,9040 + 8 ³,8
9553,ninety-seven squared plus twelve squared,97 ² + 12 ²,8
9554,ninety-eight squared minus fifty,98 ² - 50,8
9555,ninety-one times one hundred five,91 * 105,8
9556,eighty-six thousand four ninths,86004 / 9,7
9557,nineteen times five hundred three,19 * 503,7
9558,fifty-nine times six squared squared eighths,59 * (6 ²) ² / 8,8
9559,ninety-six squared plus seven cubed,96 ² + 7 ³,8
9560,ten times nine hundred fifty-six,10 * 956,8
9561,nine squared squared plus three thousand,(9 ²) ² + 3000,7
9562,nine thousand fifty plus eight cubed,9050 + 8 ³,8
9563,nineteen cubed plus fifty-two squared,19 ³ + 52 ²,8
9564,ninety-eight squared minus forty,98 ² - 40,8
9565,ninety-four squared plus nine cubed,94 ² + 9 ³,7
9566,nine squared squared plus three thousand five,(9 ²) ² + 3005,8
9567,nine times one thousand sixty-three,9 * 1063,8
9568,ninety-eight squared minus six squared,98 ² - 6 ²,8
9569,nine squared squared plus three thousand eight,(9 ²) ² + 3008,8
9570,thirty times three hundred nineteen,30 * 319,8
9571,nine squared squared plus three thousand ten,(9 ²) ² + 3010,8
9572,nine thousand sixty plus eight cubed,9060 + 8 ³,8
9573,nine squared squared plus three thousand twelve,(9 ²) ² + 3012,8
9574,ninety-eight squared minus thirty,98 ² - 30,8
9575,thirty-five cubed fifths plus ten cubed,35 ³ / 5 + 10 ³,8
9576,nineteen times five hundred four,19 * 504,7
9577,ninety-eight squared minus three cubed,98 ² - 3 ³,8
9578,nine thousand two plus twelve cubed thirds,9002 + 12 ³ / 3,8
9579,ninety-eight squared minus five squared,98 ² - 5 ²,8
9580,ten times nine hundred fifty-eight,10 * 958,8
9581,nineteen thousand halves plus nine squared,19000 / 2 + 9 ²,8
9582,nine thousand six plus twelve cubed thirds,9006 + 12 ³ / 3,8
9583,seven times thirty-seven squared,7 * 37 ²,8
9584,ninety-eight squared minus twenty,98 ² - 20,8
9585,ninety-nine squared minus six cubed,99 ² - 6 ³,8
9586,ninety-eight squared minus eighteen,98 ² - 18,8
9587,twelve times eight hundred minus thirteen,12 * 800 - 13,9
9588,twelve times eight hundred minus twelve,12 * 800 - 12,8
9589,ninety-eight squared minus fifteen,98 ² - 15,8
9590,twelve times eight hundred minus ten,12 * 800 - 10,8
9591,twelve times eight hundred minus nine,12 * 800 - 9,8
9592,ninety-eight squared minus twelve,98 ² - 12,7
9593,eighty-six squared plus thirteen cubed,86 ² + 13 ³,8
9594,ninety-eight squared minus ten,98 ² - 10,7
9595,ninety-eight squared minus nine,98 ² - 9,7
9596,ninety-eight squared minus eight,98 ² - 8,7
9597,twelve times eight hundred minus three,12 * 800 - 3,8
9598,ninety-eight squared minus six,98 ² - 6,7
9599,ninety-eight squared minus five,98 ² - 5,7
9600,twelve times eight hundred,12 * 800,5
9601,ninety-six thousand ten tenths,96010 / 10,7
9602,forty-eight thousand ten fifths,48010 / 5,7
9603,ninety-eight squared minus one,98 ² - 1,7
9604,ninety-eight squared,98 ²,4
9605,ninety-eight squared plus one,98 ² + 1,6
9606,ninety-eight squared plus two,98 ² + 2,6
9607,ninety-eight squared plus three,98 ² + 3,6
9608,ninety-eight squared plus four,98 ² + 4,6
9609,ninety-eight squared plus five,98 ² + 5,6
9610,three hundred ten squared tenths,310 ² / 10,6
9611,ninety-eight squared plus seven,98 ² + 7,7
9612,twelve times eight hundred one,12 * 801,6
9613,ninety-eight squared plus nine,98 ² + 9,6
9614,ninety-eight squared plus ten,98 ² + 10,6
9615,ninety-eight squared plus ten plus one,98 ² + 10 + 1,8
9616,ninety-eight squared plus twelve,98 ² + 12,6
9617,ninety-eight squared plus thirteen,98 ² + 13,7
9618,ninety-eight squared plus fourteen,98 ² + 14,7
9619,ninety-eight squared plus fifteen,98 ² + 15,7
9620,ninety-eight squared plus four squared,98 ² + 4 ²,7
9621,nine times one thousand sixty-nine,9 * 1069,8
9622,ninety-eight squared plus eighteen,98 ² + 18,7
9623,ninety-eight squared plus nineteen,98 ² + 19,7
9624,twelve times eight hundred two,12 * 802,6
9625,nine thousand plus five squared squared,9000 + (5 ²) ²,7
9626,twelve times eight hundred two plus two,12 * 802 + 2,8
9627,twelve times eight hundred two plus three,12 * 802 + 3,8
9628,twelve times eight hundred two plus four,12 * 802 + 4,8
9629,ninety-eight squared plus five squared,98 ² + 5 ²,7
9630,ninety times one hundred seven,90 * 107,8
9631,ninety-eight squared plus three cubed,98 ² + 3 ³,7
9632,four squared times six hundred two,4 ² * 602,7
9633,three times nineteen times thirteen squared,3 * 19 * 13 ²,8
9634,ninety-eight squared plus thirty,98 ² + 30,7
9635,ninety-eight squared plus thirty-one,98 ² + 31,8
9636,twelve times eight hundred three,12 * 803,6
9637,twelve times eight hundred three plus one,12 * 803 + 1,8
9638,twelve times eight hundred three plus two,12 * 803 + 2,8
9639,twelve squared squared halves minus nine cubed,(12 ²) ² / 2 - 9 ³,8
9640,ninety-eight squared plus six squared,98 ² + 6 ²,7
9641,twelve times eight hundred three plus five,12 * 803 + 5,8
9642,twelve times eight hundred three plus six,12 * 803 + 6,8
9643,ninety-eight squared plus thirty-nine,98 ² + 39,8
9644,ninety-eight squared plus forty,98 ² + 40,7
9645,twelve times eight hundred three plus nine,12 * 803 + 9,8
9646,ninety-one times one hundred six,91 * 106,8
9647,ninety-eight squared plus forty-three,98 ² + 43,8
9648,twelve times eight hundred four,12 * 804,6
9649,ninety-three squared plus ten cubed,93 ² + 10 ³,7
9650,nineteen thousand three hundred halves,19300 / 2,8
9651,twelve times eight hundred four plus three,12 * 804 + 3,8
9652,nineteen times five hundred eight,19 * 508,7
9653,twelve times eight hundred four plus five,12 * 804 + 5,8
9654,ninety-eight squared plus fifty,98 ² + 50,7
9655,ninety-eight squared plus fifty-one,98 ² + 51,8
9656,twelve times eight hundred four plus eight,12 * 804 + 8,8
9657,ninety-nine squared minus twelve squared,99 ² - 12 ²,8
9658,twelve times eight hundred four plus ten,12 * 804 + 10,8
9659,ninety-eight squared plus fifty-five,98 ² + 55,8
9660,twelve times eight hundred five,12 * 805,6
9661,twelve times eight hundred five plus one,12 * 805 + 1,8
9662,twelve times eight hundred five plus two,12 * 805 + 2,8
9663,twelve times eight hundred five plus three,12 * 805 + 3,8
9664,four squared times six hundred four,4 ² * 604,7
9665,twelve times eight hundred five plus five,12 * 805 + 5,8
9666,twelve times eight hundred five plus six,12 * 805 + 6,8
9667,fifty-eight thousand two sixths,58002 / 6,7
9668,fifty-eight thousand eight sixths,58008 / 6,7
9669,fifty-eight thousand fourteen sixths,58014 / 6,8
9670,twenty-nine thousand ten thirds,29010 / 3,7
9671,nineteen times five hundred nine,19 * 509,7
9672,twelve times eight hundred six,12 * 806,6
9673,twenty-nine thousand nineteen thirds,29019 / 3,8
9674,twelve times eight hundred six plus two,12 * 806 + 2,8
9675,forty-three times fifteen squared,43 * 15 ²,7
9676,ninety-nine squared minus five cubed,99 ² - 5 ³,8
9677,twelve times eight hundred six plus five,12 * 806 + 5,8
9678,twelve times eight hundred six plus six,12 * 806 + 6,8
9679,five times forty-four squared minus one,5 * 44 ² - 1,9
9680,five times forty-four squared,5 * 44 ²,6
9681,five times forty-four squared plus one,5 * 44 ² + 1,8
9682,ninety-four times one hundred three,94 * 103,8
9683,three cubed cubed minus ten squared squared,(3 ³) ³ - (10 ²) ²,8
9684,twelve times eight hundred seven,12 * 807,7
9685,ninety-eight squared plus nine squared,98 ² + 9 ²,7
9686,five times forty-four squared plus six,5 * 44 ² + 6,8
9687,ninety-eight squared plus eighty-three,98 ² + 83,8
9688,five times forty-four squared plus eight,5 * 44 ² + 8,8
9689,five times forty-four squared plus nine,5 * 44 ² + 9,8
9690,nineteen times five hundred ten,19 * 510,7
9691,twelve times eight hundred eight minus five,12 * 808 - 5,9
9692,five times forty-four squared plus twelve,5 * 44 ² + 12,8
9693,thirteen times nine cubed plus six cubed,13 * 9 ³ + 6 ³,8
9694,ninety-eight squared plus ninety,98 ² + 90,7
9695,ninety-eight squared plus ninety-one,98 ² + 91,8
9696,twelve times eight hundred eight,12 * 808,6
9697,twelve times eight hundred eight plus one,12 * 808 + 1,8
9698,twelve times eight hundred eight plus two,12 * 808 + 2,8
9699,twelve times eight hundred eight plus three,12 * 808 + 3,8
9700,ninety-seven times ten squared,97 * 10 ²,7
9701,ninety-seven thousand ten tenths,97010 / 10,8
9702,ninety-eight times ninety-nine,98 * 99,7
9703,ninety-eight squared plus ninety-nine,98 ² + 99,8
9704,ninety-eight squared plus ten squared,98 ² + 10 ²,7
9705,twelve times eight hundred eight plus nine,12 * 808 + 9,8
9706,twelve times eight hundred eight plus ten,12 * 808 + 10,8
9707,twelve times eight hundred nine minus one,12 * 809 - 1,9
9708,twelve times eight hundred nine,12 * 809,6
9709,twelve times eight hundred nine plus one,12 * 809 + 1,8
9710,twelve times eight hundred nine plus two,12 * 809 + 2,8
9711,ninety-nine squared minus ninety,99 ² - 90,8
9712,ten squared squared minus twelve cubed sixths,(10 ²) ² - 12 ³ / 6,8
9713,twelve times eight hundred nine plus five,12 * 809 + 5,8
9714,twelve times eight hundred nine plus six,12 * 809 + 6,8
9715,sixty-eight thousand five sevenths,68005 / 7,8
9716,sixty-eight thousand twelve sevenths,68012 / 7,8
9717,twelve times eight hundred nine plus nine,12 * 809 + 9,8
9718,nineteen times eight cubed minus ten,19 * 8 ³ - 10,8
9719,nineteen times eight cubed minus nine,19 * 8 ³ - 9,8
9720,ninety halves times six cubed,90 / 2 * 6 ³,6
9721,ninety-nine squared minus eighty,99 ² - 80,8
9722,nineteen times eight cubed minus six,19 * 8 ³ - 6,8
9723,nineteen times eight cubed minus five,19 * 8 ³ - 5,8
9724,nineteen times eight cubed minus four,19 * 8 ³ - 4,8
9725,nineteen times eight cubed minus three,19 * 8 ³ - 3,8
9726,nineteen times eight cubed minus two,19 * 8 ³ - 2,8
9727,nineteen times eight cubed minus one,19 * 8 ³ - 1,8
9728,nineteen times eight cubed,19 * 8 ³,5
9729,nine thousand plus nine cubed,9000 + 9 ³,6
9730,nineteen times eight cubed plus two,19 * 8 ³ + 2,7
9731,nineteen times eight cubed plus three,19 * 8 ³ + 3,7
9732,nineteen times eight cubed plus four,19 * 8 ³ + 4,7
9733,nineteen times eight cubed plus five,19 * 8 ³ + 5,7
9734,nineteen times eight cubed plus six,19 * 8 ³ + 6,7
9735,nine thousand six plus nine cubed,9006 + 9 ³,7
9736,nineteen times eight cubed plus eight,19 * 8 ³ + 8,7
9737,nineteen times eight cubed plus nine,19 * 8 ³ + 9,7
9738,nineteen times eight cubed plus ten,19 * 8 ³ + 10,7
9739,nine thousand ten plus nine cubed,9010 + 9 ³,7
9740,nineteen times eight cubed plus twelve,19 * 8 ³ + 12,7
9741,nine thousand twelve plus nine cubed,9012 + 9 ³,7
9742,nineteen times eight cubed plus fourteen,19 * 8 ³ + 14,8
9743,nineteen times eight cubed plus fifteen,19 * 8 ³ + 15,8
9744,twelve times eight hundred twelve,12 * 812,6
9745,twelve times eight hundred twelve plus one,12 * 812 + 1,8
9746,twelve times eight hundred twelve plus two,12 * 812 + 2,8
9747,three cubed times nineteen squared,3 ³ * 19 ²,6
9748,ninety-eight squared plus twelve squared,98 ² + 12 ²,7
9749,three cubed times nineteen squared plus two,3 ³ * 19 ² + 2,8
9750,thirty-nine thousand halves halves,39000 / 2 / 2,7
9751,thirty-nine thousand four fourths,39004 / 4,7
9752,thirty-nine thousand eight fourths,39008 / 4,7
9753,thirty-nine thousand twelve fourths,39012 / 4,7
9754,ninety-five squared plus nine cubed,95 ² + 9 ³,7
9755,three cubed times nineteen squared plus eight,3 ³ * 19 ² + 8,8
9756,twelve times eight hundred thirteen,12 * 813,7
9757,ten squared squared minus nine cubed thirds,(10 ²) ² - 9 ³ / 3,8
9758,nineteen times eight cubed plus thirty,19 * 8 ³ + 30,8
9759,three times thirteen thousand twelve fourths,3 * 13012 / 4,8
9760,four squared times six hundred ten,4 ² * 610,7
9761,ninety-nine squared minus forty,99 ² - 40,8
9762,thirty-nine thousand forty-eight fourths,39048 / 4,9
9763,thirteen times nine thousand twelve twelfths,13 * 9012 / 12,8
9764,nineteen times eight cubed plus six squared,19 * 8 ³ + 6 ²,8
9765,ninety-nine squared minus six squared,99 ² - 6 ²,8
9766,nineteen times five hundred fourteen,19 * 514,8
9767,thirty-nine thousand sixty-eight fourths,39068 / 4,9
9768,twelve times eight hundred fourteen,12 * 814,7
9769,nine thousand forty plus nine cubed,9040 + 9 ³,8
9770,thirty-nine thousand eighty halves halves,39080 / 2 / 2,9
9771,ninety-nine squared minus thirty,99 ² - 30,8
9772,thirty-nine thousand eighty-eight fourths,39088 / 4,9
9773,twenty-one cubed plus eight cubed,21 ³ + 8 ³,7
9774,ninety-nine squared minus three cubed,99 ² - 3 ³,8
9775,eighty squared plus fifteen cubed,80 ² + 15 ³,7
9776,ninety-nine squared minus five squared,99 ² - 5 ²,8
9777,ten thousand two minus fifteen squared,10002 - 15 ²,9
9778,eighty-eight thousand two ninths,88002 / 9,7
9779,nine thousand fifty plus nine cubed,9050 + 9 ³,8
9780,twelve times eight hundred fifteen,12 * 815,7
9781,ninety-nine squared minus twenty,99 ² - 20,8
9782,ninety-nine squared minus nineteen,99 ² - 19,8
9783,ninety-nine squared minus eighteen,99 ² - 18,8
9784,ten squared squared minus six cubed,(10 ²) ² - 6 ³,7
9785,ten thousand one minus six cubed,10001 - 6 ³,8
9786,ten thousand two minus six cubed,10002 - 6 ³,8
9787,ten thousand three minus six cubed,10003 - 6 ³,8
9788,ten thousand four minus six cubed,10004 - 6 ³,8
9789,ninety-nine squared minus twelve,99 ² - 12,7
9790,ten thousand six minus six cubed,10006 - 6 ³,8
9791,ninety-nine squared minus ten,99 ² - 10,7
9792,sixty-eight times twelve squared,68 * 12 ²,6
9793,ninety-nine squared minus eight,99 ² - 8,7
9794,ten thousand ten minus six cubed,10010 - 6 ³,8
9795,ninety-nine squared minus six,99 ² - 6,7
9796,ninety-nine squared minus five,99 ² - 5,7
9797,ninety-nine squared minus four,99 ² - 4,7
9798,ninety-nine squared minus three,99 ² - 3,7
9799,ninety-nine squared minus two,99 ² - 2,7
9800,ninety-eight times ten squared,98 * 10 ²,6
9801,ninety-nine squared,99 ²,4
9802,ninety-nine squared plus one,99 ² + 1,6
9803,ninety-nine squared plus two,99 ² + 2,6
9804,ninety-nine squared plus three,99 ² + 3,6
9805,ninety-nine squared plus four,99 ² + 4,6
9806,ninety-nine squared plus five,99 ² + 5,6
9807,ninety-nine squared plus six,99 ² + 6,6
9808,ninety-nine squared plus seven,99 ² + 7,7
9809,ninety-nine squared plus eight,99 ² + 8,6
9810,ninety-nine squared plus nine,99 ² + 9,6
9811,ninety-nine squared plus ten,99 ² + 10,6
9812,nine thousand eight hundred twelve,9812,7
9813,ninety-nine squared plus twelve,99 ² + 12,6
9814,ninety-nine squared plus thirteen,99 ² + 13,7
9815,ninety-nine squared plus fourteen,99 ² + 14,7
9816,twelve times eight hundred eighteen,12 * 818,7
9817,ninety-nine squared plus four squared,99 ² + 4 ²,7
9818,thirty-four cubed fourths minus eight,34 ³ / 4 - 8,8
9819,ninety-nine squared plus eighteen,99 ² + 18,7
9820,ninety-nine squared plus nineteen,99 ² + 19,7
9821,ninety-nine squared plus twenty,99 ² + 20,7
9822,thirty-four cubed fourths minus four,34 ³ / 4 - 4,8
9823,thirty-four cubed fourths minus three,34 ³ / 4 - 3,8
9824,thirty-four cubed fourths minus two,34 ³ / 4 - 2,8
9825,thirty-four cubed fourths minus one,34 ³ / 4 - 1,8
9826,thirty-four cubed fourths,34 ³ / 4,5
9827,thirty-four cubed fourths plus one,34 ³ / 4 + 1,7
9828,ninety squared plus twelve cubed,90 ² + 12 ³,6
9829,thirty-four cubed fourths plus three,34 ³ / 4 + 3,7
9830,thirty-four cubed fourths plus four,34 ³ / 4 + 4,7
9831,thirty-four cubed fourths plus five,34 ³ / 4 + 5,7
9832,thirty-four cubed fourths plus six,34 ³ / 4 + 6,7
9833,ninety squared plus twelve cubed plus five,90 ² + 12 ³ + 5,8
9834,fifty-nine thousand four sixths,59004 / 6,7
9835,fifty-nine thousand ten sixths,59010 / 6,7
9836,thirty-four cubed fourths plus ten,34 ³ / 4 + 10,7
9837,ninety-nine squared plus six squared,99 ² + 6 ²,7
9838,thirty-four cubed fourths plus twelve,34 ³ / 4 + 12,7
9839,thirty-four cubed fourths plus thirteen,34 ³ / 4 + 13,8
9840,eighty-two times ten times twelve,82 * 10 * 12,7
9841,ninety-nine squared plus forty,99 ² + 40,7
9842,nineteen times five hundred eighteen,19 * 518,8
9843,ninety-nine squared plus forty-two,99 ² + 42,8
9844,thirty-four cubed fourths plus eighteen,34 ³ / 4 + 18,8
9845,thirty-four cubed fourths plus nineteen,34 ³ / 4 + 19,8
9846,nine times one thousand ninety-four,9 * 1094,8
9847,ninety-nine squared plus forty-six,99 ² + 46,8
9848,fifty-nine thousand eighty-eight sixths,59088 / 6,9
9849,seven squared times two hundred one,7 ² * 201,8
9850,ten times nine hundred eighty-five,10 * 985,8
9851,ninety-nine squared plus fifty,99 ² + 50,7
9852,twelve times eight hundred twenty-one,12 * 821,8
9853,thirty-four cubed fourths plus three cubed,34 ³ / 4 + 3 ³,8
9854,ninety-nine squared plus fifty-three,99 ² + 53,8
9855,nine times one thousand ninety-five,9 * 1095,8
9856,ten squared squared minus twelve squared,(10 ²) ² - 12 ²,7
9857,ten thousand one minus twelve squared,10001 - 12 ²,8
9858,sixty-nine thousand six sevenths,69006 / 7,8
9859,nineteen cubed plus three thousand,19 ³ + 3000,7
9860,ten thousand four minus twelve squared,10004 - 12 ²,8
9861,ninety-nine squared plus sixty,99 ² + 60,7
9862,ten thousand six minus twelve squared,10006 - 12 ²,8
9863,ninety-nine squared plus sixty-two,99 ² + 62,8
9864,nine thousand plus twelve cubed halves,9000 + 12 ³ / 2,7
9865,ninety-nine squared plus four cubed,99 ² + 4 ³,7
9866,ten thousand ten minus twelve squared,10010 - 12 ²,8
9867,ninety-nine squared plus sixty-six,99 ² + 66,8
9868,ten thousand twelve minus twelve squared,10012 - 12 ²,8
9869,ninety-nine squared plus sixty-eight,99 ² + 68,8
9870,ninety-four times one hundred five,94 * 105,8
9871,ninety-nine squared plus seventy,99 ² + 70,8
9872,ten squared squared minus eight cubed fourths,(10 ²) ² - 8 ³ / 4,8
9873,ninety-nine squared plus six cubed thirds,99 ² + 6 ³ / 3,8
9874,nine thousand ten plus twelve cubed halves,9010 + 12 ³ / 2,8
9875,ten squared squared minus five cubed,(10 ²) ² - 5 ³,7
9876,seventy-nine thousand eight eighths,79008 / 8,8
9877,ten thousand two minus five cubed,10002 - 5 ³,8
9878,ten thousand three minus five cubed,10003 - 5 ³,8
9879,ten thousand four minus five cubed,10004 - 5 ³,8
9880,ten thousand five minus five cubed,10005 - 5 ³,8
9881,ninety-nine squared plus eighty,99 ² + 80,7
9882,ninety-nine squared plus nine squared,99 ² + 9 ²,7
9883,ten thousand eight minus five cubed,10008 - 5 ³,8
9884,ten thousand nine minus five cubed,10009 - 5 ³,8
9885,ten thousand ten minus five cubed,10010 - 5 ³,8
9886,thirty-four cubed fourths plus sixty,34 ³ / 4 + 60,8
9887,ten thousand twelve minus five cubed,10012 - 5 ³,8
9888,eight times twelve times one hundred three,8 * 12 * 103,8
9889,eighty-nine thousand one ninths,89001 / 9,7
9890,eighty-nine thousand ten ninths,89010 / 9,7
9891,ninety-nine squared plus ninety,99 ² + 90,7
9892,ten squared squared minus six cubed halves,(10 ²) ² - 6 ³ / 2,8
9893,ninety-nine squared plus ninety-two,99 ² + 92,8
9894,ninety-nine squared plus ninety-three,99 ² + 93,8
9895,ninety-nine squared plus ninety-four,99 ² + 94,8
9896,ninety-nine squared plus ninety-five,99 ² + 95,8
9897,ninety-nine squared plus eight times twelve,99 ² + 8 * 12,8
9898,ninety-eight times one hundred one,98 * 101,8
9899,ninety-nine squared plus ninety-eight,99 ² + 98,8
9900,ninety-nine times ten squared,99 * 10 ²,6
9901,ninety-nine thousand ten tenths,99010 / 10,7
9902,nine thousand nine hundred two,9902,7
9903,nine thousand nine hundred three,9903,7
9904,nine thousand nine hundred four,9904,7
9905,nine thousand nine hundred five,9905,7
9906,nine thousand nine hundred six,9906,7
9907,ten squared squared minus ninety-three,(10 ²) ² - 93,8
9908,nine thousand nine hundred eight,9908,7
9909,nine thousand nine hundred nine,9909,7
9910,ten squared squared minus ninety,(10 ²) ² - 90,7
9911,ten thousand one minus ninety,10001 - 90,8
9912,nine thousand nine hundred twelve,9912,7
9913,ten thousand three minus ninety,10003 - 90,8
9914,ten thousand four minus ninety,10004 - 90,8
9915,ten thousand five minus ninety,10005 - 90,8
9916,ten thousand six minus ninety,10006 - 90,8
9917,ten squared squared minus eighty-three,(10 ²) ² - 83,8
9918,ten thousand eight minus ninety,10008 - 90,8
9919,ten squared squared minus nine squared,(10 ²) ² - 9 ²,7
9920,ten squared squared minus eighty,(10 ²) ² - 80,7
9921,ten thousand two minus nine squared,10002 - 9 ²,8
9922,ten thousand twelve minus ninety,10012 - 90,8
9923,ten thousand four minus nine squared,10004 - 9 ²,8
9924,ten thousand five minus nine squared,10005 - 9 ²,8
9925,ten thousand six minus nine squared,10006 - 9 ²,8
9926,ninety-nine squared plus five cubed,99 ² + 5 ³,7
9927,ten thousand eight minus nine squared,10008 - 9 ²,8
9928,eighteen cubed plus four squared cubed,18 ³ + (4 ²) ³,7
9929,ten thousand ten minus nine squared,10010 - 9 ²,8
9930,ten thousand ten minus eighty,10010 - 80,8
9931,ten thousand twelve minus nine squared,10012 - 9 ²,8
9932,ten thousand twelve minus eighty,10012 - 80,8
9933,thirty-three times three hundred one,33 * 301,8
9934,ten squared squared minus sixty-six,(10 ²) ² - 66,8
9935,ten squared squared minus sixty-five,(10 ²) ² - 65,8
9936,sixty-nine times twelve squared,69 * 12 ²,6
9937,ten thousand one minus four cubed,10001 - 4 ³,8
9938,ten thousand two minus four cubed,10002 - 4 ³,8
9939,ten thousand three minus four cubed,10003 - 4 ³,8
9940,ten squared squared minus sixty,(10 ²) ² - 60,7
9941,ten thousand five minus four cubed,10005 - 4 ³,8
9942,ten thousand six minus four cubed,10006 - 4 ³,8
9943,ten thousand three minus sixty,10003 - 60,8
9944,ten thousand eight minus four cubed,10008 - 4 ³,8
9945,ninety-nine squared plus twelve squared,99 ² + 12 ²,7
9946,ten thousand ten minus four cubed,10010 - 4 ³,8
9947,twenty-nine times seven cubed,29 * 7 ³,7
9948,ten thousand twelve minus four cubed,10012 - 4 ³,8
9949,ten thousand nine minus sixty,10009 - 60,8
9950,ten squared squared minus fifty,(10 ²) ² - 50,7
9951,ten thousand one minus fifty,10001 - 50,8
9952,ten thousand twelve minus sixty,10012 - 60,8
9953,ten thousand three minus fifty,10003 - 50,8
9954,ten thousand four minus fifty,10004 - 50,8
9955,ten thousand five minus fifty,10005 - 50,8
9956,ten thousand six minus fifty,10006 - 50,8
9957,ten squared squared minus forty-three,(10 ²) ² - 43,8
9958,ten thousand eight minus fifty,10008 - 50,8
9959,ten thousand nine minus fifty,10009 - 50,8
9960,ten squared squared minus forty,(10 ²) ² - 40,7
9961,ten thousand one minus forty,10001 - 40,8
9962,ten thousand twelve minus fifty,10012 - 50,8
9963,forty-one times nine cubed thirds,41 * 9 ³ / 3,7
9964,ten squared squared minus six squared,(10 ²) ² - 6 ²,7
9965,ten thousand five minus forty,10005 - 40,8
9966,ten thousand six minus forty,10006 - 40,8
9967,ten thousand three minus six squared,10003 - 6 ²,8
9968,ten thousand eight minus forty,10008 - 40,8
9969,ten thousand nine minus forty,10009 - 40,8
9970,ten squared squared minus thirty,(10 ²) ² - 30,7
9971,fifty-nine times thirteen squared,59 * 13 ²,7
9972,ten thousand twelve minus forty,10012 - 40,8
9973,ten squared squared minus three cubed,(10 ²) ² - 3 ³,7
9974,ten thousand ten minus six squared,10010 - 6 ²,8
9975,ten squared squared minus five squared,(10 ²) ² - 5 ²,7
9976,ten thousand twelve minus six squared,10012 - 6 ²,8
9977,ten thousand four minus three cubed,10004 - 3 ³,8
9978,ten thousand eight minus thirty,10008 - 30,8
9979,ten thousand nine minus thirty,10009 - 30,8
9980,ten squared squared minus twenty,(10 ²) ² - 20,7
9981,ten squared squared minus nineteen,(10 ²) ² - 19,7
9982,ten squared squared minus eighteen,(10 ²) ² - 18,7
9983,ten thousand ten minus three cubed,10010 - 3 ³,8
9984,ten squared squared minus four squared,(10 ²) ² - 4 ²,7
9985,ten squared squared minus fifteen,(10 ²) ² - 15,7
9986,ten squared squared minus fourteen,(10 ²) ² - 14,7
9987,ten squared squared minus thirteen,(10 ²) ² - 13,7
9988,ten squared squared minus twelve,(10 ²) ² - 12,6
9989,ten thousand one minus twelve,10001 - 12,7
9990,ten squared squared minus ten,(10 ²) ² - 10,6
9991,ten squared squared minus nine,(10 ²) ² - 9,6
9992,ten squared squared minus eight,(10 ²) ² - 8,6
9993,ten thousand five minus twelve,10005 - 12,7
9994,ten squared squared minus six,(10 ²) ² - 6,6
9995,ten squared squared minus five,(10 ²) ² - 5,6
9996,ten squared squared minus four,(10 ²) ² - 4,6
9997,ten squared squared minus three,(10 ²) ² - 3,6
9998,ten squared squared minus two,(10 ²) ² - 2,6
9999,ten squared squared minus one,(10 ²) ² - 1,6
10000,ten squared squared,(10 ²) ²,3
