0,零,0,1
1,一,1,1
2,二,2,1
3,三,3,1
4,四,4,1
5,五,5,1
6,六,6,1
7,七,7,1
8,八,8,1
9,九,9,1
10,十,10,1
11,十一,11,2
12,十二,12,2
13,十三,13,2
14,十四,14,2
15,十五,15,2
16,十六,16,2
17,十七,17,2
18,十八,18,2
19,十九,19,2
20,二十,20,2
21,三乘七,3 * 7,3
22,二十二,22,3
23,二十三,23,3
24,四乘六,4 * 6,3
25,五平方,5 ²,3
26,二十六,26,3
27,三立方,3 ³,3
28,四乘七,4 * 7,3
29,二十九,29,3
30,三十,30,2
31,三十一,31,3
32,四乘八,4 * 8,3
33,三十三,33,3
34,三十四,34,3
35,半分之七十,70 / 2,3
36,六平方,6 ²,3
37,三十七,37,3
38,三十八,38,3
39,三十九,39,3
40,四十,40,2
41,四十一,41,3
42,六乘七,6 * 7,3
43,四十三,43,3
44,四十四,44,3
45,半分之九十,90 / 2,3
46,四十六,46,3
47,四十七,47,3
48,六乘八,6 * 8,3
49,七平方,7 ²,3
50,五十,50,2
51,五十一,51,3
52,五十二,52,3
53,五十三,53,3
54,六乘九,6 * 9,3
55,五十五,55,3
56,七乘八,7 * 8,3
57,五十七,57,3
58,五十八,58,3
59,五十九,59,3
60,六十,60,2
61,六十一,61,3
62,六十二,62,3
63,七乘九,7 * 9,3
64,四立方,4 ³,3
65,六十五,65,3
66,六十六,66,3
67,六十七,67,3
68,六十八,68,3
69,六十九,69,3
70,七十,70,2
71,七十一,71,3
72,八乘九,8 * 9,3
73,七十三,73,3
74,七十四,74,3
75,七十五,75,3
76,七十六,76,3
77,七十七,77,3
78,七十八,78,3
79,七十九,79,3
80,八十,80,2
81,九平方,9 ²,3
82,八十二,82,3
83,八十三,83,3
84,八十四,84,3
85,八十五,85,3
86,八十六,86,3
87,八十七,87,3
88,八十八,88,3
89,八十九,89,3
90,九十,90,2
91,九十一,91,3
92,九十二,92,3
93,九十三,93,3
94,九十四,94,3
95,九十五,95,3
96,九十六,96,3
97,九十七,97,3
98,九十八,98,3
99,九十九,99,3
100,一百,100,2
101,一百加一,100 + 1,4
102,六乘十七,6 * 17,4
103,一百加三,100 + 3,4
104,八乘十三,8 * 13,4
105,半分之二百十,210 / 2,4
106,一百加六,100 + 6,4
107,一百加七,100 + 7,4
108,半分之六立方,6 ³ / 2,4
109,一百加九,100 + 9,4
110,一百十,110,3
111,一百十一,111,4
112,八乘十四,8 * 14,4
113,一百十三,113,4
114,六乘十九,6 * 19,4
115,一百十五,115,4
116,一百十六,116,4
117,九乘十三,9 * 13,4
118,一百十八,118,4
119,七乘十七,7 * 17,4
120,十乘十二,10 * 12,4
121,十一平方,11 ²,4
122,五立方减三,5 ³ - 3,5
123,五立方减二,5 ³ - 2,5
124,五立方减一,5 ³ - 1,5
125,五立方,5 ³,3
126,九乘十四,9 * 14,4
127,五立方加二,5 ³ + 2,5
128,八乘十六,8 * 16,4
129,三乘四十三,3 * 43,5
130,十乘十三,10 * 13,4
131,五立方加六,5 ³ + 6,5
132,十一乘十二,11 * 12,5
133,七乘十九,7 * 19,4
134,二乘六十七,2 * 67,5
135,九乘十五,9 * 15,4
136,八乘十七,8 * 17,4
137,一百三十七,137,5
138,六乘二十三,6 * 23,5
139,一百三十九,139,5
140,十乘十四,10 * 14,4
141,半分之三百减九,300 / 2 - 9,5
142,半分之三百减八,300 / 2 - 8,5
143,半分之三百减七,300 / 2 - 7,5
144,十二平方,12 ²,4
145,半分之二百九十,290 / 2,5
146,半分之三百减四,300 / 2 - 4,5
147,半分之三百减三,300 / 2 - 3,5
148,半分之三百减二,300 / 2 - 2,5
149,半分之三百减一,300 / 2 - 1,5
150,半分之三百,300 / 2,3
151,半分之三百零二,302 / 2,5
152,八乘十九,8 * 19,4
153,九乘十七,9 * 17,4
154,半分之三百零八,308 / 2,5
155,半分之三百十,310 / 2,4
156,半分之三百十二,312 / 2,5
157,半分之三百十四,314 / 2,5
158,半分之三百十六,316 / 2,5
159,半分之三百十八,318 / 2,5
160,十乘十六,10 * 16,4
161,七乘二十三,7 * 23,5
162,九乘十八,9 * 18,4
163,一百六十三,163,5
164,四乘四十一,4 * 41,5
165,半分之三百三十,330 / 2,5
166,二乘八十三,2 * 83,5
167,一百六十七,167,5
168,十二乘十四,12 * 14,5
169,十三平方,13 ²,4
170,十乘十七,10 * 17,4
171,九乘十九,9 * 19,4
172,四乘四十三,4 * 43,5
173,一百七十三,173,5
174,六乘二十九,6 * 29,5
175,半分之半分之七百,700 / 2 / 2,4
176,十一乘十六,11 * 16,5
177,三乘五十九,3 * 59,5
178,二乘八十九,2 * 89,5
179,一百七十九,179,5
180,十乘十八,10 * 18,4
181,二百减十九,200 - 19,5
182,二百减十八,200 - 18,5
183,二百减十七,200 - 17,5
184,二百减十六,200 - 16,5
185,半分之三百七十,370 / 2,5
186,二百减十四,200 - 14,5
187,二百减十三,200 - 13,5
188,二百减十二,200 - 12,5
189,二百减十一,200 - 11,5
190,二百减十,200 - 10,4
191,二百减九,200 - 9,4
192,二百减八,200 - 8,4
193,二百减七,200 - 7,4
194,二百减六,200 - 6,4
195,二百减五,200 - 5,4
196,十四平方,14 ²,4
197,二百减三,200 - 3,4
198,二百减二,200 - 2,4
199,二百减一,200 - 1,4
200,二百,200,2
201,二百加一,200 + 1,4
202,二百加二,200 + 2,4
203,二百加三,200 + 3,4
204,二百加四,200 + 4,4
205,半分之四百十,410 / 2,4
206,二百加六,200 + 6,4
207,二百加七,200 + 7,4
208,二百加八,200 + 8,4
209,二百加九,200 + 9,4
210,二百十,210,3
211,二百十一,211,4
212,二百十二,212,4
213,二百十三,213,4
214,二百十四,214,4
215,二百十五,215,4
216,六立方,6 ³,3
217,二百十七,217,4
218,二百十八,218,4
219,二百十九,219,4
220,二百二十,220,4
221,十三乘十七,13 * 17,5
222,六乘三十七,6 * 37,5
223,六立方加七,6 ³ + 7,5
224,十四乘十六,14 * 16,5
225,十五平方,15 ²,4
226,六立方加十,6 ³ + 10,5
227,二百二十七,227,5
228,十二乘十九,12 * 19,5
229,二百二十九,229,5
230,二百三十,230,4
231,七乘三十三,7 * 33,5
232,八乘二十九,8 * 29,5
233,二百三十三,233,5
234,十三乘十八,13 * 18,5
235,半分之四百七十,470 / 2,5
236,四乘五十九,4 * 59,5
237,三乘七十九,3 * 79,5
238,十四乘十七,14 * 17,5
239,二百三十九,239,5
240,八乘三十,8 * 30,4
241,半分之五百减九,500 / 2 - 9,5
242,半分之五百减八,500 / 2 - 8,5
243,半分之五百减七,500 / 2 - 7,5
244,半分之五百减六,500 / 2 - 6,5
245,半分之四百九十,490 / 2,5
246,半分之五百减四,500 / 2 - 4,5
247,半分之五百减三,500 / 2 - 3,5
248,半分之五百减二,500 / 2 - 2,5
249,半分之五百减一,500 / 2 - 1,5
250,半分之五百,500 / 2,3
251,半分之五百零二,502 / 2,5
252,半分之五百零四,504 / 2,5
253,半分之五百零六,506 / 2,5
254,半分之五百零八,508 / 2,5
255,半分之五百十,510 / 2,4
256,十六平方,16 ²,4
257,半分之五百十四,514 / 2,5
258,半分之五百十六,516 / 2,5
259,半分之五百十八,518 / 2,5
260,二百六十,260,4
261,九乘二十九,9 * 29,5
262,二百六十二,262,5
263,二百六十三,263,5
264,八乘三十三,8 * 33,5
265,半分之五百三十,530 / 2,5
266,十四乘十九,14 * 19,5
267,三乘八十九,3 * 89,5
268,四乘六十七,4 * 67,5
269,二百六十九,269,5
270,九乘三十,9 * 30,4
271,二百七十一,271,5
272,十六乘十七,16 * 17,5
273,七乘三十九,7 * 39,5
274,二百七十四,274,5
275,半分之五百五十,550 / 2,5
276,六乘四十六,6 * 46,5
277,二百七十七,277,5
278,二百七十八,278,5
279,九乘三十一,9 * 31,5
280,七乘四十,7 * 40,4
281,三百减十九,300 - 19,5
282,三百减十八,300 - 18,5
283,三百减十七,300 - 17,5
284,三百减十六,300 - 16,5
285,半分之五百七十,570 / 2,5
286,三百减十四,300 - 14,5
287,三百减十三,300 - 13,5
288,三百减十二,300 - 12,5
289,十七平方,17 ²,4
290,三百减十,300 - 10,4
291,三百减九,300 - 9,4
292,三百减八,300 - 8,4
293,三百减七,300 - 7,4
294,三百减六,300 - 6,4
295,三百减五,300 - 5,4
296,三百减四,300 - 4,4
297,三百减三,300 - 3,4
298,三百减二,300 - 2,4
299,三百减一,300 - 1,4
300,三百,300,2
301,三百加一,300 + 1,4
302,三百加二,300 + 2,4
303,三百加三,300 + 3,4
304,三百加四,300 + 4,4
305,半分之六百十,610 / 2,4
306,三百加六,300 + 6,4
307,三百加七,300 + 7,4
308,三百加八,300 + 8,4
309,三百加九,300 + 9,4
310,三百十,310,3
311,三百十一,311,4
312,三百十二,312,4
313,三百十三,313,4
314,三百十四,314,4
315,三百十五,315,4
316,三百十六,316,4
317,三百十七,317,4
318,三百十八,318,4
319,三百十九,319,4
320,八乘四十,8 * 40,4
321,三百二十一,321,5
322,七乘四十六,7 * 46,5
323,十七乘十九,17 * 19,5
324,十八平方,18 ²,4
325,半分之六百五十,650 / 2,5
326,三百二十六,326,5
327,三百二十七,327,5
328,八乘四十一,8 * 41,5
329,七乘四十七,7 * 47,5
330,三百三十,330,4
331,三百三十一,331,5
332,四乘八十三,4 * 83,5
333,七立方减十,7 ³ - 10,5
334,七立方减九,7 ³ - 9,5
335,半分之六百七十,670 / 2,5
336,七立方减七,7 ³ - 7,5
337,七立方减六,7 ³ - 6,5
338,七立方减五,7 ³ - 5,5
339,七立方减四,7 ³ - 4,5
340,三百四十,340,4
341,半分之七百减九,700 / 2 - 9,5
342,半分之七百减八,700 / 2 - 8,5
343,七立方,7 ³,3
344,半分之七百减六,700 / 2 - 6,5
345,半分之六百九十,690 / 2,5
346,半分之七百减四,700 / 2 - 4,5
347,半分之七百减三,700 / 2 - 3,5
348,半分之七百减二,700 / 2 - 2,5
349,半分之七百减一,700 / 2 - 1,5
350,半分之七百,700 / 2,3
351,半分之七百零二,702 / 2,5
352,半分之七百零四,704 / 2,5
353,半分之七百零六,706 / 2,5
354,半分之七百零八,708 / 2,5
355,半分之七百十,710 / 2,4
356,半分之七百十二,712 / 2,5
357,半分之七百十四,714 / 2,5
358,半分之七百十六,716 / 2,5
359,半分之七百十八,718 / 2,5
360,九乘四十,9 * 40,4
361,十九平方,19 ²,4
362,三百六十二,362,5
363,三百六十三,363,5
364,七乘五十二,7 * 52,5
365,半分之七百三十,730 / 2,5
366,六乘六十一,6 * 61,5
367,三百六十七,367,5
368,八乘四十六,8 * 46,5
369,九乘四十一,9 * 41,5
370,三百七十,370,4
371,七乘五十三,7 * 53,5
372,六乘六十二,6 * 62,5
373,三百七十三,373,5
374,三百七十四,374,5
375,半分之半分之半分之三千,3000 / 2 / 2 / 2,5
376,八乘四十七,8 * 47,5
377,三百七十七,377,5
378,九乘六乘七,9 * 6 * 7,5
379,三百七十九,379,5
380,三百八十,380,4
381,四百减十九,400 - 19,5
382,四百减十八,400 - 18,5
383,四百减十七,400 - 17,5
384,四百减十六,400 - 16,5
385,半分之七百七十,770 / 2,5
386,四百减十四,400 - 14,5
387,四百减十三,400 - 13,5
388,四百减十二,400 - 12,5
389,四百减十一,400 - 11,5
390,四百减十,400 - 10,4
391,四百减九,400 - 9,4
392,四百减八,400 - 8,4
393,四百减七,400 - 7,4
394,四百减六,400 - 6,4
395,四百减五,400 - 5,4
396,四百减四,400 - 4,4
397,四百减三,400 - 3,4
398,四百减二,400 - 2,4
399,四百减一,400 - 1,4
400,四百,400,2
401,四百加一,400 + 1,4
402,四百加二,400 + 2,4
403,四百加三,400 + 3,4
404,四百加四,400 + 4,4
405,半分之八百十,810 / 2,4
406,四百加六,400 + 6,4
407,四百加七,400 + 7,4
408,四百加八,400 + 8,4
409,四百加九,400 + 9,4
410,四百十,410,3
411,四百十一,411,4
412,四百十二,412,4
413,四百十三,413,4
414,四百十四,414,4
415,四百十五,415,4
416,四百十六,416,4
417,四百十七,417,4
418,四百十八,418,4
419,四百十九,419,4
420,七乘六十,7 * 60,4
421,四百二十一,421,5
422,四百二十二,422,5
423,九乘四十七,9 * 47,5
424,八乘五十三,8 * 53,5
425,半分之八百五十,850 / 2,5
426,六乘七十一,6 * 71,5
427,七乘六十一,7 * 61,5
428,四百二十八,428,5
429,四百二十九,429,5
430,四百三十,430,4
431,四百三十一,431,5
432,九乘六乘八,9 * 6 * 8,5
433,四百三十三,433,5
434,七乘六十二,7 * 62,5
435,半分之八百七十,870 / 2,5
436,四百三十六,436,5
437,四百三十七,437,5
438,六乘七十三,6 * 73,5
439,四百三十九,439,5
440,四百四十,440,4
441,二十一平方,21 ²,5
442,半分之九百减八,900 / 2 - 8,5
443,半分之九百减七,900 / 2 - 7,5
444,半分之九百减六,900 / 2 - 6,5
445,半分之八百九十,890 / 2,5
446,半分之九百减四,900 / 2 - 4,5
447,半分之九百减三,900 / 2 - 3,5
448,半分之九百减二,900 / 2 - 2,5
449,半分之九百减一,900 / 2 - 1,5
450,半分之九百,900 / 2,3
451,半分之九百零二,902 / 2,5
452,半分之九百零四,904 / 2,5
453,半分之九百零六,906 / 2,5
454,半分之九百零八,908 / 2,5
455,半分之九百十,910 / 2,4
456,半分之九百十二,912 / 2,5
457,半分之九百十四,914 / 2,5
458,半分之九百十六,916 / 2,5
459,半分之九百十八,918 / 2,5
460,四百六十,460,4
461,四百六十一,461,5
462,七乘六十六,7 * 66,5
463,四百六十三,463,5
464,八乘五十八,8 * 58,5
465,半分之九百三十,930 / 2,5
466,四百六十六,466,5
467,四百六十七,467,5
468,九乘五十二,9 * 52,5
469,七乘六十七,7 * 67,5
470,四百七十,470,4
471,四百七十一,471,5
472,八乘五十九,8 * 59,5
473,四百七十三,473,5
474,六乘七十九,6 * 79,5
475,半分之九百五十,950 / 2,5
476,七乘六十八,7 * 68,5
477,九乘五十三,9 * 53,5
478,四百七十八,478,5
479,四百七十九,479,5
480,八乘六十,8 * 60,4
481,五百减十九,500 - 19,5
482,五百减十八,500 - 18,5
483,五百减十七,500 - 17,5
484,二十二平方,22 ²,5
485,半分之九百七十,970 / 2,5
486,五百减十四,500 - 14,5
487,五百减十三,500 - 13,5
488,五百减十二,500 - 12,5
489,五百减十一,500 - 11,5
490,五百减十,500 - 10,4
491,五百减九,500 - 9,4
492,五百减八,500 - 8,4
493,五百减七,500 - 7,4
494,五百减六,500 - 6,4
495,五百减五,500 - 5,4
496,五百减四,500 - 4,4
497,五百减三,500 - 3,4
498,五百减二,500 - 2,4
499,五百减一,500 - 1,4
500,五百,500,2
501,五百加一,500 + 1,4
502,五百加二,500 + 2,4
503,五百加三,500 + 3,4
504,五百加四,500 + 4,4
505,半分之一千十,1010 / 2,4
506,五百加六,500 + 6,4
507,五百加七,500 + 7,4
508,五百加八,500 + 8,4
509,五百加九,500 + 9,4
510,五百十,510,3
511,五百十一,511,4
512,八立方,8 ³,3
513,五百十三,513,4
514,五百十四,514,4
515,五百十五,515,4
516,五百十六,516,4
517,五百十七,517,4
518,五百十八,518,4
519,五百十九,519,4
520,五百二十,520,4
521,八立方加九,8 ³ + 9,5
522,九乘五十八,9 * 58,5
523,五百二十三,523,5
524,五百二十四,524,5
525,半分之一千五十,1050 / 2,5
526,五百二十六,526,5
527,五百二十七,527,5
528,八乘六十六,8 * 66,5
529,二十三平方,23 ²,5
530,五百三十,530,4
531,九乘五十九,9 * 59,5
532,七乘七十六,7 * 76,5
533,五百三十三,533,5
534,六乘八十九,6 * 89,5
535,半分之一千七十,1070 / 2,5
536,八乘六十七,8 * 67,5
537,五百三十七,537,5
538,五百三十八,538,5
539,七乘七十七,7 * 77,5
540,九乘六十,9 * 60,4
541,五百四十一,541,5
542,五百四十二,542,5
543,五百四十三,543,5
544,八乘六十八,8 * 68,5
545,半分之一千九十,1090 / 2,5
546,七乘七十八,7 * 78,5
547,五百四十七,547,5
548,五百四十八,548,5
549,九乘六十一,9 * 61,5
550,五百五十,550,4
551,五百五十一,551,5
552,八乘六十九,8 * 69,5
553,七乘七十九,7 * 79,5
554,五百五十四,554,5
555,五百五十五,555,5
556,五百五十六,556,5
557,五百五十七,557,5
558,九乘六十二,9 * 62,5
559,五百五十九,559,5
560,八乘七十,8 * 70,4
561,五百六十一,561,5
562,五百六十二,562,5
563,五百六十三,563,5
564,六乘九十四,6 * 94,5
565,五百六十五,565,5
566,五百六十六,566,5
567,九乘七乘九,9 * 7 * 9,5
568,八乘七十一,8 * 71,5
569,五百六十九,569,5
570,五百七十,570,4
571,五百七十一,571,5
572,五百七十二,572,5
573,五百七十三,573,5
574,七乘八十二,7 * 82,5
575,五百七十五,575,5
576,二十四平方,24 ²,5
577,五百七十七,577,5
578,五百七十八,578,5
579,五百七十九,579,5
580,五百八十,580,4
581,六百减十九,600 - 19,5
582,六百减十八,600 - 18,5
583,六百减十七,600 - 17,5
584,六百减十六,600 - 16,5
585,六百减十五,600 - 15,5
586,六百减十四,600 - 14,5
587,六百减十三,600 - 13,5
588,六百减十二,600 - 12,5
589,六百减十一,600 - 11,5
590,六百减十,600 - 10,4
591,六百减九,600 - 9,4
592,六百减八,600 - 8,4
593,六百减七,600 - 7,4
594,六百减六,600 - 6,4
595,六百减五,600 - 5,4
596,六百减四,600 - 4,4
597,六百减三,600 - 3,4
598,六百减二,600 - 2,4
599,六百减一,600 - 1,4
600,六百,600,2
601,六百加一,600 + 1,4
602,六百加二,600 + 2,4
603,六百加三,600 + 3,4
604,六百加四,600 + 4,4
605,六百加五,600 + 5,4
606,六百加六,600 + 6,4
607,六百加七,600 + 7,4
608,六百加八,600 + 8,4
609,六百加九,600 + 9,4
610,六百十,610,3
611,六百十一,611,4
612,六百十二,612,4
613,六百十三,613,4
614,六百十四,614,4
615,六百十五,615,4
616,六百十六,616,4
617,六百十七,617,4
618,六百十八,618,4
619,六百十九,619,4
620,六百二十,620,4
621,九乘六十九,9 * 69,5
622,六百二十二,622,5
623,七乘八十九,7 * 89,5
624,八乘七十八,8 * 78,5
625,五平方平方,(5 ²) ²,5
626,六百二十六,626,5
627,六百二十七,627,5
628,六百二十八,628,5
629,六百二十九,629,5
630,九乘七十,9 * 70,4
631,六百三十一,631,5
632,八乘七十九,8 * 79,5
633,六百三十三,633,5
634,六百三十四,634,5
635,六百三十五,635,5
636,六百三十六,636,5
637,七乘九十一,7 * 91,5
638,六百三十八,638,5
639,九乘七十一,9 * 71,5
640,八乘八十,8 * 80,4
641,六百四十一,641,5
642,六百四十二,642,5
643,六百四十三,643,5
644,七乘九十二,7 * 92,5
645,六百四十五,645,5
646,六百四十六,646,5
647,六百四十七,647,5
648,九乘八乘九,9 * 8 * 9,5
649,六百四十九,649,5
650,六百五十,650,4
651,七乘九十三,7 * 93,5
652,六百五十二,652,5
653,六百五十三,653,5
654,六百五十四,654,5
655,六百五十五,655,5
656,八乘八十二,8 * 82,5
657,九乘七十三,9 * 73,5
658,七乘九十四,7 * 94,5
659,六百五十九,659,5
660,六百六十,660,4
661,六百六十一,661,5
662,六百六十二,662,5
663,六百六十三,663,5
664,八乘八十三,8 * 83,5
665,七乘九十五,7 * 95,5
666,九乘七十四,9 * 74,5
667,六百六十七,667,5
668,六百六十八,668,5
669,六百六十九,669,5
670,六百七十,670,4
671,六百七十一,671,5
672,八乘八十四,8 * 84,5
673,六百七十三,673,5
674,六百七十四,674,5
675,九乘七十五,9 * 75,5
676,二十六平方,26 ²,5
677,六百七十七,677,5
678,六百七十八,678,5
679,七乘九十七,7 * 97,5
680,六百八十,680,4
681,七百减十九,700 - 19,5
682,七百减十八,700 - 18,5
683,七百减十七,700 - 17,5
684,七百减十六,700 - 16,5
685,七百减十五,700 - 15,5
686,七百减十四,700 - 14,5
687,七百减十三,700 - 13,5
688,七百减十二,700 - 12,5
689,七百减十一,700 - 11,5
690,七百减十,700 - 10,4
691,七百减九,700 - 9,4
692,七百减八,700 - 8,4
693,七百减七,700 - 7,4
694,七百减六,700 - 6,4
695,七百减五,700 - 5,4
696,七百减四,700 - 4,4
697,七百减三,700 - 3,4
698,七百减二,700 - 2,4
699,七百减一,700 - 1,4
700,七百,700,2
701,七百加一,700 + 1,4
702,七百加二,700 + 2,4
703,七百加三,700 + 3,4
704,七百加四,700 + 4,4
705,七百加五,700 + 5,4
706,七百加六,700 + 6,4
707,七百加七,700 + 7,4
708,七百加八,700 + 8,4
709,七百加九,700 + 9,4
710,七百十,710,3
711,七百十一,711,4
712,七百十二,712,4
713,七百十三,713,4
714,七百十四,714,4
715,七百十五,715,4
716,七百十六,716,4
717,七百十七,717,4
718,七百十八,718,4
719,七百十九,719,4
720,九乘八十,9 * 80,4
721,九立方减八,9 ³ - 8,5
722,九立方减七,9 ³ - 7,5
723,九立方减六,9 ³ - 6,5
724,九立方减五,9 ³ - 5,5
725,九立方减四,9 ³ - 4,5
726,九立方减三,9 ³ - 3,5
727,九立方减二,9 ³ - 2,5
728,九立方减一,9 ³ - 1,5
729,九立方,9 ³,3
730,七百三十,730,4
731,九立方加二,9 ³ + 2,5
732,九立方加三,9 ³ + 3,5
733,九立方加四,9 ³ + 4,5
734,九立方加五,9 ³ + 5,5
735,九立方加六,9 ³ + 6,5
736,八乘九十二,8 * 92,5
737,九立方加八,9 ³ + 8,5
738,九乘八十二,9 * 82,5
739,九立方加十,9 ³ + 10,5
740,七百四十,740,4
741,七百四十一,741,5
742,七百四十二,742,5
743,七百四十三,743,5
744,八乘九十三,8 * 93,5
745,七百四十五,745,5
746,七百四十六,746,5
747,九乘八十三,9 * 83,5
748,七百四十八,748,5
749,七百四十九,749,5
750,半分之半分之三千,3000 / 2 / 2,4
751,七百五十一,751,5
752,八乘九十四,8 * 94,5
753,七百五十三,753,5
754,七百五十四,754,5
755,七百五十五,755,5
756,九乘八十四,9 * 84,5
757,七百五十七,757,5
758,七百五十八,758,5
759,七百五十九,759,5
760,七百六十,760,4
761,七百六十一,761,5
762,七百六十二,762,5
763,七百六十三,763,5
764,七百六十四,764,5
765,九乘八十五,9 * 85,5
766,七百六十六,766,5
767,七百六十七,767,5
768,八乘九十六,8 * 96,5
769,七百六十九,769,5
770,七百七十,770,4
771,七百七十一,771,5
772,七百七十二,772,5
773,七百七十三,773,5
774,九乘八十六,9 * 86,5
775,七百七十五,775,5
776,八乘九十七,8 * 97,5
777,七百七十七,777,5
778,七百七十八,778,5
779,七百七十九,779,5
780,七百八十,780,4
781,八百减十九,800 - 19,5
782,八百减十八,800 - 18,5
783,八百减十七,800 - 17,5
784,二十八平方,28 ²,5
785,八百减十五,800 - 15,5
786,八百减十四,800 - 14,5
787,八百减十三,800 - 13,5
788,八百减十二,800 - 12,5
789,八百减十一,800 - 11,5
790,八百减十,800 - 10,4
791,八百减九,800 - 9,4
792,八百减八,800 - 8,4
793,八百减七,800 - 7,4
794,八百减六,800 - 6,4
795,八百减五,800 - 5,4
796,八百减四,800 - 4,4
797,八百减三,800 - 3,4
798,八百减二,800 - 2,4
799,八百减一,800 - 1,4
800,八百,800,2
801,八百加一,800 + 1,4
802,八百加二,800 + 2,4
803,八百加三,800 + 3,4
804,八百加四,800 + 4,4
805,八百加五,800 + 5,4
806,八百加六,800 + 6,4
807,八百加七,800 + 7,4
808,八百加八,800 + 8,4
809,八百加九,800 + 9,4
810,八百十,810,3
811,八百十一,811,4
812,八百十二,812,4
813,八百十三,813,4
814,八百十四,814,4
815,八百十五,815,4
816,八百十六,816,4
817,八百十七,817,4
818,八百十八,818,4
819,八百十九,819,4
820,八百二十,820,4
821,八百二十一,821,5
822,八百二十二,822,5
823,八百二十三,823,5
824,八百二十四,824,5
825,八百二十五,825,5
826,八百二十六,826,5
827,八百二十七,827,5
828,九乘九十二,9 * 92,5
829,八百二十九,829,5
830,八百三十,830,4
831,八百三十一,831,5
832,八百三十二,832,5
833,八百三十三,833,5
834,八百三十四,834,5
835,八百三十五,835,5
836,八百三十六,836,5
837,九乘九十三,9 * 93,5
838,八百三十八,838,5
839,八百三十九,839,5
840,八百四十,840,4
841,二十九平方,29 ²,5
842,八百四十二,842,5
843,八百四十三,843,5
844,八百四十四,844,5
845,八百四十五,845,5
846,九乘九十四,9 * 94,5
847,八百四十七,847,5
848,八百四十八,848,5
849,八百四十九,849,5
850,八百五十,850,4
851,八百五十一,851,5
852,八百五十二,852,5
853,八百五十三,853,5
854,八百五十四,854,5
855,九乘九十五,9 * 95,5
856,八百五十六,856,5
857,八百五十七,857,5
858,八百五十八,858,5
859,八百五十九,859,5
860,八百六十,860,4
861,八百六十一,861,5
862,八百六十二,862,5
863,八百六十三,863,5
864,半分之十二立方,12 ³ / 2,5
865,八百六十五,865,5
866,八百六十六,866,5
867,八百六十七,867,5
868,八百六十八,868,5
869,八百六十九,869,5
870,八百七十,870,4
871,八百七十一,871,5
872,八百七十二,872,5
873,九乘九十七,9 * 97,5
874,八百七十四,874,5
875,半分之半分之半分之七千,7000 / 2 / 2 / 2,5
876,八百七十六,876,5
877,八百七十七,877,5
878,八百七十八,878,5
879,八百七十九,879,5
880,八百八十,880,4
881,九百减十九,900 - 19,5
882,九百减十八,900 - 18,5
883,九百减十七,900 - 17,5
884,九百减十六,900 - 16,5
885,九百减十五,900 - 15,5
886,九百减十四,900 - 14,5
887,九百减十三,900 - 13,5
888,九百减十二,900 - 12,5
889,九百减十一,900 - 11,5
890,九百减十,900 - 10,4
891,九百减九,900 - 9,4
892,九百减八,900 - 8,4
893,九百减七,900 - 7,4
894,九百减六,900 - 6,4
895,九百减五,900 - 5,4
896,九百减四,900 - 4,4
897,九百减三,900 - 3,4
898,九百减二,900 - 2,4
899,九百减一,900 - 1,4
900,九百,900,2
901,九百加一,900 + 1,4
902,九百加二,900 + 2,4
903,九百加三,900 + 3,4
904,九百加四,900 + 4,4
905,九百加五,900 + 5,4
906,九百加六,900 + 6,4
907,九百加七,900 + 7,4
908,九百加八,900 + 8,4
909,九百加九,900 + 9,4
910,九百十,910,3
911,九百十一,911,4
912,九百十二,912,4
913,九百十三,913,4
914,九百十四,914,4
915,九百十五,915,4
916,九百十六,916,4
917,九百十七,917,4
918,九百十八,918,4
919,九百十九,919,4
920,九百二十,920,4
921,九百二十一,921,5
922,九百二十二,922,5
923,九百二十三,923,5
924,九百二十四,924,5
925,九百二十五,925,5
926,九百二十六,926,5
927,九百二十七,927,5
928,九百二十八,928,5
929,九百二十九,929,5
930,九百三十,930,4
931,九百三十一,931,5
932,九百三十二,932,5
933,九百三十三,933,5
934,九百三十四,934,5
935,九百三十五,935,5
936,九百三十六,936,5
937,九百三十七,937,5
938,九百三十八,938,5
939,九百三十九,939,5
940,九百四十,940,4
941,九百四十一,941,5
942,九百四十二,942,5
943,九百四十三,943,5
944,九百四十四,944,5
945,九百四十五,945,5
946,九百四十六,946,5
947,九百四十七,947,5
948,九百四十八,948,5
949,九百四十九,949,5
950,九百五十,950,4
951,九百五十一,951,5
952,九百五十二,952,5
953,九百五十三,953,5
954,九百五十四,954,5
955,九百五十五,955,5
956,九百五十六,956,5
957,九百五十七,957,5
958,九百五十八,958,5
959,九百五十九,959,5
960,九百六十,960,4
961,三十一平方,31 ²,5
962,九百六十二,962,5
963,九百六十三,963,5
964,九百六十四,964,5
965,九百六十五,965,5
966,九百六十六,966,5
967,九百六十七,967,5
968,九百六十八,968,5
969,九百六十九,969,5
970,九百七十,970,4
971,九百七十一,971,5
972,九百七十二,972,5
973,九百七十三,973,5
974,九百七十四,974,5
975,九百七十五,975,5
976,九百七十六,976,5
977,九百七十七,977,5
978,九百七十八,978,5
979,九百七十九,979,5
980,九百八十,980,4
981,一千减十九,1000 - 19,5
982,一千减十八,1000 - 18,5
983,一千减十七,1000 - 17,5
984,一千减十六,1000 - 16,5
985,一千减十五,1000 - 15,5
986,一千减十四,1000 - 14,5
987,一千减十三,1000 - 13,5
988,一千减十二,1000 - 12,5
989,一千减十一,1000 - 11,5
990,一千减十,1000 - 10,4
991,一千减九,1000 - 9,4
992,一千减八,1000 - 8,4
993,一千减七,1000 - 7,4
994,一千减六,1000 - 6,4
995,一千减五,1000 - 5,4
996,一千减四,1000 - 4,4
997,一千减三,1000 - 3,4
998,一千减二,1000 - 2,4
999,一千减一,1000 - 1,4
1000,一千,1000,2
1001,一千加一,1000 + 1,4
1002,一千加二,1000 + 2,4
1003,一千加三,1000 + 3,4
1004,一千加四,1000 + 4,4
1005,半分之二千十,2010 / 2,4
1006,一千加六,1000 + 6,4
1007,一千加七,1000 + 7,4
1008,一千加八,1000 + 8,4
1009,一千加九,1000 + 9,4
1010,一千十,1010,3
1011,一千十一,1011,4
1012,一千十二,1012,4
1013,一千十三,1013,4
1014,一千十四,1014,4
1015,一千十五,1015,4
1016,一千十六,1016,4
1017,一千十七,1017,4
1018,一千十八,1018,4
1019,一千十九,1019,4
1020,一千二十,1020,4
1021,一千二十一,1021,5
1022,一千二十二,1022,5
1023,一千二十三,1023,5
1024,三十二平方,32 ²,5
1025,半分之二千五十,2050 / 2,5
1026,一千二十六,1026,5
1027,一千二十七,1027,5
1028,一千二十八,1028,5
1029,三乘七立方,3 * 7 ³,5
1030,一千三十,1030,4
1031,一千三十一,1031,5
1032,一千三十二,1032,5
1033,一千三十三,1033,5
1034,一千三十四,1034,5
1035,半分之二千七十,2070 / 2,5
1036,一千三十六,1036,5
1037,一千三十七,1037,5
1038,一千三十八,1038,5
1039,一千三十九,1039,5
1040,一千四十,1040,4
1041,一千四十一,1041,5
1042,一千四十二,1042,5
1043,一千四十三,1043,5
1044,一千四十四,1044,5
1045,半分之二千九十,2090 / 2,5
1046,一千四十六,1046,5
1047,一千四十七,1047,5
1048,一千四十八,1048,5
1049,一千四十九,1049,5
1050,一千五十,1050,4
1051,一千五十一,1051,5
1052,一千五十二,1052,5
1053,一千五十三,1053,5
1054,一千五十四,1054,5
1055,一千五十五,1055,5
1056,一千五十六,1056,5
1057,一千五十七,1057,5
1058,一千五十八,1058,5
1059,一千五十九,1059,5
1060,一千六十,1060,4
1061,一千六十一,1061,5
1062,一千六十二,1062,5
1063,一千六十三,1063,5
1064,一千六十四,1064,5
1065,一千六十五,1065,5
1066,一千六十六,1066,5
1067,一千六十七,1067,5
1068,一千六十八,1068,5
1069,一千六十九,1069,5
1070,一千七十,1070,4
1071,一千七十一,1071,5
1072,一千七十二,1072,5
1073,一千七十三,1073,5
1074,一千七十四,1074,5
1075,一千七十五,1075,5
1076,一千七十六,1076,5
1077,一千七十七,1077,5
1078,一千七十八,1078,5
1079,一千七十九,1079,5
1080,一千八十,1080,4
1081,一千八十一,1081,5
1082,一千八十二,1082,5
1083,一千八十三,1083,5
1084,一千八十四,1084,5
1085,一千八十五,1085,5
1086,一千八十六,1086,5
1087,一千八十七,1087,5
1088,一千八十八,1088,5
1089,三十三平方,33 ²,5
1090,一千九十,1090,4
1091,一千九十一,1091,5
1092,一千九十二,1092,5
1093,一千九十三,1093,5
1094,一千九十四,1094,5
1095,一千九十五,1095,5
1096,一千九十六,1096,5
1097,一千九十七,1097,5
1098,一千九十八,1098,5
1099,一千九十九,1099,5
1100,一千一百,1100,4
1101,一千一百加一,1100 + 1,6
1102,十九乘五十八,19 * 58,6
1103,一千一百加三,1100 + 3,6
1104,十六乘六十九,16 * 69,6
1105,半分之二千二百十,2210 / 2,6
1106,十四乘七十九,14 * 79,6
1107,一千一百加七,1100 + 7,6
1108,一千一百加八,1100 + 8,6
1109,一千一百加九,1100 + 9,6
1110,一千一百十,1110,5
1111,一千一百十一,1111,6
1112,六百加八立方,600 + 8 ³,6
1113,一千一百十三,1113,6
1114,一千一百十四,1114,6
1115,一千一百十五,1115,6
1116,十八乘六十二,18 * 62,6
1117,一千一百十七,1117,6
1118,十三乘八十六,13 * 86,6
1119,一千一百十九,1119,6
1120,十六乘七十,16 * 70,5
1121,十九乘五十九,19 * 59,6
1122,十七乘六十六,17 * 66,6
1123,半分之半分之半分之九千减二,9000 / 2 / 2 / 2 - 2,7
1124,半分之半分之半分之九千减一,9000 / 2 / 2 / 2 - 1,7
1125,半分之半分之半分之九千,9000 / 2 / 2 / 2,5
1126,半分之半分之半分之九千零八,9008 / 2 / 2 / 2,7
1127,半分之半分之半分之九千十六,9016 / 2 / 2 / 2,7
1128,十二乘九十四,12 * 94,6
1129,九立方加四百,9 ³ + 400,6
1130,十乘一百十三,10 * 113,6
1131,十三乘八十七,13 * 87,6
1132,十九乘六十减八,19 * 60 - 8,7
1133,十九乘六十减七,19 * 60 - 7,7
1134,十八乘七乘九,18 * 7 * 9,6
1135,半分之半分之半分之九千八十,9080 / 2 / 2 / 2,7
1136,十六乘七十一,16 * 71,6
1137,十九乘六十减三,19 * 60 - 3,7
1138,十九乘六十减二,19 * 60 - 2,7
1139,十七乘六十七,17 * 67,6
1140,十九乘六十,19 * 60,5
1141,半分之二千三百减九,2300 / 2 - 9,7
1142,半分之二千三百减八,2300 / 2 - 8,7
1143,第七十分之八万十,80010 / 70,6
1144,十三乘八十八,13 * 88,6
1145,半分之二千二百九十,2290 / 2,7
1146,三十四平方减十,34 ² - 10,7
1147,三十四平方减九,34 ² - 9,7
1148,十四乘八十二,14 * 82,6
1149,三十四平方减七,34 ² - 7,7
1150,半分之二千三百,2300 / 2,5
1151,半分之二千三百零二,2302 / 2,7
1152,半分之四十八平方,48 ² / 2,6
1153,半分之二千三百零六,2306 / 2,7
1154,半分之二千三百零八,2308 / 2,7
1155,半分之二千三百十,2310 / 2,6
1156,三十四平方,34 ²,5
1157,十三乘八十九,13 * 89,6
1158,半分之二千三百十六,2316 / 2,7
1159,十九乘六十一,19 * 61,6
1160,二十九乘四十,29 * 40,6
1161,十三乘九十减九,13 * 90 - 9,7
1162,十四乘八十三,14 * 83,6
1163,十三乘九十减七,13 * 90 - 7,7
1164,十二乘九十七,12 * 97,6
1165,半分之二千三百三十,2330 / 2,7
1166,十三乘九十减四,13 * 90 - 4,7
1167,第六十分之七万二十,70020 / 60,7
1168,十六乘七十三,16 * 73,6
1169,七千十四除以六,7014 / 6,7
1170,十三乘九十,13 * 90,5
1171,十三乘九十加一,13 * 90 + 1,7
1172,四乘二百九十三,4 * 293,7
1173,十七乘六十九,17 * 69,6
1174,二乘五百八十七,2 * 587,7
1175,半分之半分之四千七百,4700 / 2 / 2,6
1176,十四乘八十四,14 * 84,6
1177,十一乘一百零七,11 * 107,7
1178,十九乘六十二,19 * 62,6
1179,九乘一百三十一,9 * 131,7
1180,二十乘五十九,20 * 59,6
1181,十七乘七十减九,17 * 70 - 9,7
1182,十七乘七十减八,17 * 70 - 8,7
1183,十三乘九十一,13 * 91,6
1184,十六乘七十四,16 * 74,6
1185,十五乘七十九,15 * 79,6
1186,十七乘七十减四,17 * 70 - 4,7
1187,十七乘七十减三,17 * 70 - 3,7
1188,十八乘六十六,18 * 66,6
1189,十七乘七十减一,17 * 70 - 1,7
1190,十七乘七十,17 * 70,5
1191,六乘二百减九,6 * 200 - 9,6
1192,六乘二百减八,6 * 200 - 8,6
1193,六乘二百减七,6 * 200 - 7,6
1194,六乘二百减六,6 * 200 - 6,6
1195,六乘二百减五,6 * 200 - 5,6
1196,六乘二百减四,6 * 200 - 4,6
1197,六乘二百减三,6 * 200 - 3,6
1198,六乘二百减二,6 * 200 - 2,6
1199,六乘二百减一,6 * 200 - 1,6
1200,六乘二百,6 * 200,4
1201,六乘二百加一,6 * 200 + 1,6
1202,六千十除以五,6010 / 5,6
1203,三乘四百零一,3 * 401,6
1204,十四乘八十六,14 * 86,6
1205,半分之二千四百十,2410 / 2,6
1206,十八乘六十七,18 * 67,6
1207,十七乘七十一,17 * 71,6
1208,四乘三百零二,4 * 302,6
1209,十三乘九十三,13 * 93,6
1210,一千二百十,1210,5
1211,一千二百十一,1211,6
1212,六乘二百零二,6 * 202,6
1213,一千二百十三,1213,6
1214,二乘六百零七,2 * 607,6
1215,十五乘九平方,15 * 9 ²,6
1216,十九乘四立方,19 * 4 ³,6
1217,一千二百十七,1217,6
1218,十四乘八十七,14 * 87,6
1219,一千二百十九,1219,6
1220,二乘六百十,2 * 610,5
1221,三乘四百零七,3 * 407,6
1222,十三乘九十四,13 * 94,6
1223,三乘四百十减七,3 * 410 - 7,7
1224,十八乘六十八,18 * 68,6
1225,半分之七十平方,(70 / 2) ²,5
1226,二乘六百十三,2 * 613,6
1227,三乘四百零九,3 * 409,6
1228,四乘三百零七,4 * 307,6
1229,九立方加五百,9 ³ + 500,6
1230,三乘四百十,3 * 410,5
1231,四乘三百十减九,4 * 310 - 9,7
1232,十六乘七十七,16 * 77,6
1233,三乘四百十一,3 * 411,6
1234,二乘六百十七,2 * 617,6
1235,十九乘六十五,19 * 65,6
1236,六乘二百零六,6 * 206,6
1237,四乘三百十减三,4 * 310 - 3,7
1238,二乘六百十九,2 * 619,6
1239,三乘四百十三,3 * 413,6
1240,四乘三百十,4 * 310,5
1241,半分之半分之五千减九,5000 / 2 / 2 - 9,6
1242,半分之半分之五千减八,5000 / 2 / 2 - 8,6
1243,半分之半分之五千减七,5000 / 2 / 2 - 7,6
1244,半分之半分之五千减六,5000 / 2 / 2 - 6,6
1245,半分之半分之五千减五,5000 / 2 / 2 - 5,6
1246,半分之半分之五千减四,5000 / 2 / 2 - 4,6
1247,半分之半分之五千减三,5000 / 2 / 2 - 3,6
1248,半分之半分之五千减二,5000 / 2 / 2 - 2,6
1249,半分之半分之五千减一,5000 / 2 / 2 - 1,6
1250,半分之半分之五千,5000 / 2 / 2,4
1251,半分之半分之五千零四,5004 / 2 / 2,6
1252,半分之半分之五千零八,5008 / 2 / 2,6
1253,半分之半分之五千十二,5012 / 2 / 2,6
1254,半分之半分之五千十六,5016 / 2 / 2,6
1255,半分之半分之五千二十,5020 / 2 / 2,6
1256,四乘三百十四,4 * 314,6
1257,三乘四百十九,3 * 419,6
1258,十七乘七十四,17 * 74,6
1259,半分之半分之五千加九,5000 / 2 / 2 + 9,6
1260,十八乘七十,18 * 70,5
1261,十三乘九十七,13 * 97,6
1262,半分之半分之五千四十八,5048 / 2 / 2,7
1263,半分之半分之五千五十二,5052 / 2 / 2,7
1264,十六乘七十九,16 * 79,6
1265,半分之半分之五千六十,5060 / 2 / 2,6
1266,六乘二百十一,6 * 211,6
1267,半分之半分之五千六十八,5068 / 2 / 2,7
1268,四乘三百十七,4 * 317,6
1269,半分之半分之五千七十六,5076 / 2 / 2,7
1270,半分之半分之五千八十,5080 / 2 / 2,6
1271,二千减九立方,2000 - 9 ³,6
1272,六乘二百十二,6 * 212,6
1273,十九乘六十七,19 * 67,6
1274,十四乘九十一,14 * 91,6
1275,半分之半分之五千一百,5100 / 2 / 2,6
1276,四乘三百十九,4 * 319,6
1277,十六乘八十减三,16 * 80 - 3,7
1278,十八乘七十一,18 * 71,6
1279,十六乘八十减一,16 * 80 - 1,7
1280,十六乘八十,16 * 80,5
1281,十一立方减五十,11 ³ - 50,7
1282,一千三百减十八,1300 - 18,7
1283,一千三百减十七,1300 - 17,7
1284,六乘二百十四,6 * 214,6
1285,半分之二千五百七十,2570 / 2,7
1286,第七十分之九万二十,90020 / 70,7
1287,十三乘九十九,13 * 99,6
1288,十四乘九十二,14 * 92,6
1289,六平方平方减七,(6 ²) ² - 7,7
1290,一千三百减十,1300 - 10,6
1291,一千三百减九,1300 - 9,6
1292,一千三百减八,1300 - 8,6
1293,一千三百减七,1300 - 7,6
1294,一千三百减六,1300 - 6,6
1295,一千三百减五,1300 - 5,6
1296,六平方平方,(6 ²) ²,5
1297,一千三百减三,1300 - 3,6
1298,一千三百减二,1300 - 2,6
1299,一千三百减一,1300 - 1,6
1300,一千三百,1300,4
1301,一千三百加一,1300 + 1,6
1302,十四乘九十三,14 * 93,6
1303,一千三百加三,1300 + 3,6
1304,一千三百加四,1300 + 4,6
1305,半分之二千六百十,2610 / 2,6
1306,一千三百加六,1300 + 6,6
1307,一千三百加七,1300 + 7,6
1308,六乘二百十八,6 * 218,6
1309,十七乘七十七,17 * 77,6
1310,一千三百十,1310,5
1311,十九乘六十九,19 * 69,6
1312,十六乘八十二,16 * 82,6
1313,一千三百十三,1313,6
1314,十八乘七十三,18 * 73,6
1315,一千三百十五,1315,6
1316,十四乘九十四,14 * 94,6
1317,一千三百十七,1317,6
1318,一千三百十八,1318,6
1319,一千三百十九,1319,6
1320,三十三乘四十,33 * 40,6
1321,十一立方减十,11 ³ - 10,6
1322,十一立方减九,11 ³ - 9,6
1323,十一立方减八,11 ³ - 8,6
1324,十一立方减七,11 ³ - 7,6
1325,半分之半分之五千三百,5300 / 2 / 2,6
1326,十一立方减五,11 ³ - 5,6
1327,十一立方减四,11 ³ - 4,6
1328,十一立方减三,11 ³ - 3,6
1329,十一立方减二,11 ³ - 2,6
1330,十九乘七十,19 * 70,5
1331,十一立方,11 ³,4
1332,十八乘七十四,18 * 74,6
1333,十一立方加二,11 ³ + 2,6
1334,十一立方加三,11 ³ + 3,6
1335,八千十除以六,8010 / 6,6
1336,十一立方加五,11 ³ + 5,6
1337,十一立方加六,11 ³ + 6,6
1338,十一立方加七,11 ³ + 7,6
1339,十一立方加八,11 ³ + 8,6
1340,二十乘六十七,20 * 67,6
1341,十一立方加十,11 ³ + 10,6
1342,半分之二千七百减八,2700 / 2 - 8,7
1343,十七乘七十九,17 * 79,6
1344,十六乘八十四,16 * 84,6
1345,半分之二千六百九十,2690 / 2,7
1346,半分之二千七百减四,2700 / 2 - 4,7
1347,半分之二千七百减三,2700 / 2 - 3,7
1348,半分之二千七百减二,2700 / 2 - 2,7
1349,十九乘七十一,19 * 71,6
1350,半分之二千七百,2700 / 2,5
1351,半分之二千七百零二,2702 / 2,7
1352,半分之五十二平方,52 ² / 2,6
1353,半分之二千七百零六,2706 / 2,7
1354,半分之二千七百零八,2708 / 2,7
1355,半分之二千七百十,2710 / 2,6
1356,半分之二千七百十二,2712 / 2,7
1357,半分之二千七百十四,2714 / 2,7
1358,十四乘九十七,14 * 97,6
1359,半分之二千七百十八,2718 / 2,7
1360,十七乘八十,17 * 80,5
1361,三十七平方减八,37 ² - 8,7
1362,半分之十四立方减十,14 ³ / 2 - 10,7
1363,半分之十四立方减九,14 ³ / 2 - 9,7
1364,半分之十四立方减八,14 ³ / 2 - 8,7
1365,十五乘九十一,15 * 91,6
1366,半分之十四立方减六,14 ³ / 2 - 6,7
1367,半分之十四立方减五,14 ³ / 2 - 5,7
1368,十九乘八乘九,19 * 8 * 9,6
1369,三十七平方,37 ²,5
1370,一千三百七十,1370,6
1371,半分之十四立方减一,14 ³ / 2 - 1,7
1372,半分之十四立方,14 ³ / 2,5
1373,半分之十四立方加一,14 ³ / 2 + 1,7
1374,六乘二百二十九,6 * 229,7
1375,半分之半分之五千五百,5500 / 2 / 2,6
1376,十六乘八十六,16 * 86,6
1377,十七乘九平方,17 * 9 ²,6
1378,二十六乘五十三,26 * 53,7
1379,七乘一百九十七,7 * 197,7
1380,二十三乘六十,23 * 60,6
1381,七乘二百减十九,7 * 200 - 19,7
1382,七乘二百减十八,7 * 200 - 18,7
1383,七乘二百减十七,7 * 200 - 17,7
1384,七乘二百减十六,7 * 200 - 16,7
1385,半分之二千七百七十,2770 / 2,7
1386,十八乘七十七,18 * 77,6
1387,十九乘七十三,19 * 73,6
1388,七乘二百减十二,7 * 200 - 12,7
1389,七乘二百减十一,7 * 200 - 11,7
1390,七乘二百减十,7 * 200 - 10,6
1391,七乘二百减九,7 * 200 - 9,6
1392,七乘二百减八,7 * 200 - 8,6
1393,七乘二百减七,7 * 200 - 7,6
1394,七乘二百减六,7 * 200 - 6,6
1395,七乘二百减五,7 * 200 - 5,6
1396,七乘二百减四,7 * 200 - 4,6
1397,七乘二百减三,7 * 200 - 3,6
1398,七乘二百减二,7 * 200 - 2,6
1399,七乘二百减一,7 * 200 - 1,6
1400,七乘二百,7 * 200,4
1401,七乘二百加一,7 * 200 + 1,6
1402,七千十除以五,7010 / 5,6
1403,七乘二百加三,7 * 200 + 3,6
1404,十八乘七十八,18 * 78,6
1405,半分之二千八百十,2810 / 2,6
1406,十九乘七十四,19 * 74,6
1407,七乘二百零一,7 * 201,6
1408,十六乘八十八,16 * 88,6
1409,七乘二百加九,7 * 200 + 9,6
1410,一千四百十,1410,5
1411,十七乘八十三,17 * 83,6
1412,二乘七百零六,2 * 706,6
1413,一千四百十三,1413,6
1414,七乘二百零二,7 * 202,6
1415,一千四百十五,1415,6
1416,二乘七百零八,2 * 708,6
1417,一千四百十七,1417,6
1418,二乘七百零九,2 * 709,6
1419,一千四百十九,1419,6
1420,二乘七百十,2 * 710,5
1421,七乘二百零三,7 * 203,6
1422,十八乘七十九,18 * 79,6
1423,半分之三千减七十七,3000 / 2 - 77,7
1424,十六乘八十九,16 * 89,6
1425,半分之半分之五千七百,5700 / 2 / 2,6
1426,二乘七百十三,2 * 713,6
1427,半分之三千减七十三,3000 / 2 - 73,7
1428,十七乘八十四,17 * 84,6
1429,九立方加七百,9 ³ + 700,6
1430,一万十除以七,10010 / 7,6
1431,一万十七除以七,10017 / 7,7
1432,二乘七百十六,2 * 716,6
1433,十八乘八十减七,18 * 80 - 7,7
1434,二乘七百十七,2 * 717,6
1435,七乘半分之四百十,7 * 410 / 2,6
1436,二乘七百十八,2 * 718,6
1437,三十八平方减七,38 ² - 7,7
1438,二乘七百十九,2 * 719,6
1439,三十八平方减五,38 ² - 5,7
1440,十八乘八十,18 * 80,5
1441,半分之二千九百减九,2900 / 2 - 9,7
1442,七乘二百零六,7 * 206,6
1443,半分之二千九百减七,2900 / 2 - 7,7
1444,三十八平方,38 ²,5
1445,十七乘八十五,17 * 85,6
1446,半分之二千九百减四,2900 / 2 - 4,7
1447,半分之二千九百减三,2900 / 2 - 3,7
1448,二乘九立方减十,2 * 9 ³ - 10,7
1449,七乘二百零七,7 * 207,6
1450,半分之二千九百,2900 / 2,5
1451,半分之二千九百零二,2902 / 2,7
1452,半分之二千九百零四,2904 / 2,7
1453,半分之二千九百零六,2906 / 2,7
1454,半分之二千九百零八,2908 / 2,7
1455,半分之二千九百十,2910 / 2,6
1456,十六乘九十一,16 * 91,6
1457,半分之二千九百十四,2914 / 2,7
1458,二乘九立方,2 * 9 ³,5
1459,半分之二千九百十八,2918 / 2,7
1460,半分之三千减四十,3000 / 2 - 40,6
1461,七乘二百十减九,7 * 210 - 9,7
1462,十七乘八十六,17 * 86,6
1463,十九乘七十七,19 * 77,6
1464,七乘二百十减六,7 * 210 - 6,7
1465,半分之二千九百三十,2930 / 2,7
1466,七乘二百十减四,7 * 210 - 4,7
1467,七乘二百十减三,7 * 210 - 3,7
1468,七乘二百十减二,7 * 210 - 2,7
1469,七乘二百十减一,7 * 210 - 1,7
1470,七乘二百十,7 * 210,5
1471,半分之三千减二十九,3000 / 2 - 29,7
1472,十六乘九十二,16 * 92,6
1473,半分之三千减三立方,3000 / 2 - 3 ³,7
1474,半分之三千减二十六,3000 / 2 - 26,7
1475,半分之半分之五千九百,5900 / 2 / 2,6
1476,十八乘八十二,18 * 82,6
1477,七乘二百十一,7 * 211,6
1478,半分之三千减二十二,3000 / 2 - 22,7
1479,十七乘八十七,17 * 87,6
1480,半分之三千减二十,3000 / 2 - 20,6
1481,半分之三千减十九,3000 / 2 - 19,6
1482,半分之三千减十八,3000 / 2 - 18,6
1483,半分之三千减十七,3000 / 2 - 17,6
1484,半分之三千减十六,3000 / 2 - 16,6
1485,半分之三千减十五,3000 / 2 - 15,6
1486,半分之三千减十四,3000 / 2 - 14,6
1487,半分之三千减十三,3000 / 2 - 13,6
1488,半分之三千减十二,3000 / 2 - 12,6
1489,半分之三千减十一,3000 / 2 - 11,6
1490,半分之三千减十,3000 / 2 - 10,5
1491,半分之三千减九,3000 / 2 - 9,5
1492,半分之三千减八,3000 / 2 - 8,5
1493,半分之三千减七,3000 / 2 - 7,5
1494,半分之三千减六,3000 / 2 - 6,5
1495,半分之三千减五,3000 / 2 - 5,5
1496,半分之三千减四,3000 / 2 - 4,5
1497,半分之三千减三,3000 / 2 - 3,5
1498,半分之三千减二,3000 / 2 - 2,5
1499,半分之三千减一,3000 / 2 - 1,5
1500,半分之三千,3000 / 2,3
1501,半分之三千零二,3002 / 2,5
1502,半分之三千零四,3004 / 2,5
1503,半分之三千零六,3006 / 2,5
1504,半分之三千零八,3008 / 2,5
1505,半分之三千十,3010 / 2,4
1506,半分之三千十二,3012 / 2,5
1507,半分之三千十四,3014 / 2,5
1508,半分之三千十六,3016 / 2,5
1509,半分之三千十八,3018 / 2,5
1510,半分之三千二十,3020 / 2,5
1511,半分之三千二十二,3022 / 2,6
1512,七乘六立方,7 * 6 ³,5
1513,半分之三千二十六,3026 / 2,6
1514,半分之三千二十八,3028 / 2,6
1515,半分之三千三十,3030 / 2,5
1516,半分之三千三十二,3032 / 2,6
1517,半分之三千三十四,3034 / 2,6
1518,半分之三千三十六,3036 / 2,6
1519,半分之三千三十八,3038 / 2,6
1520,半分之三千四十,3040 / 2,5
1521,三十九平方,39 ²,5
1522,半分之三千四十四,3044 / 2,6
1523,半分之三千四十六,3046 / 2,6
1524,半分之三千四十八,3048 / 2,6
1525,半分之三千五十,3050 / 2,5
1526,半分之三千五十二,3052 / 2,6
1527,半分之三千五十四,3054 / 2,6
1528,半分之三千五十六,3056 / 2,6
1529,半分之三千五十八,3058 / 2,6
1530,半分之三千六十,3060 / 2,5
1531,半分之三千六十二,3062 / 2,6
1532,半分之三千六十四,3064 / 2,6
1533,半分之三千六十六,3066 / 2,6
1534,半分之三千六十八,3068 / 2,6
1535,半分之三千七十,3070 / 2,5
1536,三乘八立方,3 * 8 ³,5
1537,半分之三千七十四,3074 / 2,6
1538,半分之三千七十六,3076 / 2,6
1539,半分之三千七十八,3078 / 2,6
1540,半分之三千八十,3080 / 2,5
1541,半分之三千八十二,3082 / 2,6
1542,半分之三千八十四,3084 / 2,6
1543,半分之三千八十六,3086 / 2,6
1544,半分之三千八十八,3088 / 2,6
1545,半分之三千九十,3090 / 2,5
1546,半分之三千九十二,3092 / 2,6
1547,半分之三千九十四,3094 / 2,6
1548,半分之三千九十六,3096 / 2,6
1549,半分之三千九十八,3098 / 2,6
1550,半分之三千一百,3100 / 2,5
1551,三乘五百十七,3 * 517,6
1552,十六乘九十七,16 * 97,6
1553,半分之三千一百零六,3106 / 2,7
1554,三乘五百十八,3 * 518,6
1555,半分之三千一百十,3110 / 2,6
1556,半分之三千一百十二,3112 / 2,7
1557,三乘五百十九,3 * 519,6
1558,十九乘八十二,19 * 82,6
1559,半分之三千一百十八,3118 / 2,7
1560,三十九乘四十,39 * 40,6
1561,七乘二百二十三,7 * 223,7
1562,二十二乘七十一,22 * 71,7
1563,三乘五百二十一,3 * 521,7
1564,十七乘九十二,17 * 92,6
1565,五乘三百十三,5 * 313,6
1566,十八乘八十七,18 * 87,6
1567,半分之三千加六十七,3000 / 2 + 67,7
1568,半分之五十六平方,56 ² / 2,6
1569,三乘五百二十三,3 * 523,7
1570,五乘三百十四,5 * 314,6
1571,半分之三千加七十一,3000 / 2 + 71,7
1572,六乘二百六十二,6 * 262,7
1573,十三乘十一平方,13 * 11 ²,7
1574,二乘七百八十七,2 * 787,7
1575,半分之半分之六千三百,6300 / 2 / 2,6
1576,八乘一百九十七,8 * 197,7
1577,十九乘八十三,19 * 83,6
1578,六乘二百六十三,6 * 263,7
1579,半分之三千加七十九,3000 / 2 + 79,7
1580,二十乘七十九,20 * 79,6
1581,十七乘九十三,17 * 93,6
1582,四十平方减十八,40 ² - 18,7
1583,四十平方减十七,40 ² - 17,7
1584,十八乘八十八,18 * 88,6
1585,五乘三百十七,5 * 317,6
1586,四十平方减十四,40 ² - 14,7
1587,四十平方减十三,40 ² - 13,7
1588,四十平方减十二,40 ² - 12,7
1589,四十平方减十一,40 ² - 11,7
1590,四十平方减十,40 ² - 10,6
1591,四十平方减九,40 ² - 9,6
1592,四十平方减八,40 ² - 8,6
1593,四十平方减七,40 ² - 7,6
1594,四十平方减六,40 ² - 6,6
1595,四十平方减五,40 ² - 5,6
1596,四十平方减四,40 ² - 4,6
1597,四十平方减三,40 ² - 3,6
1598,四十平方减二,40 ² - 2,6
1599,四十平方减一,40 ² - 1,6
1600,四十平方,40 ²,4
1601,四十平方加一,40 ² + 1,6
1602,八千十除以五,8010 / 5,6
1603,四十平方加三,40 ² + 3,6
1604,四乘四百零一,4 * 401,6
1605,半分之三千二百十,3210 / 2,6
1606,二乘八百零三,2 * 803,6
1607,四十平方加七,40 ² + 7,6
1608,八乘二百零一,8 * 201,6
1609,四十平方加九,40 ² + 9,6
1610,一千六百十,1610,5
1611,一千六百十一,1611,6
1612,四乘四百零三,4 * 403,6
1613,一千六百十三,1613,6
1614,二乘八百零七,2 * 807,6
1615,十九乘八十五,19 * 85,6
1616,八乘二百零二,8 * 202,6
1617,一千六百十七,1617,6
1618,二乘八百零九,2 * 809,6
1619,一千六百十九,1619,6
1620,十八乘九十,18 * 90,5
1621,十八乘九十加一,18 * 90 + 1,7
1622,二乘八百十一,2 * 811,6
1623,三乘五百四十一,3 * 541,7
1624,八乘二百零三,8 * 203,6
1625,半分之半分之六千五百,6500 / 2 / 2,6
1626,二乘八百十三,2 * 813,6
1627,十八乘九十加七,18 * 90 + 7,7
1628,四乘四百零七,4 * 407,6
1629,九百加九立方,900 + 9 ³,6
1630,二乘八百十五,2 * 815,6
1631,四乘四百十减九,4 * 410 - 9,7
1632,十七乘九十六,17 * 96,6
1633,四乘四百十减七,4 * 410 - 7,7
1634,十九乘八十六,19 * 86,6
1635,半分之三千二百七十,3270 / 2,7
1636,四乘四百零九,4 * 409,6
1637,四乘四百十减三,4 * 410 - 3,7
1638,十八乘九十一,18 * 91,6
1639,四乘四百十减一,4 * 410 - 1,7
1640,四乘四百十,4 * 410,5
1641,半分之三千三百减九,3300 / 2 - 9,7
1642,半分之三千三百减八,3300 / 2 - 8,7
1643,半分之三千三百减七,3300 / 2 - 7,7
1644,四乘四百十一,4 * 411,6
1645,半分之三千二百九十,3290 / 2,7
1646,半分之三千三百减四,3300 / 2 - 4,7
1647,半分之三千三百减三,3300 / 2 - 3,7
1648,八乘二百零六,8 * 206,6
1649,十七乘九十七,17 * 97,6
1650,半分之三千三百,3300 / 2,5
1651,半分之三千三百零二,3302 / 2,7
1652,四乘四百十三,4 * 413,6
1653,十九乘八十七,19 * 87,6
1654,半分之三千三百零八,3308 / 2,7
1655,半分之三千三百十,3310 / 2,6
1656,十八乘九十二,18 * 92,6
1657,二千减七立方,2000 - 7 ³,6
1658,半分之三千三百十六,3316 / 2,7
1659,半分之三千三百十八,3318 / 2,7
1660,二十乘八十三,20 * 83,6
1661,一千六百六十一,1661,7
1662,六乘二百七十七,6 * 277,7
1663,一千六百六十三,1663,7
1664,八乘二百零八,8 * 208,6
1665,半分之三千三百三十,3330 / 2,7
1666,十七乘九十八,17 * 98,6
1667,第三十分之五万十,50010 / 30,6
1668,四乘四百十七,4 * 417,6
1669,第三十分之五万七十,50070 / 30,7
1670,五千十除以三,5010 / 3,6
1671,五千十三除以三,5013 / 3,7
1672,十九乘八十八,19 * 88,6
1673,五千十九除以三,5019 / 3,7
1674,十八乘九十三,18 * 93,6
1675,半分之半分之六千七百,6700 / 2 / 2,6
1676,四乘四百十九,4 * 419,6
1677,四十一平方减四,41 ² - 4,7
1678,四十一平方减三,41 ² - 3,7
1679,四十一平方减二,41 ² - 2,7
1680,八乘二百十,8 * 210,5
1681,四十一平方,41 ²,5
1682,半分之五十八平方,58 ² / 2,6
1683,十七乘九十九,17 * 99,6
1684,一千七百减十六,1700 - 16,7
1685,半分之三千三百七十,3370 / 2,7
1686,一千七百减十四,1700 - 14,7
1687,一千七百减十三,1700 - 13,7
1688,八乘二百十一,8 * 211,6
1689,一千七百减十一,1700 - 11,7
1690,一千七百减十,1700 - 10,6
1691,一千七百减九,1700 - 9,6
1692,一千七百减八,1700 - 8,6
1693,一千七百减七,1700 - 7,6
1694,一千七百减六,1700 - 6,6
1695,一千七百减五,1700 - 5,6
1696,一千七百减四,1700 - 4,6
1697,一千七百减三,1700 - 3,6
1698,一千七百减二,1700 - 2,6
1699,一千七百减一,1700 - 1,6
1700,一千七百,1700,4
1701,一千七百加一,1700 + 1,6
1702,一千七百加二,1700 + 2,6
1703,一千七百加三,1700 + 3,6
1704,八乘二百十三,8 * 213,6
1705,半分之三千四百十,3410 / 2,6
1706,一千七百加六,1700 + 6,6
1707,一千七百加七,1700 + 7,6
1708,一千七百加八,1700 + 8,6
1709,一千七百加九,1700 + 9,6
1710,十九乘九十,19 * 90,5
1711,一千七百十一,1711,6
1712,八乘二百十四,8 * 214,6
1713,一千七百十三,1713,6
1714,一千七百十四,1714,6
1715,五乘七立方,5 * 7 ³,5
1716,一千七百十六,1716,6
1717,一千七百十七,1717,6
1718,十二立方减十,12 ³ - 10,6
1719,十二立方减九,12 ³ - 9,6
1720,十二立方减八,12 ³ - 8,6
1721,十二立方减七,12 ³ - 7,6
1722,十二立方减六,12 ³ - 6,6
1723,十二立方减五,12 ³ - 5,6
1724,十二立方减四,12 ³ - 4,6
1725,半分之半分之六千九百,6900 / 2 / 2,6
1726,十二立方减二,12 ³ - 2,6
1727,十二立方减一,12 ³ - 1,6
1728,十二立方,12 ³,4
1729,十九乘九十一,19 * 91,6
1730,十二立方加二,12 ³ + 2,6
1731,十二立方加三,12 ³ + 3,6
1732,十二立方加四,12 ³ + 4,6
1733,十二立方加五,12 ³ + 5,6
1734,六乘十七平方,6 * 17 ²,6
1735,十二立方加七,12 ³ + 7,6
1736,八乘二百十七,8 * 217,6
1737,十二立方加九,12 ³ + 9,6
1738,十二立方加十,12 ³ + 10,6
1739,半分之半分之七千减十一,7000 / 2 / 2 - 11,7
1740,半分之半分之七千减十,7000 / 2 / 2 - 10,6
1741,半分之半分之七千减九,7000 / 2 / 2 - 9,6
1742,半分之半分之七千减八,7000 / 2 / 2 - 8,6
1743,半分之半分之七千减七,7000 / 2 / 2 - 7,6
1744,半分之半分之七千减六,7000 / 2 / 2 - 6,6
1745,半分之半分之七千减五,7000 / 2 / 2 - 5,6
1746,半分之半分之七千减四,7000 / 2 / 2 - 4,6
1747,半分之半分之七千减三,7000 / 2 / 2 - 3,6
1748,半分之半分之七千减二,7000 / 2 / 2 - 2,6
1749,半分之半分之七千减一,7000 / 2 / 2 - 1,6
1750,半分之半分之七千,7000 / 2 / 2,4
1751,半分之半分之七千零四,7004 / 2 / 2,6
1752,半分之半分之七千零八,7008 / 2 / 2,6
1753,半分之半分之七千十二,7012 / 2 / 2,6
1754,半分之半分之七千十六,7016 / 2 / 2,6
1755,半分之半分之七千二十,7020 / 2 / 2,6
1756,半分之半分之七千加六,7000 / 2 / 2 + 6,6
1757,半分之半分之七千加七,7000 / 2 / 2 + 7,6
1758,半分之半分之七千加八,7000 / 2 / 2 + 8,6
1759,半分之半分之七千加九,7000 / 2 / 2 + 9,6
1760,半分之半分之七千四十,7040 / 2 / 2,6
1761,半分之半分之七千四十四,7044 / 2 / 2,7
1762,半分之半分之七千四十八,7048 / 2 / 2,7
1763,半分之半分之七千五十二,7052 / 2 / 2,7
1764,四十二平方,42 ²,5
1765,半分之半分之七千六十,7060 / 2 / 2,6
1766,半分之半分之七千六十四,7064 / 2 / 2,7
1767,十九乘九十三,19 * 93,6
1768,半分之半分之七千七十二,7072 / 2 / 2,7
1769,半分之半分之七千七十六,7076 / 2 / 2,7
1770,半分之半分之七千八十,7080 / 2 / 2,6
1771,半分之半分之七千八十四,7084 / 2 / 2,7
1772,半分之半分之七千八十八,7088 / 2 / 2,7
1773,半分之半分之七千九十二,7092 / 2 / 2,7
1774,半分之半分之七千九十六,7096 / 2 / 2,7
1775,半分之半分之七千一百,7100 / 2 / 2,6
1776,三十七乘六乘八,37 * 6 * 8,7
1777,一千七百七十七,1777,7
1778,七乘半分之五百零八,7 * 508 / 2,7
1779,三乘五百九十三,3 * 593,7
1780,二十乘八十九,20 * 89,6
1781,九乘二百减十九,9 * 200 - 19,7
1782,十八乘九十九,18 * 99,6
1783,九乘二百减十七,9 * 200 - 17,7
1784,二千减六立方,2000 - 6 ³,6
1785,七乘半分之五百十,7 * 510 / 2,6
1786,十九乘九十四,19 * 94,6
1787,九乘二百减十三,9 * 200 - 13,7
1788,九乘二百减十二,9 * 200 - 12,7
1789,九乘二百减十一,9 * 200 - 11,7
1790,九乘二百减十,9 * 200 - 10,6
1791,九乘二百减九,9 * 200 - 9,6
1792,九乘二百减八,9 * 200 - 8,6
1793,九乘二百减七,9 * 200 - 7,6
1794,九乘二百减六,9 * 200 - 6,6
1795,九乘二百减五,9 * 200 - 5,6
1796,九乘二百减四,9 * 200 - 4,6
1797,九乘二百减三,9 * 200 - 3,6
1798,九乘二百减二,9 * 200 - 2,6
1799,九乘二百减一,9 * 200 - 1,6
1800,九乘二百,9 * 200,4
1801,九乘二百加一,9 * 200 + 1,6
1802,九千十除以五,9010 / 5,6
1803,三乘六百零一,3 * 601,6
1804,二乘九百零二,2 * 902,6
1805,半分之三千六百十,3610 / 2,6
1806,六乘三百零一,6 * 301,6
1807,九乘二百加七,9 * 200 + 7,6
1808,二乘九百零四,2 * 904,6
1809,九乘二百零一,9 * 201,6
1810,一千八百十,1810,5
1811,一千八百十一,1811,6
1812,六乘三百零二,6 * 302,6
1813,一千八百十三,1813,6
1814,二乘九百零七,2 * 907,6
1815,三乘六百零五,3 * 605,6
1816,二乘九百零八,2 * 908,6
1817,一千八百十七,1817,6
1818,九乘二百零二,9 * 202,6
1819,一千八百十九,1819,6
1820,二乘九百十,2 * 910,5
1821,三乘六百零七,3 * 607,6
1822,二乘九百十一,2 * 911,6
1823,三乘六百十减七,3 * 610 - 7,7
1824,十九乘九十六,19 * 96,6
1825,半分之半分之七千三百,7300 / 2 / 2,6
1826,二乘九百十三,2 * 913,6
1827,九乘二百零三,9 * 203,6
1828,二乘九百十四,2 * 914,6
1829,三乘六百十减一,3 * 610 - 1,7
1830,三乘六百十,3 * 610,5
1831,二千减十三平方,2000 - 13 ²,7
1832,二乘九百十六,2 * 916,6
1833,三乘六百十一,3 * 611,6
1834,二乘九百十七,2 * 917,6
1835,半分之三千六百七十,3670 / 2,7
1836,九乘二百零四,9 * 204,6
1837,三乘六百十加七,3 * 610 + 7,7
1838,二乘九百十九,2 * 919,6
1839,三乘六百十三,3 * 613,6
1840,二十三乘八十,23 * 80,6
1841,半分之三千七百减九,3700 / 2 - 9,7
1842,六乘三百零七,6 * 307,6
1843,十九乘九十七,19 * 97,6
1844,半分之三千七百减六,3700 / 2 - 6,7
1845,九乘半分之四百十,9 * 410 / 2,6
1846,半分之三千七百减四,3700 / 2 - 4,7
1847,半分之三千七百减三,3700 / 2 - 3,7
1848,六乘三百零八,6 * 308,6
1849,四十三平方,43 ²,5
1850,半分之三千七百,3700 / 2,5
1851,三乘六百十七,3 * 617,6
1852,半分之三千七百零四,3704 / 2,7
1853,半分之三千七百零六,3706 / 2,7
1854,九乘二百零六,9 * 206,6
1855,半分之三千七百十,3710 / 2,6
1856,半分之三千七百十二,3712 / 2,7
1857,三乘六百十九,3 * 619,6
1858,半分之三千七百十六,3716 / 2,7
1859,半分之三千七百十八,3718 / 2,7
1860,六乘三百十,6 * 310,5
1861,六乘三百十加一,6 * 310 + 1,7
1862,十九乘九十八,19 * 98,6
1863,九乘二百零七,9 * 207,6
1864,二千减八乘十七,2000 - 8 * 17,7
1865,半分之三千七百三十,3730 / 2,7
1866,六乘三百十一,6 * 311,6
1867,二千减七乘十九,2000 - 7 * 19,7
1868,四乘四百六十七,4 * 467,7
1869,三乘七乘八十九,3 * 7 * 89,7
1870,十七乘一百十,17 * 110,6
1871,一千八百七十一,1871,7
1872,九乘二百零八,9 * 208,6
1873,一千八百七十三,1873,7
1874,二千减九乘十四,2000 - 9 * 14,7
1875,半分之半分之半分之半分之三万,30000 / 2 / 2 / 2 / 2,6
1876,四乘七乘六十七,4 * 7 * 67,7
1877,一千八百七十七,1877,7
1878,六乘三百十三,6 * 313,6
1879,二千减十一平方,2000 - 11 ²,7
1880,四十乘四十七,40 * 47,6
1881,十九乘九十九,19 * 99,6
1882,九乘二百十减八,9 * 210 - 8,7
1883,九乘二百十减七,9 * 210 - 7,7
1884,六乘三百十四,6 * 314,6
1885,半分之三千七百七十,3770 / 2,7
1886,九乘二百十减四,9 * 210 - 4,7
1887,九乘二百十减三,9 * 210 - 3,7
1888,九乘二百十减二,9 * 210 - 2,7
1889,九乘二百十减一,9 * 210 - 1,7
1890,九乘二百十,9 * 210,5
1891,一千九百减九,1900 - 9,6
1892,一千九百减八,1900 - 8,6
1893,一千九百减七,1900 - 7,6
1894,一千九百减六,1900 - 6,6
1895,一千九百减五,1900 - 5,6
1896,一千九百减四,1900 - 4,6
1897,一千九百减三,1900 - 3,6
1898,一千九百减二,1900 - 2,6
1899,一千九百减一,1900 - 1,6
1900,一千九百,1900,4
1901,二千减九十九,2000 - 99,6
1902,二千减九十八,2000 - 98,6
1903,二千减九十七,2000 - 97,6
1904,二千减九十六,2000 - 96,6
1905,半分之三千八百十,3810 / 2,6
1906,二千减九十四,2000 - 94,6
1907,二千减九十三,2000 - 93,6
1908,二千减九十二,2000 - 92,6
1909,二千减九十一,2000 - 91,6
1910,二千减九十,2000 - 90,5
1911,二千减八十九,2000 - 89,6
1912,二千减八十八,2000 - 88,6
1913,二千减八十七,2000 - 87,6
1914,二千减八十六,2000 - 86,6
1915,二千减八十五,2000 - 85,6
1916,二千减八十四,2000 - 84,6
1917,二千减八十三,2000 - 83,6
1918,二千减八十二,2000 - 82,6
1919,二千减九平方,2000 - 9 ²,6
1920,二千减八十,2000 - 80,5
1921,二千减七十九,2000 - 79,6
1922,半分之六十二平方,62 ² / 2,6
1923,二千减七十七,2000 - 77,6
1924,二千减七十六,2000 - 76,6
1925,半分之半分之七千七百,7700 / 2 / 2,6
1926,二千减七十四,2000 - 74,6
1927,二千减七十三,2000 - 73,6
1928,二千减八乘九,2000 - 8 * 9,6
1929,二千减七十一,2000 - 71,6
1930,二千减七十,2000 - 70,5
1931,二千减六十九,2000 - 69,6
1932,二千减六十八,2000 - 68,6
1933,二千减六十七,2000 - 67,6
1934,二千减六十六,2000 - 66,6
1935,二千减六十五,2000 - 65,6
1936,四十四平方,44 ²,5
1937,二千减七乘九,2000 - 7 * 9,6
1938,二千减六十二,2000 - 62,6
1939,二千减六十一,2000 - 61,6
1940,二千减六十,2000 - 60,5
1941,二千减五十九,2000 - 59,6
1942,二千减五十八,2000 - 58,6
1943,二千减五十七,2000 - 57,6
1944,九乘六立方,9 * 6 ³,5
1945,二千减五十五,2000 - 55,6
1946,二千减六乘九,2000 - 6 * 9,6
1947,二千减五十三,2000 - 53,6
1948,二千减五十二,2000 - 52,6
1949,二千减五十一,2000 - 51,6
1950,半分之三千九百,3900 / 2,5
1951,二千减七平方,2000 - 7 ²,6
1952,二千减六乘八,2000 - 6 * 8,6
1953,二千减四十七,2000 - 47,6
1954,二千减四十六,2000 - 46,6
1955,半分之三千九百十,3910 / 2,6
1956,二千减四十四,2000 - 44,6
1957,二千减四十三,2000 - 43,6
1958,二千减六乘七,2000 - 6 * 7,6
1959,二千减四十一,2000 - 41,6
1960,二千减四十,2000 - 40,5
1961,二千减三十九,2000 - 39,6
1962,二千减三十八,2000 - 38,6
1963,二千减三十七,2000 - 37,6
1964,二千减六平方,2000 - 6 ²,6
1965,二千减半分之七十,2000 - 70 / 2,6
1966,二千减三十四,2000 - 34,6
1967,二千减三十三,2000 - 33,6
1968,二千减四乘八,2000 - 4 * 8,6
1969,二千减三十一,2000 - 31,6
1970,二千减三十,2000 - 30,5
1971,二千减二十九,2000 - 29,6
1972,二千减四乘七,2000 - 4 * 7,6
1973,二千减三立方,2000 - 3 ³,6
1974,二千减二十六,2000 - 26,6
1975,半分之半分之七千九百,7900 / 2 / 2,6
1976,二千减四乘六,2000 - 4 * 6,6
1977,二千减二十三,2000 - 23,6
1978,二千减二十二,2000 - 22,6
1979,二千减三乘七,2000 - 3 * 7,6
1980,二千减二十,2000 - 20,5
1981,二千减十九,2000 - 19,5
1982,二千减十八,2000 - 18,5
1983,二千减十七,2000 - 17,5
1984,二千减十六,2000 - 16,5
1985,二千减十五,2000 - 15,5
1986,二千减十四,2000 - 14,5
1987,二千减十三,2000 - 13,5
1988,二千减十二,2000 - 12,5
1989,二千减十一,2000 - 11,5
1990,二千减十,2000 - 10,4
1991,二千减九,2000 - 9,4
1992,二千减八,2000 - 8,4
1993,二千减七,2000 - 7,4
1994,二千减六,2000 - 6,4
1995,二千减五,2000 - 5,4
1996,二千减四,2000 - 4,4
1997,二千减三,2000 - 3,4
1998,二千减二,2000 - 2,4
1999,二千减一,2000 - 1,4
2000,二千,2000,2
2001,二千加一,2000 + 1,4
2002,二千加二,2000 + 2,4
2003,二千加三,2000 + 3,4
2004,二千加四,2000 + 4,4
2005,半分之四千十,4010 / 2,4
2006,二千加六,2000 + 6,4
2007,二千加七,2000 + 7,4
2008,二千加八,2000 + 8,4
2009,二千加九,2000 + 9,4
2010,二千十,2010,3
2011,二千十一,2011,4
2012,二千十二,2012,4
2013,二千十三,2013,4
2014,二千十四,2014,4
2015,二千十五,2015,4
2016,二千十六,2016,4
2017,二千十七,2017,4
2018,二千十八,2018,4
2019,二千十九,2019,4
2020,二千二十,2020,4
2021,二千二十一,2021,5
2022,二千二十二,2022,5
2023,二千二十三,2023,5
2024,二千二十四,2024,5
2025,半分之九十平方,(90 / 2) ²,5
2026,二千二十六,2026,5
2027,二千二十七,2027,5
2028,二千二十八,2028,5
2029,二千二十九,2029,5
2030,二千三十,2030,4
2031,二千三十一,2031,5
2032,二千三十二,2032,5
2033,二千三十三,2033,5
2034,二千三十四,2034,5
2035,半分之四千七十,4070 / 2,5
2036,二千三十六,2036,5
2037,二千三十七,2037,5
2038,二千三十八,2038,5
2039,二千三十九,2039,5
2040,二千四十,2040,4
2041,二千四十一,2041,5
2042,二千四十二,2042,5
2043,二千四十三,2043,5
2044,二千四十四,2044,5
2045,半分之四千九十,4090 / 2,5
2046,二千四十六,2046,5
2047,二千四十七,2047,5
2048,半分之十六立方,16 ³ / 2,5
2049,二千四十九,2049,5
2050,二千五十,2050,4
2051,二千五十一,2051,5
2052,二千五十二,2052,5
2053,二千五十三,2053,5
2054,二千五十四,2054,5
2055,二千五十五,2055,5
2056,二千五十六,2056,5
2057,二千五十七,2057,5
2058,六乘七立方,6 * 7 ³,5
2059,二千五十九,2059,5
2060,二千六十,2060,4
2061,二千六十一,2061,5
2062,二千六十二,2062,5
2063,二千六十三,2063,5
2064,二千六十四,2064,5
2065,二千六十五,2065,5
2066,二千六十六,2066,5
2067,二千六十七,2067,5
2068,二千六十八,2068,5
2069,二千六十九,2069,5
2070,二千七十,2070,4
2071,二千七十一,2071,5
2072,二千七十二,2072,5
2073,二千七十三,2073,5
2074,二千七十四,2074,5
2075,二千七十五,2075,5
2076,二千七十六,2076,5
2077,二千七十七,2077,5
2078,二千七十八,2078,5
2079,二千七十九,2079,5
2080,二千八十,2080,4
2081,二千八十一,2081,5
2082,二千八十二,2082,5
2083,二千八十三,2083,5
2084,二千八十四,2084,5
2085,二千八十五,2085,5
2086,二千八十六,2086,5
2087,二千八十七,2087,5
2088,二千八十八,2088,5
2089,二千八十九,2089,5
2090,二千九十,2090,4
2091,二千九十一,2091,5
2092,二千九十二,2092,5
2093,二千九十三,2093,5
2094,二千九十四,2094,5
2095,二千九十五,2095,5
2096,二千九十六,2096,5
2097,二千九十七,2097,5
2098,二千九十八,2098,5
2099,二千九十九,2099,5
2100,七乘三百,7 * 300,4
2101,七乘三百加一,7 * 300 + 1,6
2102,七乘三百加二,7 * 300 + 2,6
2103,三乘七百零一,3 * 701,6
2104,七乘三百加四,7 * 300 + 4,6
2105,半分之四千二百十,4210 / 2,6
2106,三乘七百零二,3 * 702,6
2107,七乘三百零一,7 * 301,6
2108,七乘三百加八,7 * 300 + 8,6
2109,三乘七百零三,3 * 703,6
2110,二千一百十,2110,5
2111,二千一百十一,2111,6
2112,三乘七百零四,3 * 704,6
2113,二千一百十三,2113,6
2114,七乘三百零二,7 * 302,6
2115,三乘七百零五,3 * 705,6
2116,四十六平方,46 ²,5
2117,二千一百十七,2117,6
2118,三乘七百零六,3 * 706,6
2119,二千一百十九,2119,6
2120,四十乘五十三,40 * 53,6
2121,七乘三百零三,7 * 303,6
2122,三乘七百十减八,3 * 710 - 8,7
2123,三乘七百十减七,3 * 710 - 7,7
2124,三乘七百零八,3 * 708,6
2125,半分之半分之八千五百,8500 / 2 / 2,6
2126,三乘七百十减四,3 * 710 - 4,7
2127,三乘七百零九,3 * 709,6
2128,七乘三百零四,7 * 304,6
2129,三乘七百十减一,3 * 710 - 1,7
2130,三乘七百十,3 * 710,5
2131,三乘七百十加一,3 * 710 + 1,7
2132,四十一乘五十二,41 * 52,7
2133,三乘七百十一,3 * 711,6
2134,二十二乘九十七,22 * 97,7
2135,七乘半分之六百十,7 * 610 / 2,6
2136,三乘七百十二,3 * 712,6
2137,十三立方减六十,13 ³ - 60,7
2138,二乘一千六十九,2 * 1069,7
2139,三乘七百十三,3 * 713,6
2140,十乘二百十四,10 * 214,6
2141,半分之四千三百减九,4300 / 2 - 9,7
2142,七乘三百零六,7 * 306,6
2143,半分之四千三百减七,4300 / 2 - 7,7
2144,半分之四千三百减六,4300 / 2 - 6,7
2145,三乘七百十五,3 * 715,6
2146,半分之四千三百减四,4300 / 2 - 4,7
2147,半分之四千三百减三,4300 / 2 - 3,7
2148,三乘七百十六,3 * 716,6
2149,七乘三百零七,7 * 307,6
2150,半分之四千三百,4300 / 2,5
2151,三乘七百十七,3 * 717,6
2152,半分之四千三百零四,4304 / 2,7
2153,半分之四千三百零六,4306 / 2,7
2154,三乘七百十八,3 * 718,6
2155,半分之四千三百十,4310 / 2,6
2156,七乘三百零八,7 * 308,6
2157,三乘七百十九,3 * 719,6
2158,半分之四千三百十六,4316 / 2,7
2159,半分之四千三百十八,4318 / 2,7
2160,十乘六立方,10 * 6 ³,5
2161,七乘三百十减九,7 * 310 - 9,7
2162,七乘三百十减八,7 * 310 - 8,7
2163,七乘三百零九,7 * 309,6
2164,七乘三百十减六,7 * 310 - 6,7
2165,半分之四千三百三十,4330 / 2,7
2166,六乘十九平方,6 * 19 ²,6
2167,七乘三百十减三,7 * 310 - 3,7
2168,七乘三百十减二,7 * 310 - 2,7
2169,七乘三百十减一,7 * 310 - 1,7
2170,七乘三百十,7 * 310,5
2171,七乘三百十加一,7 * 310 + 1,7
2172,六乘三百六十二,6 * 362,7
2173,四十一乘五十三,41 * 53,7
2174,二乘一千八十七,2 * 1087,7
2175,半分之半分之八千七百,8700 / 2 / 2,6
2176,三十四乘四立方,34 * 4 ³,7
2177,七乘三百十一,7 * 311,6
2178,半分之六十六平方,66 ² / 2,6
2179,三乘九立方减八,3 * 9 ³ - 8,7
2180,十乘二百十八,10 * 218,6
2181,三乘九立方减六,3 * 9 ³ - 6,7
2182,三乘九立方减五,3 * 9 ³ - 5,7
2183,三乘九立方减四,3 * 9 ³ - 4,7
2184,七乘三百十二,7 * 312,6
2185,半分之四千三百七十,4370 / 2,7
2186,三乘九立方减一,3 * 9 ³ - 1,7
2187,三乘九立方,3 * 9 ³,5
2188,十三立方减九,13 ³ - 9,6
2189,十三立方减八,13 ³ - 8,6
2190,二千二百减十,2200 - 10,6
2191,二千二百减九,2200 - 9,6
2192,二千二百减八,2200 - 8,6
2193,二千二百减七,2200 - 7,6
2194,二千二百减六,2200 - 6,6
2195,二千二百减五,2200 - 5,6
2196,二千二百减四,2200 - 4,6
2197,十三立方,13 ³,4
2198,二千二百减二,2200 - 2,6
2199,二千二百减一,2200 - 1,6
2200,二千二百,2200,4
2201,二千二百加一,2200 + 1,6
2202,二千二百加二,2200 + 2,6
2203,二千二百加三,2200 + 3,6
2204,二千二百加四,2200 + 4,6
2205,半分之四千四百十,4410 / 2,6
2206,二千二百加六,2200 + 6,6
2207,二千二百加七,2200 + 7,6
2208,二千二百加八,2200 + 8,6
2209,四十七平方,47 ²,5
2210,二千二百十,2210,5
2211,二千二百十一,2211,6
2212,七乘三百十六,7 * 316,6
2213,二千二百十三,2213,6
2214,二千二百十四,2214,6
2215,二千二百十五,2215,6
2216,二千加六立方,2000 + 6 ³,6
2217,二千二百十七,2217,6
2218,二千二百十八,2218,6
2219,七乘三百十七,7 * 317,6
2220,三十七乘六十,37 * 60,6
2221,二千二百二十一,2221,7
2222,十一乘二百零二,11 * 202,7
2223,二万零七除以九,20007 / 9,7
2224,二万十六除以九,20016 / 9,7
2225,半分之半分之八千九百,8900 / 2 / 2,6
2226,七乘三百十八,7 * 318,6
2227,十三立方加三十,13 ³ + 30,7
2228,四乘五百五十七,4 * 557,7
2229,三乘七百四十三,3 * 743,7
2230,二千二百三十,2230,6
2231,半分之半分之九千减十九,9000 / 2 / 2 - 19,7
2232,半分之半分之九千减十八,9000 / 2 / 2 - 18,7
2233,七乘三百十九,7 * 319,6
2234,半分之半分之九千减十六,9000 / 2 / 2 - 16,7
2235,半分之四千四百七十,4470 / 2,7
2236,半分之半分之九千减十四,9000 / 2 / 2 - 14,7
2237,半分之半分之九千减十三,9000 / 2 / 2 - 13,7
2238,半分之半分之九千减十二,9000 / 2 / 2 - 12,7
2239,半分之半分之九千减十一,9000 / 2 / 2 - 11,7
2240,半分之半分之九千减十,9000 / 2 / 2 - 10,6
2241,半分之半分之九千减九,9000 / 2 / 2 - 9,6
2242,半分之半分之九千减八,9000 / 2 / 2 - 8,6
2243,半分之半分之九千减七,9000 / 2 / 2 - 7,6
2244,半分之半分之九千减六,9000 / 2 / 2 - 6,6
2245,半分之半分之九千减五,9000 / 2 / 2 - 5,6
2246,半分之半分之九千减四,9000 / 2 / 2 - 4,6
2247,半分之半分之九千减三,9000 / 2 / 2 - 3,6
2248,半分之半分之九千减二,9000 / 2 / 2 - 2,6
2249,半分之半分之九千减一,9000 / 2 / 2 - 1,6
2250,半分之半分之九千,9000 / 2 / 2,4
2251,半分之半分之九千零四,9004 / 2 / 2,6
2252,半分之半分之九千零八,9008 / 2 / 2,6
2253,半分之半分之九千十二,9012 / 2 / 2,6
2254,半分之半分之九千十六,9016 / 2 / 2,6
2255,半分之半分之九千二十,9020 / 2 / 2,6
2256,半分之半分之九千加六,9000 / 2 / 2 + 6,6
2257,半分之半分之九千加七,9000 / 2 / 2 + 7,6
2258,半分之半分之九千加八,9000 / 2 / 2 + 8,6
2259,半分之半分之九千加九,9000 / 2 / 2 + 9,6
2260,半分之半分之九千四十,9040 / 2 / 2,6
2261,半分之半分之九千四十四,9044 / 2 / 2,7
2262,半分之半分之九千四十八,9048 / 2 / 2,7
2263,半分之半分之九千五十二,9052 / 2 / 2,7
2264,半分之半分之九千五十六,9056 / 2 / 2,7
2265,半分之半分之九千六十,9060 / 2 / 2,6
2266,半分之半分之九千六十四,9064 / 2 / 2,7
2267,半分之半分之九千六十八,9068 / 2 / 2,7
2268,七乘十八平方,7 * 18 ²,6
2269,半分之半分之九千七十六,9076 / 2 / 2,7
2270,半分之半分之九千八十,9080 / 2 / 2,6
2271,三千减九立方,3000 - 9 ³,6
2272,半分之半分之九千八十八,9088 / 2 / 2,7
2273,半分之半分之九千九十二,9092 / 2 / 2,7
2274,半分之半分之九千九十六,9096 / 2 / 2,7
2275,半分之半分之九千一百,9100 / 2 / 2,6
2276,四乘五百六十九,4 * 569,7
2277,三十三乘六十九,33 * 69,7
2278,三十四乘六十七,34 * 67,7
2279,四十三乘五十三,43 * 53,7
2280,三十八乘六十,38 * 60,6
2281,二千三百减十九,2300 - 19,7
2282,二千三百减十八,2300 - 18,7
2283,二千三百减十七,2300 - 17,7
2284,二千三百减十六,2300 - 16,7
2285,半分之四千五百七十,4570 / 2,7
2286,二千三百减十四,2300 - 14,7
2287,二千三百减十三,2300 - 13,7
2288,二千三百减十二,2300 - 12,7
2289,二千三百减十一,2300 - 11,7
2290,二千三百减十,2300 - 10,6
2291,二千三百减九,2300 - 9,6
2292,二千三百减八,2300 - 8,6
2293,二千三百减七,2300 - 7,6
2294,二千三百减六,2300 - 6,6
2295,二千三百减五,2300 - 5,6
2296,二千三百减四,2300 - 4,6
2297,二千三百减三,2300 - 3,6
2298,二千三百减二,2300 - 2,6
2299,二千三百减一,2300 - 1,6
2300,二千三百,2300,4
2301,二千三百加一,2300 + 1,6
2302,二千三百加二,2300 + 2,6
2303,二千三百加三,2300 + 3,6
2304,四十八平方,48 ²,5
2305,半分之四千六百十,4610 / 2,6
2306,二千三百加六,2300 + 6,6
2307,二千三百加七,2300 + 7,6
2308,二千三百加八,2300 + 8,6
2309,二千三百加九,2300 + 9,6
2310,二千三百十,2310,5
2311,二千三百十一,2311,6
2312,半分之六十八平方,68 ² / 2,6
2313,二千三百十三,2313,6
2314,二千三百十四,2314,6
2315,二千三百十五,2315,6
2316,二千三百十六,2316,6
2317,二千三百十七,2317,6
2318,二千三百十八,2318,6
2319,二千三百十九,2319,6
2320,二十九乘八十,29 * 80,6
2321,十一乘二百十一,11 * 211,7
2322,四十三乘六乘九,43 * 6 * 9,7
2323,二千三百二十三,2323,7
2324,四乘七乘八十三,4 * 7 * 83,7
2325,半分之半分之九千三百,9300 / 2 / 2,6
2326,二千三百二十六,2326,7
2327,二千三百二十七,2327,7
2328,四乘六乘九十七,4 * 6 * 97,7
2329,二千三百二十九,2329,7
2330,二千三百三十,2330,6
2331,三十七乘七乘九,37 * 7 * 9,7
2332,四十四乘五十三,44 * 53,7
2333,二千三百三十三,2333,7
2334,第三十分之七万二十,70020 / 30,7
2335,半分之四千六百七十,4670 / 2,7
2336,第三十分之七万八十,70080 / 30,7
2337,七千十一除以三,7011 / 3,7
2338,七千十四除以三,7014 / 3,7
2339,七千十七除以三,7017 / 3,7
2340,三十九乘六十,39 * 60,6
2341,半分之四千七百减九,4700 / 2 - 9,7
2342,半分之四千七百减八,4700 / 2 - 8,7
2343,二千加七立方,2000 + 7 ³,6
2344,半分之四千七百减六,4700 / 2 - 6,7
2345,半分之四千六百九十,4690 / 2,7
2346,半分之四千七百减四,4700 / 2 - 4,7
2347,半分之四千七百减三,4700 / 2 - 3,7
2348,半分之四千七百减二,4700 / 2 - 2,7
2349,半分之四千七百减一,4700 / 2 - 1,7
2350,半分之四千七百,4700 / 2,5
2351,半分之四千七百零二,4702 / 2,7
2352,半分之四千七百零四,4704 / 2,7
2353,半分之四千七百零六,4706 / 2,7
2354,半分之四千七百零八,4708 / 2,7
2355,半分之四千七百十,4710 / 2,6
2356,半分之四千七百十二,4712 / 2,7
2357,半分之四千七百十四,4714 / 2,7
2358,半分之四千七百十六,4716 / 2,7
2359,半分之四千七百十八,4718 / 2,7
2360,四十乘五十九,40 * 59,6
2361,三乘七百八十七,3 * 787,7
2362,二千三百六十二,2362,7
2363,二千三百六十三,2363,7
2364,六乘三百九十四,6 * 394,7
2365,半分之四千七百三十,4730 / 2,7
2366,二十六乘九十一,26 * 91,7
2367,九乘二百六十三,9 * 263,7
2368,三十七乘四立方,37 * 4 ³,7
2369,二千三百六十九,2369,7
2370,三十乘七十九,30 * 79,6
2371,二千三百七十一,2371,7
2372,四乘五百九十三,4 * 593,7
2373,七乘三百三十九,7 * 339,7
2374,二千三百七十四,2374,7
2375,半分之半分之九千五百,9500 / 2 / 2,6
2376,十一乘六立方,11 * 6 ³,6
2377,二千三百七十七,2377,7
2378,四十一乘五十八,41 * 58,7
2379,三十九乘六十一,39 * 61,7
2380,三十四乘七十,34 * 70,6
2381,八乘三百减十九,8 * 300 - 19,7
2382,八乘三百减十八,8 * 300 - 18,7
2383,八乘三百减十七,8 * 300 - 17,7
2384,八乘三百减十六,8 * 300 - 16,7
2385,半分之四千七百七十,4770 / 2,7
2386,八乘三百减十四,8 * 300 - 14,7
2387,八乘三百减十三,8 * 300 - 13,7
2388,八乘三百减十二,8 * 300 - 12,7
2389,八乘三百减十一,8 * 300 - 11,7
2390,八乘三百减十,8 * 300 - 10,6
2391,八乘三百减九,8 * 300 - 9,6
2392,八乘三百减八,8 * 300 - 8,6
2393,八乘三百减七,8 * 300 - 7,6
2394,八乘三百减六,8 * 300 - 6,6
2395,八乘三百减五,8 * 300 - 5,6
2396,八乘三百减四,8 * 300 - 4,6
2397,八乘三百减三,8 * 300 - 3,6
2398,八乘三百减二,8 * 300 - 2,6
2399,八乘三百减一,8 * 300 - 1,6
2400,八乘三百,8 * 300,4
2401,七平方平方,(7 ²) ²,5
2402,八乘三百加二,8 * 300 + 2,6
2403,三乘八百零一,3 * 801,6
2404,四乘六百零一,4 * 601,6
2405,半分之四千八百十,4810 / 2,6
2406,六乘四百零一,6 * 401,6
2407,八乘三百加七,8 * 300 + 7,6
2408,八乘三百零一,8 * 301,6
2409,三乘八百零三,3 * 803,6
2410,二千四百十,2410,5
2411,二千四百十一,2411,6
2412,六乘四百零二,6 * 402,6
2413,二千四百十三,2413,6
2414,二千四百十四,2414,6
2415,三乘八百零五,3 * 805,6
2416,八乘三百零二,8 * 302,6
2417,二千四百十七,2417,6
2418,六乘四百零三,6 * 403,6
2419,二千四百十九,2419,6
2420,半分之五千减八十,5000 / 2 - 80,6
2421,三乘八百零七,3 * 807,6
2422,三乘八百十减八,3 * 810 - 8,7
2423,三乘八百十减七,3 * 810 - 7,7
2424,八乘三百零三,8 * 303,6
2425,半分之半分之九千七百,9700 / 2 / 2,6
2426,三乘八百十减四,3 * 810 - 4,7
2427,三乘八百零九,3 * 809,6
2428,四乘六百零七,4 * 607,6
2429,三乘八百十减一,3 * 810 - 1,7
2430,三乘八百十,3 * 810,5
2431,四乘六百十减九,4 * 610 - 9,7
2432,八乘三百零四,8 * 304,6
2433,三乘八百十一,3 * 811,6
2434,四乘六百十减六,4 * 610 - 6,7
2435,半分之四千八百七十,4870 / 2,7
2436,六乘四百零六,6 * 406,6
2437,四乘六百十减三,4 * 610 - 3,7
2438,四乘六百十减二,4 * 610 - 2,7
2439,三乘八百十三,3 * 813,6
2440,四乘六百十,4 * 610,5
2441,半分之七十平方减九,70 ² / 2 - 9,7
2442,六乘四百零七,6 * 407,6
2443,半分之七十平方减七,70 ² / 2 - 7,7
2444,四乘六百十一,4 * 611,6
2445,三乘八百十五,3 * 815,6
2446,半分之七十平方减四,70 ² / 2 - 4,7
2447,半分之七十平方减三,70 ² / 2 - 3,7
2448,八乘三百零六,8 * 306,6
2449,半分之七十平方减一,70 ² / 2 - 1,7
2450,半分之七十平方,70 ² / 2,5
2451,三乘八百十七,3 * 817,6
2452,四乘六百十三,4 * 613,6
2453,半分之四千九百零六,4906 / 2,7
2454,六乘四百零九,6 * 409,6
2455,半分之四千九百十,4910 / 2,6
2456,八乘三百零七,8 * 307,6
2457,三乘八百十九,3 * 819,6
2458,半分之四千九百十六,4916 / 2,7
2459,半分之四千九百十八,4918 / 2,7
2460,六乘四百十,6 * 410,5
2461,半分之五千减三十九,5000 / 2 - 39,7
2462,半分之五千减三十八,5000 / 2 - 38,7
2463,半分之五千减三十七,5000 / 2 - 37,7
2464,八乘三百零八,8 * 308,6
2465,半分之四千九百三十,4930 / 2,7
2466,六乘四百十一,6 * 411,6
2467,半分之五千减三十三,5000 / 2 - 33,7
2468,四乘六百十七,4 * 617,6
2469,半分之五千减三十一,5000 / 2 - 31,7
2470,半分之五千减三十,5000 / 2 - 30,6
2471,八乘三百十减九,8 * 310 - 9,7
2472,八乘三百零九,8 * 309,6
2473,八乘三百十减七,8 * 310 - 7,7
2474,八乘三百十减六,8 * 310 - 6,7
2475,半分之半分之九千九百,9900 / 2 / 2,6
2476,四乘六百十九,4 * 619,6
2477,八乘三百十减三,8 * 310 - 3,7
2478,六乘四百十三,6 * 413,6
2479,八乘三百十减一,8 * 310 - 1,7
2480,八乘三百十,8 * 310,5
2481,半分之五千减十九,5000 / 2 - 19,6
2482,半分之五千减十八,5000 / 2 - 18,6
2483,半分之五千减十七,5000 / 2 - 17,6
2484,半分之五千减十六,5000 / 2 - 16,6
2485,半分之五千减十五,5000 / 2 - 15,6
2486,半分之五千减十四,5000 / 2 - 14,6
2487,半分之五千减十三,5000 / 2 - 13,6
2488,半分之五千减十二,5000 / 2 - 12,6
2489,半分之五千减十一,5000 / 2 - 11,6
2490,半分之五千减十,5000 / 2 - 10,5
2491,半分之五千减九,5000 / 2 - 9,5
2492,半分之五千减八,5000 / 2 - 8,5
2493,半分之五千减七,5000 / 2 - 7,5
2494,半分之五千减六,5000 / 2 - 6,5
2495,半分之五千减五,5000 / 2 - 5,5
2496,半分之五千减四,5000 / 2 - 4,5
2497,半分之五千减三,5000 / 2 - 3,5
2498,半分之五千减二,5000 / 2 - 2,5
2499,半分之五千减一,5000 / 2 - 1,5
2500,半分之五千,5000 / 2,3
2501,半分之五千零二,5002 / 2,5
2502,半分之五千零四,5004 / 2,5
2503,半分之五千零六,5006 / 2,5
2504,半分之五千零八,5008 / 2,5
2505,半分之五千十,5010 / 2,4
2506,半分之五千十二,5012 / 2,5
2507,半分之五千十四,5014 / 2,5
2508,半分之五千十六,5016 / 2,5
2509,半分之五千十八,5018 / 2,5
2510,半分之五千二十,5020 / 2,5
2511,半分之五千二十二,5022 / 2,6
2512,半分之五千二十四,5024 / 2,6
2513,半分之五千二十六,5026 / 2,6
2514,半分之五千二十八,5028 / 2,6
2515,半分之五千三十,5030 / 2,5
2516,半分之五千三十二,5032 / 2,6
2517,半分之五千三十四,5034 / 2,6
2518,半分之五千三十六,5036 / 2,6
2519,半分之五千三十八,5038 / 2,6
2520,半分之五千四十,5040 / 2,5
2521,半分之五千四十二,5042 / 2,6
2522,半分之五千四十四,5044 / 2,6
2523,半分之五千四十六,5046 / 2,6
2524,半分之五千四十八,5048 / 2,6
2525,半分之五千五十,5050 / 2,5
2526,半分之五千五十二,5052 / 2,6
2527,半分之五千五十四,5054 / 2,6
2528,半分之五千五十六,5056 / 2,6
2529,半分之五千五十八,5058 / 2,6
2530,半分之五千六十,5060 / 2,5
2531,半分之五千六十二,5062 / 2,6
2532,半分之五千六十四,5064 / 2,6
2533,半分之五千六十六,5066 / 2,6
2534,半分之五千六十八,5068 / 2,6
2535,半分之五千七十,5070 / 2,5
2536,半分之五千七十二,5072 / 2,6
2537,半分之五千七十四,5074 / 2,6
2538,半分之五千七十六,5076 / 2,6
2539,半分之五千七十八,5078 / 2,6
2540,半分之五千八十,5080 / 2,5
2541,半分之五千八十二,5082 / 2,6
2542,半分之五千八十四,5084 / 2,6
2543,半分之五千八十六,5086 / 2,6
2544,半分之五千八十八,5088 / 2,6
2545,半分之五千九十,5090 / 2,5
2546,半分之五千九十二,5092 / 2,6
2547,半分之五千九十四,5094 / 2,6
2548,半分之五千九十六,5096 / 2,6
2549,半分之五千九十八,5098 / 2,6
2550,半分之五千一百,5100 / 2,5
2551,半分之五千一百零二,5102 / 2,7
2552,八乘三百十九,8 * 319,6
2553,半分之五千一百零六,5106 / 2,7
2554,半分之五千一百零八,5108 / 2,7
2555,半分之五千一百十,5110 / 2,6
2556,半分之五千一百十二,5112 / 2,7
2557,半分之五千一百十四,5114 / 2,7
2558,半分之五千一百十六,5116 / 2,7
2559,半分之五千一百十八,5118 / 2,7
2560,五乘八立方,5 * 8 ³,5
2561,五乘八立方加一,5 * 8 ³ + 1,7
2562,六乘七乘六十一,6 * 7 * 61,7
2563,五乘八立方加三,5 * 8 ³ + 3,7
2564,四乘六百四十一,4 * 641,7
2565,五乘五百十三,5 * 513,6
2566,五乘八立方加六,5 * 8 ³ + 6,7
2567,五乘八立方加七,5 * 8 ³ + 7,7
2568,十二乘二百十四,12 * 214,7
2569,七乘三百六十七,7 * 367,7
2570,五乘五百十四,5 * 514,6
2571,三乘八百五十七,3 * 857,7
2572,四乘六百四十三,4 * 643,7
2573,三十一乘八十三,31 * 83,7
2574,三十九乘六十六,39 * 66,7
2575,半分之半分之一万三百,10300 / 2 / 2,6
2576,四十六乘七乘八,46 * 7 * 8,7
2577,三乘八百五十九,3 * 859,7
2578,半分之五千加七十八,5000 / 2 + 78,7
2579,半分之五千加七十九,5000 / 2 + 79,7
2580,四十三乘六十,43 * 60,6
2581,二千六百减十九,2600 - 19,7
2582,二千六百减十八,2600 - 18,7
2583,二千六百减十七,2600 - 17,7
2584,二千六百减十六,2600 - 16,7
2585,五乘五百十七,5 * 517,6
2586,二千六百减十四,2600 - 14,7
2587,二千六百减十三,2600 - 13,7
2588,二千六百减十二,2600 - 12,7
2589,二千六百减十一,2600 - 11,7
2590,二千六百减十,2600 - 10,6
2591,二千六百减九,2600 - 9,6
2592,半分之七十二平方,72 ² / 2,6
2593,二千六百减七,2600 - 7,6
2594,二千六百减六,2600 - 6,6
2595,二千六百减五,2600 - 5,6
2596,二千六百减四,2600 - 4,6
2597,二千六百减三,2600 - 3,6
2598,二千六百减二,2600 - 2,6
2599,二千六百减一,2600 - 1,6
2600,二千六百,2600,4
2601,五十一平方,51 ²,5
2602,二千六百加二,2600 + 2,6
2603,二千六百加三,2600 + 3,6
2604,二千六百加四,2600 + 4,6
2605,半分之五千二百十,5210 / 2,6
2606,二千六百加六,2600 + 6,6
2607,二千六百加七,2600 + 7,6
2608,二千六百加八,2600 + 8,6
2609,二千六百加九,2600 + 9,6
2610,二千六百十,2610,5
2611,二千六百十一,2611,6
2612,二千六百十二,2612,6
2613,二千六百十三,2613,6
2614,二千六百十四,2614,6
2615,二千六百十五,2615,6
2616,二千六百十六,2616,6
2617,二千六百十七,2617,6
2618,二千六百十八,2618,6
2619,二千六百十九,2619,6
2620,二千六百二十,2620,6
2621,二千六百二十一,2621,7
2622,四十六乘五十七,46 * 57,7
2623,四十三乘六十一,43 * 61,7
2624,四十一乘四立方,41 * 4 ³,7
2625,半分之半分之一万五百,10500 / 2 / 2,6
2626,十三乘二百零二,13 * 202,7
2627,三十七乘七十一,37 * 71,7
2628,六平方乘七十三,6 ² * 73,7
2629,二千六百二十九,2629,7
2630,二千六百三十,2630,6
2631,三乘八百七十七,3 * 877,7
2632,四十七乘七乘八,47 * 7 * 8,7
2633,二千六百三十三,2633,7
2634,六乘四百三十九,6 * 439,7
2635,半分之五千二百七十,5270 / 2,7
2636,四乘六百五十九,4 * 659,7
2637,九乘二百九十三,9 * 293,7
2638,二千六百三十八,2638,7
2639,三千减十九平方,3000 - 19 ²,7
2640,四十四乘六十,44 * 60,6
2641,半分之五千三百减九,5300 / 2 - 9,7
2642,半分之五千三百减八,5300 / 2 - 8,7
2643,半分之五千三百减七,5300 / 2 - 7,7
2644,半分之五千三百减六,5300 / 2 - 6,7
2645,半分之五千二百九十,5290 / 2,7
2646,半分之五千三百减四,5300 / 2 - 4,7
2647,半分之五千三百减三,5300 / 2 - 3,7
2648,半分之五千三百减二,5300 / 2 - 2,7
2649,半分之五千三百减一,5300 / 2 - 1,7
2650,半分之五千三百,5300 / 2,5
2651,半分之五千三百零二,5302 / 2,7
2652,半分之五千三百零四,5304 / 2,7
2653,半分之五千三百零六,5306 / 2,7
2654,半分之五千三百零八,5308 / 2,7
2655,半分之五千三百十,5310 / 2,6
2656,半分之五千三百十二,5312 / 2,7
2657,三千减七立方,3000 - 7 ³,6
2658,半分之五千三百十六,5316 / 2,7
2659,半分之五千三百十八,5318 / 2,7
2660,三十八乘七十,38 * 70,6
2661,三乘八百八十七,3 * 887,7
2662,二乘十一立方,2 * 11 ³,6
2663,二千六百六十三,2663,7
2664,十四立方减八十,14 ³ - 80,7
2665,半分之五千三百三十,5330 / 2,7
2666,四十三乘六十二,43 * 62,7
2667,第三十分之八万十,80010 / 30,6
2668,第三十分之八万四十,80040 / 30,7
2669,第三十分之八万七十,80070 / 30,7
2670,八千十除以三,8010 / 3,6
2671,八千十三除以三,8013 / 3,7
2672,八千十六除以三,8016 / 3,7
2673,八千十九除以三,8019 / 3,7
2674,十四立方减七十,14 ³ - 70,7
2675,半分之半分之一万七百,10700 / 2 / 2,6
2676,三千减十八平方,3000 - 18 ²,7
2677,二千六百七十七,2677,7
2678,十三乘二百零六,13 * 206,7
2679,四十七乘五十七,47 * 57,7
2680,四十乘六十七,40 * 67,6
2681,九乘三百减十九,9 * 300 - 19,7
2682,九乘三百减十八,9 * 300 - 18,7
2683,九乘三百减十七,9 * 300 - 17,7
2684,十四立方减六十,14 ³ - 60,7
2685,半分之五千三百七十,5370 / 2,7
2686,九乘三百减十四,9 * 300 - 14,7
2687,九乘三百减十三,9 * 300 - 13,7
2688,九乘三百减十二,9 * 300 - 12,7
2689,九乘三百减十一,9 * 300 - 11,7
2690,九乘三百减十,9 * 300 - 10,6
2691,九乘三百减九,9 * 300 - 9,6
2692,九乘三百减八,9 * 300 - 8,6
2693,九乘三百减七,9 * 300 - 7,6
2694,九乘三百减六,9 * 300 - 6,6
2695,九乘三百减五,9 * 300 - 5,6
2696,九乘三百减四,9 * 300 - 4,6
2697,九乘三百减三,9 * 300 - 3,6
2698,九乘三百减二,9 * 300 - 2,6
2699,九乘三百减一,9 * 300 - 1,6
2700,九乘三百,9 * 300,4
2701,九乘三百加一,9 * 300 + 1,6
2702,九乘三百加二,9 * 300 + 2,6
2703,三乘九百零一,3 * 901,6
2704,五十二平方,52 ²,5
2705,半分之五千四百十,5410 / 2,6
2706,三乘九百零二,3 * 902,6
2707,九乘三百加七,9 * 300 + 7,6
2708,九乘三百加八,9 * 300 + 8,6
2709,九乘三百零一,9 * 301,6
2710,二千七百十,2710,5
2711,二千七百十一,2711,6
2712,三乘九百零四,3 * 904,6
2713,二千七百十三,2713,6
2714,二千七百十四,2714,6
2715,三乘九百零五,3 * 905,6
2716,二千七百十六,2716,6
2717,二千七百十七,2717,6
2718,九乘三百零二,9 * 302,6
2719,二千七百十九,2719,6
2720,三十四乘八十,34 * 80,6
2721,三乘九百零七,3 * 907,6
2722,三乘九百十减八,3 * 910 - 8,7
2723,三乘九百十减七,3 * 910 - 7,7
2724,三乘九百零八,3 * 908,6
2725,半分之半分之一万九百,10900 / 2 / 2,6
2726,三乘九百十减四,3 * 910 - 4,7
2727,九乘三百零三,9 * 303,6
2728,三乘九百十减二,3 * 910 - 2,7
2729,二千加九立方,2000 + 9 ³,6
2730,三乘九百十,3 * 910,5
2731,十四立方减十三,14 ³ - 13,7
2732,十四立方减十二,14 ³ - 12,7
2733,三乘九百十一,3 * 911,6
2734,十四立方减十,14 ³ - 10,6
2735,十四立方减九,14 ³ - 9,6
2736,十四立方减八,14 ³ - 8,6
2737,十四立方减七,14 ³ - 7,6
2738,半分之七十四平方,74 ² / 2,6
2739,十四立方减五,14 ³ - 5,6
2740,十四立方减四,14 ³ - 4,6
2741,十四立方减三,14 ³ - 3,6
2742,十四立方减二,14 ³ - 2,6
2743,十四立方减一,14 ³ - 1,6
2744,十四立方,14 ³,4
2745,九乘半分之六百十,9 * 610 / 2,6
2746,十四立方加二,14 ³ + 2,6
2747,十四立方加三,14 ³ + 3,6
2748,三乘九百十六,3 * 916,6
2749,十四立方加五,14 ³ + 5,6
2750,半分之五千五百,5500 / 2,5
2751,三乘九百十七,3 * 917,6
2752,十四立方加八,14 ³ + 8,6
2753,十四立方加九,14 ³ + 9,6
2754,九乘三百零六,9 * 306,6
2755,半分之五千五百十,5510 / 2,6
2756,半分之五千五百十二,5512 / 2,7
2757,三乘九百十九,3 * 919,6
2758,半分之五千五百十六,5516 / 2,7
2759,半分之五千五百十八,5518 / 2,7
2760,四十六乘六十,46 * 60,6
2761,十四立方加十七,14 ³ + 17,7
2762,十四立方加十八,14 ³ + 18,7
2763,九乘三百零七,9 * 307,6
2764,四乘六百九十一,4 * 691,7
2765,半分之五千五百三十,5530 / 2,7
2766,六乘四百六十一,6 * 461,7
2767,二千七百六十七,2767,7
2768,八乘三百四十六,8 * 346,7
2769,三十九乘七十一,39 * 71,7
2770,二千七百七十,2770,6
2771,半分之七千减九立方,7000 / 2 - 9 ³,7
2772,九乘三百零八,9 * 308,6
2773,四十七乘五十九,47 * 59,7
2774,三十八乘七十三,38 * 73,7
2775,半分之五千五百五十,5550 / 2,7
2776,八乘三百四十七,8 * 347,7
2777,二千七百七十七,2777,7
2778,六乘四百六十三,6 * 463,7
2779,七乘三百九十七,7 * 397,7
2780,二千七百八十,2780,6
2781,九乘三百零九,9 * 309,6
2782,九乘三百十减八,9 * 310 - 8,7
2783,九乘三百十减七,9 * 310 - 7,7
2784,三千减六立方,3000 - 6 ³,6
2785,半分之五千五百七十,5570 / 2,7
2786,九乘三百十减四,9 * 310 - 4,7
2787,九乘三百十减三,9 * 310 - 3,7
2788,九乘三百十减二,9 * 310 - 2,7
2789,九乘三百十减一,9 * 310 - 1,7
2790,九乘三百十,9 * 310,5
2791,七乘四百减九,7 * 400 - 9,6
2792,七乘四百减八,7 * 400 - 8,6
2793,七乘四百减七,7 * 400 - 7,6
2794,七乘四百减六,7 * 400 - 6,6
2795,七乘四百减五,7 * 400 - 5,6
2796,七乘四百减四,7 * 400 - 4,6
2797,七乘四百减三,7 * 400 - 3,6
2798,七乘四百减二,7 * 400 - 2,6
2799,七乘四百减一,7 * 400 - 1,6
2800,七乘四百,7 * 400,4
2801,七乘四百加一,7 * 400 + 1,6
2802,七乘四百加二,7 * 400 + 2,6
2803,七乘四百加三,7 * 400 + 3,6
2804,四乘七百零一,4 * 701,6
2805,半分之五千六百十,5610 / 2,6
2806,七乘四百加六,7 * 400 + 6,6
2807,七乘四百零一,7 * 401,6
2808,十三乘六立方,13 * 6 ³,6
2809,五十三平方,53 ²,5
2810,二千八百十,2810,5
2811,二千八百十一,2811,6
2812,四乘七百零三,4 * 703,6
2813,二千八百十三,2813,6
2814,七乘四百零二,7 * 402,6
2815,二千八百十五,2815,6
2816,四乘七百零四,4 * 704,6
2817,九乘三百十三,9 * 313,6
2818,二千八百十八,2818,6
2819,二千八百十九,2819,6
2820,四十七乘六十,47 * 60,6
2821,七乘四百零三,7 * 403,6
2822,三十四乘八十三,34 * 83,7
2823,三乘九百四十一,3 * 941,7
2824,四乘七百零六,4 * 706,6
2825,半分之五千六百五十,5650 / 2,7
2826,九乘三百十四,9 * 314,6
2827,二千八百二十七,2827,7
2828,七乘四百零四,7 * 404,6
2829,三千减九乘十九,3000 - 9 * 19,7
2830,二千八百三十,2830,6
2831,四乘七百十减九,4 * 710 - 9,7
2832,四乘七百零八,4 * 708,6
2833,四乘七百十减七,4 * 710 - 7,7
2834,四乘七百十减六,4 * 710 - 6,7
2835,九乘三百十五,9 * 315,6
2836,四乘七百零九,4 * 709,6
2837,四乘七百十减三,4 * 710 - 3,7
2838,四乘七百十减二,4 * 710 - 2,7
2839,四乘七百十减一,4 * 710 - 1,7
2840,四乘七百十,4 * 710,5
2841,半分之五千七百减九,5700 / 2 - 9,7
2842,七乘四百零六,7 * 406,6
2843,半分之五千七百减七,5700 / 2 - 7,7
2844,九乘三百十六,9 * 316,6
2845,半分之五千六百九十,5690 / 2,7
2846,半分之五千七百减四,5700 / 2 - 4,7
2847,半分之五千七百减三,5700 / 2 - 3,7
2848,四乘七百十二,4 * 712,6
2849,七乘四百零七,7 * 407,6
2850,半分之五千七百,5700 / 2,5
2851,半分之五千七百零二,5702 / 2,7
2852,四乘七百十三,4 * 713,6
2853,九乘三百十七,9 * 317,6
2854,半分之五千七百零八,5708 / 2,7
2855,半分之五千七百十,5710 / 2,6
2856,七乘四百零八,7 * 408,6
2857,半分之五千七百十四,5714 / 2,7
2858,半分之五千七百十六,5716 / 2,7
2859,半分之五千七百十八,5718 / 2,7
2860,四乘七百十五,4 * 715,6
2861,七乘四百十减九,7 * 410 - 9,7
2862,九乘三百十八,9 * 318,6
2863,七乘四百零九,7 * 409,6
2864,四乘七百十六,4 * 716,6
2865,半分之五千七百三十,5730 / 2,7
2866,七乘四百十减四,7 * 410 - 4,7
2867,七乘四百十减三,7 * 410 - 3,7
2868,四乘七百十七,4 * 717,6
2869,七乘四百十减一,7 * 410 - 1,7
2870,七乘四百十,7 * 410,5
2871,九乘三百十九,9 * 319,6
2872,四乘七百十八,4 * 718,6
2873,十七乘十三平方,17 * 13 ²,7
2874,三千减九乘十四,3000 - 9 * 14,7
2875,三千减五立方,3000 - 5 ³,6
2876,四乘七百十九,4 * 719,6
2877,七乘四百十一,7 * 411,6
2878,七乘四百十加八,7 * 410 + 8,7
2879,三千减十一平方,3000 - 11 ²,7
2880,六乘八乘六十,6 * 8 * 60,6
2881,二千九百减十九,2900 - 19,7
2882,二千九百减十八,2900 - 18,7
2883,二千九百减十七,2900 - 17,7
2884,七乘四百十二,7 * 412,6
2885,半分之五千七百七十,5770 / 2,7
2886,二千九百减十四,2900 - 14,7
2887,二千九百减十三,2900 - 13,7
2888,半分之七十六平方,76 ² / 2,6
2889,二千九百减十一,2900 - 11,7
2890,二千九百减十,2900 - 10,6
2891,二千九百减九,2900 - 9,6
2892,二千九百减八,2900 - 8,6
2893,二千九百减七,2900 - 7,6
2894,二千九百减六,2900 - 6,6
2895,二千九百减五,2900 - 5,6
2896,二千九百减四,2900 - 4,6
2897,二千九百减三,2900 - 3,6
2898,二千九百减二,2900 - 2,6
2899,二千九百减一,2900 - 1,6
2900,二千九百,2900,4
2901,三千减九十九,3000 - 99,6
2902,三千减九十八,3000 - 98,6
2903,三千减九十七,3000 - 97,6
2904,三千减九十六,3000 - 96,6
2905,半分之五千八百十,5810 / 2,6
2906,三千减九十四,3000 - 94,6
2907,三千减九十三,3000 - 93,6
2908,三千减九十二,3000 - 92,6
2909,三千减九十一,3000 - 91,6
2910,三千减九十,3000 - 90,5
2911,三千减八十九,3000 - 89,6
2912,三千减八十八,3000 - 88,6
2913,三千减八十七,3000 - 87,6
2914,三千减八十六,3000 - 86,6
2915,三千减八十五,3000 - 85,6
2916,五十四平方,54 ²,5
2917,三千减八十三,3000 - 83,6
2918,三千减八十二,3000 - 82,6
2919,三千减九平方,3000 - 9 ²,6
2920,三千减八十,3000 - 80,5
2921,三千减七十九,3000 - 79,6
2922,三千减七十八,3000 - 78,6
2923,三千减七十七,3000 - 77,6
2924,三千减七十六,3000 - 76,6
2925,三千减七十五,3000 - 75,6
2926,三千减七十四,3000 - 74,6
2927,三千减七十三,3000 - 73,6
2928,三千减八乘九,3000 - 8 * 9,6
2929,三千减七十一,3000 - 71,6
2930,三千减七十,3000 - 70,5
2931,三千减六十九,3000 - 69,6
2932,三千减六十八,3000 - 68,6
2933,三千减六十七,3000 - 67,6
2934,三千减六十六,3000 - 66,6
2935,三千减六十五,3000 - 65,6
2936,三千减四立方,3000 - 4 ³,6
2937,三千减七乘九,3000 - 7 * 9,6
2938,三千减六十二,3000 - 62,6
2939,三千减六十一,3000 - 61,6
2940,三千减六十,3000 - 60,5
2941,三千减五十九,3000 - 59,6
2942,三千减五十八,3000 - 58,6
2943,三千减五十七,3000 - 57,6
2944,三千减七乘八,3000 - 7 * 8,6
2945,三千减五十五,3000 - 55,6
2946,三千减六乘九,3000 - 6 * 9,6
2947,三千减五十三,3000 - 53,6
2948,三千减五十二,3000 - 52,6
2949,三千减五十一,3000 - 51,6
2950,半分之五千九百,5900 / 2,5
2951,三千减七平方,3000 - 7 ²,6
2952,三千减六乘八,3000 - 6 * 8,6
2953,三千减四十七,3000 - 47,6
2954,三千减四十六,3000 - 46,6
2955,半分之五千九百十,5910 / 2,6
2956,三千减四十四,3000 - 44,6
2957,三千减四十三,3000 - 43,6
2958,三千减六乘七,3000 - 6 * 7,6
2959,三千减四十一,3000 - 41,6
2960,三千减四十,3000 - 40,5
2961,三千减三十九,3000 - 39,6
2962,三千减三十八,3000 - 38,6
2963,三千减三十七,3000 - 37,6
2964,三千减六平方,3000 - 6 ²,6
2965,三千减半分之七十,3000 - 70 / 2,6
2966,三千减三十四,3000 - 34,6
2967,三千减三十三,3000 - 33,6
2968,三千减四乘八,3000 - 4 * 8,6
2969,三千减三十一,3000 - 31,6
2970,三千减三十,3000 - 30,5
2971,三千减二十九,3000 - 29,6
2972,三千减四乘七,3000 - 4 * 7,6
2973,三千减三立方,3000 - 3 ³,6
2974,三千减二十六,3000 - 26,6
2975,三千减五平方,3000 - 5 ²,6
2976,三千减四乘六,3000 - 4 * 6,6
2977,三千减二十三,3000 - 23,6
2978,三千减二十二,3000 - 22,6
2979,三千减三乘七,3000 - 3 * 7,6
2980,三千减二十,3000 - 20,5
2981,三千减十九,3000 - 19,5
2982,三千减十八,3000 - 18,5
2983,三千减十七,3000 - 17,5
2984,三千减十六,3000 - 16,5
2985,三千减十五,3000 - 15,5
2986,三千减十四,3000 - 14,5
2987,三千减十三,3000 - 13,5
2988,三千减十二,3000 - 12,5
2989,三千减十一,3000 - 11,5
2990,三千减十,3000 - 10,4
2991,三千减九,3000 - 9,4
2992,三千减八,3000 - 8,4
2993,三千减七,3000 - 7,4
2994,三千减六,3000 - 6,4
2995,三千减五,3000 - 5,4
2996,三千减四,3000 - 4,4
2997,三千减三,3000 - 3,4
2998,三千减二,3000 - 2,4
2999,三千减一,3000 - 1,4
3000,三千,3000,2
3001,三千加一,3000 + 1,4
3002,三千加二,3000 + 2,4
3003,三千加三,3000 + 3,4
3004,三千加四,3000 + 4,4
3005,半分之六千十,6010 / 2,4
3006,三千加六,3000 + 6,4
3007,三千加七,3000 + 7,4
3008,三千加八,3000 + 8,4
3009,三千加九,3000 + 9,4
3010,三千十,3010,3
3011,三千十一,3011,4
3012,三千十二,3012,4
3013,三千十三,3013,4
3014,三千十四,3014,4
3015,三千十五,3015,4
3016,三千十六,3016,4
3017,三千十七,3017,4
3018,三千十八,3018,4
3019,三千十九,3019,4
3020,三千二十,3020,4
3021,三千二十一,3021,5
3022,三千二十二,3022,5
3023,三千二十三,3023,5
3024,三千二十四,3024,5
3025,五十五平方,55 ²,5
3026,三千二十六,3026,5
3027,三千二十七,3027,5
3028,三千二十八,3028,5
3029,三千二十九,3029,5
3030,三千三十,3030,4
3031,三千三十一,3031,5
3032,三千三十二,3032,5
3033,三千三十三,3033,5
3034,三千三十四,3034,5
3035,半分之六千七十,6070 / 2,5
3036,三千三十六,3036,5
3037,三千三十七,3037,5
3038,三千三十八,3038,5
3039,三千三十九,3039,5
3040,三千四十,3040,4
3041,三千四十一,3041,5
3042,三千四十二,3042,5
3043,三千四十三,3043,5
3044,三千四十四,3044,5
3045,半分之六千九十,6090 / 2,5
3046,三千四十六,3046,5
3047,三千四十七,3047,5
3048,三千四十八,3048,5
3049,三千四十九,3049,5
3050,三千五十,3050,4
3051,三千五十一,3051,5
3052,三千五十二,3052,5
3053,三千五十三,3053,5
3054,三千五十四,3054,5
3055,三千五十五,3055,5
3056,三千五十六,3056,5
3057,三千五十七,3057,5
3058,三千五十八,3058,5
3059,三千五十九,3059,5
3060,三千六十,3060,4
3061,三千六十一,3061,5
3062,三千六十二,3062,5
3063,三千六十三,3063,5
3064,三千六十四,3064,5
3065,三千六十五,3065,5
3066,三千六十六,3066,5
3067,三千六十七,3067,5
3068,三千六十八,3068,5
3069,三千六十九,3069,5
3070,三千七十,3070,4
3071,三千七十一,3071,5
3072,六乘八立方,6 * 8 ³,5
3073,三千七十三,3073,5
3074,三千七十四,3074,5
3075,三千七十五,3075,5
3076,三千七十六,3076,5
3077,三千七十七,3077,5
3078,三千七十八,3078,5
3079,三千七十九,3079,5
3080,三千八十,3080,4
3081,三千八十一,3081,5
3082,三千八十二,3082,5
3083,三千八十三,3083,5
3084,三千八十四,3084,5
3085,三千八十五,3085,5
3086,三千八十六,3086,5
3087,九乘七立方,9 * 7 ³,5
3088,三千八十八,3088,5
3089,三千八十九,3089,5
3090,三千九十,3090,4
3091,三千九十一,3091,5
3092,三千九十二,3092,5
3093,三千九十三,3093,5
3094,三千九十四,3094,5
3095,三千九十五,3095,5
3096,三千九十六,3096,5
3097,三千九十七,3097,5
3098,三千九十八,3098,5
3099,三千九十九,3099,5
3100,三千一百,3100,4
3101,三千一百加一,3100 + 1,6
3102,六乘五百十七,6 * 517,6
3103,三千一百加三,3100 + 3,6
3104,三千一百加四,3100 + 4,6
3105,半分之六千二百十,6210 / 2,6
3106,三千一百加六,3100 + 6,6
3107,三千一百加七,3100 + 7,6
3108,六乘五百十八,6 * 518,6
3109,三千一百加九,3100 + 9,6
3110,三千一百十,3110,5
3111,三千一百十一,3111,6
3112,三千一百十二,3112,6
3113,三千一百十三,3113,6
3114,六乘五百十九,6 * 519,6
3115,三千一百十五,3115,6
3116,三千一百十六,3116,6
3117,三千一百十七,3117,6
3118,三千一百十八,3118,6
3119,三千一百十九,3119,6
3120,五十二乘六十,52 * 60,6
3121,三千加十一平方,3000 + 11 ²,7
3122,七乘四百四十六,7 * 446,7
3123,九乘三百四十七,9 * 347,7
3124,四十四乘七十一,44 * 71,7
3125,半分之半分之半分之半分之五万,50000 / 2 / 2 / 2 / 2,6
3126,五十六平方减十,56 ² - 10,7
3127,五十六平方减九,56 ² - 9,7
3128,五十六平方减八,56 ² - 8,7
3129,五十六平方减七,56 ² - 7,7
3130,十乘三百十三,10 * 313,6
3131,五十六平方减五,56 ² - 5,7
3132,五十六平方减四,56 ² - 4,7
3133,五十六平方减三,56 ² - 3,7
3134,五十六平方减二,56 ² - 2,7
3135,半分之六千二百七十,6270 / 2,7
3136,五十六平方,56 ²,5
3137,五十六平方加一,56 ² + 1,7
3138,六乘五百二十三,6 * 523,7
3139,四十三乘七十三,43 * 73,7
3140,十乘三百十四,10 * 314,6
3141,半分之六千三百减九,6300 / 2 - 9,7
3142,半分之六千三百减八,6300 / 2 - 8,7
3143,半分之六千三百减七,6300 / 2 - 7,7
3144,半分之六千三百减六,6300 / 2 - 6,7
3145,半分之六千二百九十,6290 / 2,7
3146,半分之六千三百减四,6300 / 2 - 4,7
3147,半分之六千三百减三,6300 / 2 - 3,7
3148,半分之六千三百减二,6300 / 2 - 2,7
3149,半分之六千三百减一,6300 / 2 - 1,7
3150,半分之六千三百,6300 / 2,5
3151,半分之六千三百零二,6302 / 2,7
3152,半分之六千三百零四,6304 / 2,7
3153,半分之六千三百零六,6306 / 2,7
3154,半分之六千三百零八,6308 / 2,7
3155,半分之六千三百十,6310 / 2,6
3156,半分之六千三百十二,6312 / 2,7
3157,半分之六千三百十四,6314 / 2,7
3158,半分之六千三百十六,6316 / 2,7
3159,半分之六千三百十八,6318 / 2,7
3160,四十乘七十九,40 * 79,6
3161,三千一百六十一,3161,7
3162,五十一乘六十二,51 * 62,7
3163,三千一百六十三,3163,7
3164,七乘半分之九百零四,7 * 904 / 2,7
3165,半分之六千三百三十,6330 / 2,7
3166,三千一百六十六,3166,7
3167,三千一百六十七,3167,7
3168,九千减十八立方,9000 - 18 ³,7
3169,三千加十三平方,3000 + 13 ²,7
3170,十乘三百十七,10 * 317,6
3171,七乘半分之九百零六,7 * 906 / 2,7
3172,五十二乘六十一,52 * 61,7
3173,三千一百七十三,3173,7
3174,四十六乘六十九,46 * 69,7
3175,半分之六千三百五十,6350 / 2,7
3176,八乘三百九十七,8 * 397,7
3177,九乘半分之七百零六,9 * 706 / 2,7
3178,七乘半分之九百零八,7 * 908 / 2,7
3179,十一乘十七平方,11 * 17 ²,7
3180,五十三乘六十,53 * 60,6
3181,八乘四百减十九,8 * 400 - 19,7
3182,八乘四百减十八,8 * 400 - 18,7
3183,八乘四百减十七,8 * 400 - 17,7
3184,八乘四百减十六,8 * 400 - 16,7
3185,七乘半分之九百十,7 * 910 / 2,6
3186,八乘四百减十四,8 * 400 - 14,7
3187,八乘四百减十三,8 * 400 - 13,7
3188,八乘四百减十二,8 * 400 - 12,7
3189,八乘四百减十一,8 * 400 - 11,7
3190,八乘四百减十,8 * 400 - 10,6
3191,八乘四百减九,8 * 400 - 9,6
3192,八乘四百减八,8 * 400 - 8,6
3193,八乘四百减七,8 * 400 - 7,6
3194,八乘四百减六,8 * 400 - 6,6
3195,八乘四百减五,8 * 400 - 5,6
3196,八乘四百减四,8 * 400 - 4,6
3197,八乘四百减三,8 * 400 - 3,6
3198,八乘四百减二,8 * 400 - 2,6
3199,八乘四百减一,8 * 400 - 1,6
3200,八乘四百,8 * 400,4
3201,八乘四百加一,8 * 400 + 1,6
3202,八乘四百加二,8 * 400 + 2,6
3203,八乘四百加三,8 * 400 + 3,6
3204,四乘八百零一,4 * 801,6
3205,半分之六千四百十,6410 / 2,6
3206,八乘四百加六,8 * 400 + 6,6
3207,八乘四百加七,8 * 400 + 7,6
3208,八乘四百零一,8 * 401,6
3209,八乘四百加九,8 * 400 + 9,6
3210,三千二百十,3210,5
3211,三千二百十一,3211,6
3212,四乘八百零三,4 * 803,6
3213,三千二百十三,3213,6
3214,三千二百十四,3214,6
3215,三千二百十五,3215,6
3216,八乘四百零二,8 * 402,6
3217,三千二百十七,3217,6
3218,三千二百十八,3218,6
3219,三千二百十九,3219,6
3220,四十六乘七十,46 * 70,6
3221,三千二百二十一,3221,7
3222,九乘半分之七百十六,9 * 716 / 2,7
3223,三千二百二十三,3223,7
3224,八乘四百零三,8 * 403,6
3225,半分之六千四百五十,6450 / 2,7
3226,三千十加六立方,3010 + 6 ³,7
3227,七乘四百六十一,7 * 461,7
3228,四乘八百零七,4 * 807,6
3229,半分之五千加九立方,5000 / 2 + 9 ³,7
3230,三千二百三十,3230,6
3231,四乘八百十减九,4 * 810 - 9,7
3232,八乘四百零四,8 * 404,6
3233,四乘八百十减七,4 * 810 - 7,7
3234,四乘八百十减六,4 * 810 - 6,7
3235,半分之六千四百七十,6470 / 2,7
3236,四乘八百零九,4 * 809,6
3237,四乘八百十减三,4 * 810 - 3,7
3238,四乘八百十减二,4 * 810 - 2,7
3239,五十七平方减十,57 ² - 10,7
3240,四乘八百十,4 * 810,5
3241,半分之六千五百减九,6500 / 2 - 9,7
3242,半分之六千五百减八,6500 / 2 - 8,7
3243,半分之六千五百减七,6500 / 2 - 7,7
3244,四乘八百十一,4 * 811,6
3245,半分之六千四百九十,6490 / 2,7
3246,半分之六千五百减四,6500 / 2 - 4,7
3247,半分之六千五百减三,6500 / 2 - 3,7
3248,八乘四百零六,8 * 406,6
3249,五十七平方,57 ²,5
3250,半分之六千五百,6500 / 2,5
3251,半分之六千五百零二,6502 / 2,7
3252,四乘八百十三,4 * 813,6
3253,半分之六千五百零六,6506 / 2,7
3254,半分之六千五百零八,6508 / 2,7
3255,半分之六千五百十,6510 / 2,6
3256,八乘四百零七,8 * 407,6
3257,半分之六千五百十四,6514 / 2,7
3258,半分之六千五百十六,6516 / 2,7
3259,半分之六千五百十八,6518 / 2,7
3260,四乘八百十五,4 * 815,6
3261,三乘一千八十七,3 * 1087,7
3262,七乘四百六十六,7 * 466,7
3263,三千二百六十三,3263,7
3264,八乘四百零八,8 * 408,6
3265,半分之六千五百三十,6530 / 2,7
3266,四十六乘七十一,46 * 71,7
3267,三十三乘九十九,33 * 99,7
3268,四乘八百十七,4 * 817,6
3269,七乘四百六十七,7 * 467,7
3270,三乘一千九十,3 * 1090,6
3271,四千减九立方,4000 - 9 ³,6
3272,八乘四百零九,8 * 409,6
3273,八乘四百十减七,8 * 410 - 7,7
3274,八乘四百十减六,8 * 410 - 6,7
3275,半分之六千五百五十,6550 / 2,7
3276,四乘八百十九,4 * 819,6
3277,八乘四百十减三,8 * 410 - 3,7
3278,八乘四百十减二,8 * 410 - 2,7
3279,八乘四百十减一,8 * 410 - 1,7
3280,八乘四百十,8 * 410,5
3281,三千三百减十九,3300 - 19,7
3282,三千三百减十八,3300 - 18,7
3283,三千三百减十七,3300 - 17,7
3284,三千三百减十六,3300 - 16,7
3285,半分之六千五百七十,6570 / 2,7
3286,三千三百减十四,3300 - 14,7
3287,三千三百减十三,3300 - 13,7
3288,八乘四百十一,8 * 411,6
3289,三千三百减十一,3300 - 11,7
3290,三千三百减十,3300 - 10,6
3291,三千三百减九,3300 - 9,6
3292,三千三百减八,3300 - 8,6
3293,三千三百减七,3300 - 7,6
3294,三千三百减六,3300 - 6,6
3295,三千三百减五,3300 - 5,6
3296,三千三百减四,3300 - 4,6
3297,三千三百减三,3300 - 3,6
3298,三千三百减二,3300 - 2,6
3299,三千三百减一,3300 - 1,6
3300,三千三百,3300,4
3301,三千三百加一,3300 + 1,6
3302,三千三百加二,3300 + 2,6
3303,三千三百加三,3300 + 3,6
3304,八乘四百十三,8 * 413,6
3305,半分之六千六百十,6610 / 2,6
3306,三千三百加六,3300 + 6,6
3307,三千三百加七,3300 + 7,6
3308,三千三百加八,3300 + 8,6
3309,三千三百加九,3300 + 9,6
3310,三千三百十,3310,5
3311,三千三百十一,3311,6
3312,八乘四百十四,8 * 414,6
3313,三千三百十三,3313,6
3314,三千三百十四,3314,6
3315,三千三百十五,3315,6
3316,三千三百十六,3316,6
3317,三千三百十七,3317,6
3318,三千三百十八,3318,6
3319,三千三百十九,3319,6
3320,四十乘八十三,40 * 83,6
3321,四十一乘九平方,41 * 9 ²,7
3322,十一乘三百零二,11 * 302,7
3323,三千三百二十三,3323,7
3324,六乘五百五十四,6 * 554,7
3325,半分之六千六百五十,6650 / 2,7
3326,三千三百二十六,3326,7
3327,三千三百二十七,3327,7
3328,八乘四百十六,8 * 416,6
3329,三千三百二十九,3329,7
3330,三十七乘九十,37 * 90,6
3331,二千加十一立方,2000 + 11 ³,7
3332,七平方乘六十八,7 ² * 68,7
3333,十一乘三百零三,11 * 303,7
3334,三万零六除以九,30006 / 9,7
3335,二万十除以六,20010 / 6,6
3336,八乘四百十七,8 * 417,6
3337,一万十一除以三,10011 / 3,7
3338,一万十四除以三,10014 / 3,7
3339,一万十七除以三,10017 / 3,7
3340,三千三百四十,3340,6
3341,半分之六千七百减九,6700 / 2 - 9,7
3342,半分之六千七百减八,6700 / 2 - 8,7
3343,三千加七立方,3000 + 7 ³,6
3344,八乘四百十八,8 * 418,6
3345,半分之六千六百九十,6690 / 2,7
3346,半分之六千七百减四,6700 / 2 - 4,7
3347,半分之六千七百减三,6700 / 2 - 3,7
3348,半分之六千七百减二,6700 / 2 - 2,7
3349,半分之六千七百减一,6700 / 2 - 1,7
3350,半分之六千七百,6700 / 2,5
3351,半分之六千七百零二,6702 / 2,7
3352,八乘四百十九,8 * 419,6
3353,半分之六千七百零六,6706 / 2,7
3354,半分之六千七百零八,6708 / 2,7
3355,半分之六千七百十,6710 / 2,6
3356,半分之六千七百十二,6712 / 2,7
3357,半分之六千七百十四,6714 / 2,7
3358,半分之六千七百十六,6716 / 2,7
3359,半分之六千七百十八,6718 / 2,7
3360,七乘八乘六十,7 * 8 * 60,6
3361,五十八平方减三,58 ² - 3,7
3362,半分之八十二平方,82 ² / 2,6
3363,五十八平方减一,58 ² - 1,7
3364,五十八平方,58 ²,5
3365,十五立方减十,15 ³ - 10,6
3366,十五立方减九,15 ³ - 9,6
3367,十五立方减八,15 ³ - 8,6
3368,十五立方减七,15 ³ - 7,6
3369,十五立方减六,15 ³ - 6,6
3370,十五立方减五,15 ³ - 5,6
3371,十五立方减四,15 ³ - 4,6
3372,十五立方减三,15 ³ - 3,6
3373,十五立方减二,15 ³ - 2,6
3374,十五立方减一,15 ³ - 1,6
3375,十五立方,15 ³,4
3376,十五立方加一,15 ³ + 1,6
3377,十五立方加二,15 ³ + 2,6
3378,十五立方加三,15 ³ + 3,6
3379,十五立方加四,15 ³ + 4,6
3380,十五立方加五,15 ³ + 5,6
3381,十五立方加六,15 ³ + 6,6
3382,十五立方加七,15 ³ + 7,6
3383,十五立方加八,15 ³ + 8,6
3384,十五立方加九,15 ³ + 9,6
3385,十五立方加十,15 ³ + 10,6
3386,三千四百减十四,3400 - 14,7
3387,三千四百减十三,3400 - 13,7
3388,三千四百减十二,3400 - 12,7
3389,三千四百减十一,3400 - 11,7
3390,三千四百减十,3400 - 10,6
3391,三千四百减九,3400 - 9,6
3392,三千四百减八,3400 - 8,6
3393,三千四百减七,3400 - 7,6
3394,三千四百减六,3400 - 6,6
3395,三千四百减五,3400 - 5,6
3396,三千四百减四,3400 - 4,6
3397,三千四百减三,3400 - 3,6
3398,三千四百减二,3400 - 2,6
3399,三千四百减一,3400 - 1,6
3400,三千四百,3400,4
3401,三千四百加一,3400 + 1,6
3402,三千四百加二,3400 + 2,6
3403,三千四百加三,3400 + 3,6
3404,三千四百加四,3400 + 4,6
3405,半分之六千八百十,6810 / 2,6
3406,三千四百加六,3400 + 6,6
3407,三千四百加七,3400 + 7,6
3408,三千四百加八,3400 + 8,6
3409,三千四百加九,3400 + 9,6
3410,三千四百十,3410,5
3411,三千四百十一,3411,6
3412,三千四百十二,3412,6
3413,三千四百十三,3413,6
3414,三千四百十四,3414,6
3415,三千四百十五,3415,6
3416,三千四百十六,3416,6
3417,三千四百十七,3417,6
3418,三千四百十八,3418,6
3419,三千四百十九,3419,6
3420,半分之七千减八十,7000 / 2 - 80,6
3421,十乘七立方减九,10 * 7 ³ - 9,7
3422,十乘七立方减八,10 * 7 ³ - 8,7
3423,十乘七立方减七,10 * 7 ³ - 7,7
3424,十乘七立方减六,10 * 7 ³ - 6,7
3425,半分之六千八百五十,6850 / 2,7
3426,十乘七立方减四,10 * 7 ³ - 4,7
3427,十乘七立方减三,10 * 7 ³ - 3,7
3428,十乘七立方减二,10 * 7 ³ - 2,7
3429,十乘七立方减一,10 * 7 ³ - 1,7
3430,十乘七立方,10 * 7 ³,5
3431,半分之七千减六十九,7000 / 2 - 69,7
3432,半分之七千减六十八,7000 / 2 - 68,7
3433,半分之七千减六十七,7000 / 2 - 67,7
3434,半分之七千减六十六,7000 / 2 - 66,7
3435,半分之六千八百七十,6870 / 2,7
3436,半分之七千减四立方,7000 / 2 - 4 ³,7
3437,半分之七千减七乘九,7000 / 2 - 7 * 9,7
3438,半分之七千减六十二,7000 / 2 - 62,7
3439,半分之七千减六十一,7000 / 2 - 61,7
3440,半分之七千减六十,7000 / 2 - 60,6
3441,半分之六千九百减九,6900 / 2 - 9,7
3442,半分之六千九百减八,6900 / 2 - 8,7
3443,半分之六千九百减七,6900 / 2 - 7,7
3444,半分之六千九百减六,6900 / 2 - 6,7
3445,半分之六千八百九十,6890 / 2,7
3446,半分之六千九百减四,6900 / 2 - 4,7
3447,半分之六千九百减三,6900 / 2 - 3,7
3448,半分之六千九百减二,6900 / 2 - 2,7
3449,半分之六千九百减一,6900 / 2 - 1,7
3450,半分之六千九百,6900 / 2,5
3451,半分之六千九百零二,6902 / 2,7
3452,半分之六千九百零四,6904 / 2,7
3453,半分之六千九百零六,6906 / 2,7
3454,半分之六千九百零八,6908 / 2,7
3455,半分之六千九百十,6910 / 2,6
3456,十六乘六立方,16 * 6 ³,6
3457,半分之六千九百十四,6914 / 2,7
3458,半分之六千九百十六,6916 / 2,7
3459,半分之六千九百十八,6918 / 2,7
3460,半分之七千减四十,7000 / 2 - 40,6
3461,半分之七千减三十九,7000 / 2 - 39,7
3462,半分之七千减三十八,7000 / 2 - 38,7
3463,半分之七千减三十七,7000 / 2 - 37,7
3464,半分之七千减六平方,7000 / 2 - 6 ²,7
3465,半分之六千九百三十,6930 / 2,7
3466,半分之七千减三十四,7000 / 2 - 34,7
3467,半分之七千减三十三,7000 / 2 - 33,7
3468,半分之七千减四乘八,7000 / 2 - 4 * 8,7
3469,半分之七千减三十一,7000 / 2 - 31,7
3470,半分之七千减三十,7000 / 2 - 30,6
3471,五十九平方减十,59 ² - 10,7
3472,五十九平方减九,59 ² - 9,7
3473,五十九平方减八,59 ² - 8,7
3474,五十九平方减七,59 ² - 7,7
3475,半分之六千九百五十,6950 / 2,7
3476,五十九平方减五,59 ² - 5,7
3477,五十九平方减四,59 ² - 4,7
3478,五十九平方减三,59 ² - 3,7
3479,五十九平方减二,59 ² - 2,7
3480,半分之七千减二十,7000 / 2 - 20,6
3481,五十九平方,59 ²,5
3482,半分之七千减十八,7000 / 2 - 18,6
3483,半分之七千减十七,7000 / 2 - 17,6
3484,半分之七千减十六,7000 / 2 - 16,6
3485,半分之七千减十五,7000 / 2 - 15,6
3486,半分之七千减十四,7000 / 2 - 14,6
3487,半分之七千减十三,7000 / 2 - 13,6
3488,半分之七千减十二,7000 / 2 - 12,6
3489,半分之七千减十一,7000 / 2 - 11,6
3490,半分之七千减十,7000 / 2 - 10,5
3491,半分之七千减九,7000 / 2 - 9,5
3492,半分之七千减八,7000 / 2 - 8,5
3493,半分之七千减七,7000 / 2 - 7,5
3494,半分之七千减六,7000 / 2 - 6,5
3495,半分之七千减五,7000 / 2 - 5,5
3496,半分之七千减四,7000 / 2 - 4,5
3497,半分之七千减三,7000 / 2 - 3,5
3498,半分之七千减二,7000 / 2 - 2,5
3499,半分之七千减一,7000 / 2 - 1,5
3500,半分之七千,7000 / 2,3
3501,半分之七千零二,7002 / 2,5
3502,半分之七千零四,7004 / 2,5
3503,半分之七千零六,7006 / 2,5
3504,半分之七千零八,7008 / 2,5
3505,半分之七千十,7010 / 2,4
3506,半分之七千十二,7012 / 2,5
3507,半分之七千十四,7014 / 2,5
3508,半分之七千十六,7016 / 2,5
3509,半分之七千十八,7018 / 2,5
3510,半分之七千二十,7020 / 2,5
3511,半分之七千二十二,7022 / 2,6
3512,半分之七千二十四,7024 / 2,6
3513,半分之七千二十六,7026 / 2,6
3514,半分之七千二十八,7028 / 2,6
3515,半分之七千三十,7030 / 2,5
3516,半分之七千三十二,7032 / 2,6
3517,半分之七千三十四,7034 / 2,6
3518,半分之七千三十六,7036 / 2,6
3519,半分之七千三十八,7038 / 2,6
3520,半分之七千四十,7040 / 2,5
3521,半分之七千四十二,7042 / 2,6
3522,半分之七千四十四,7044 / 2,6
3523,半分之七千四十六,7046 / 2,6
3524,半分之七千四十八,7048 / 2,6
3525,半分之七千五十,7050 / 2,5
3526,半分之七千五十二,7052 / 2,6
3527,半分之七千五十四,7054 / 2,6
3528,半分之八十四平方,84 ² / 2,6
3529,半分之七千五十八,7058 / 2,6
3530,半分之七千六十,7060 / 2,5
3531,半分之七千六十二,7062 / 2,6
3532,半分之七千六十四,7064 / 2,6
3533,半分之七千六十六,7066 / 2,6
3534,半分之七千六十八,7068 / 2,6
3535,半分之七千七十,7070 / 2,5
3536,半分之七千七十二,7072 / 2,6
3537,半分之七千七十四,7074 / 2,6
3538,半分之七千七十六,7076 / 2,6
3539,半分之七千七十八,7078 / 2,6
3540,半分之七千八十,7080 / 2,5
3541,半分之七千八十二,7082 / 2,6
3542,半分之七千八十四,7084 / 2,6
3543,半分之七千八十六,7086 / 2,6
3544,半分之七千八十八,7088 / 2,6
3545,半分之七千九十,7090 / 2,5
3546,半分之七千九十二,7092 / 2,6
3547,半分之七千九十四,7094 / 2,6
3548,半分之七千九十六,7096 / 2,6
3549,半分之七千九十八,7098 / 2,6
3550,半分之七千一百,7100 / 2,5
3551,半分之七千一百零二,7102 / 2,7
3552,半分之七千一百零四,7104 / 2,7
3553,半分之七千一百零六,7106 / 2,7
3554,半分之七千一百零八,7108 / 2,7
3555,半分之七千一百十,7110 / 2,6
3556,七乘五百零八,7 * 508,6
3557,半分之七千一百十四,7114 / 2,7
3558,半分之七千一百十六,7116 / 2,7
3559,半分之七千一百十八,7118 / 2,7
3560,四十乘八十九,40 * 89,6
3561,七乘五百十减九,7 * 510 - 9,7
3562,七乘五百十减八,7 * 510 - 8,7
3563,七乘五百零九,7 * 509,6
3564,七乘五百十减六,7 * 510 - 6,7
3565,五乘七百十三,5 * 713,6
3566,七乘五百十减四,7 * 510 - 4,7
3567,七乘五百十减三,7 * 510 - 3,7
3568,七乘五百十减二,7 * 510 - 2,7
3569,七乘五百十减一,7 * 510 - 1,7
3570,七乘五百十,7 * 510,5
3571,七乘五百十加一,7 * 510 + 1,7
3572,四十七乘七十六,47 * 76,7
3573,九乘三百九十七,9 * 397,7
3574,七乘八立方减十,7 * 8 ³ - 10,7
3575,五乘七百十五,5 * 715,6
3576,七乘八立方减八,7 * 8 ³ - 8,7
3577,七乘五百十一,7 * 511,6
3578,七乘八立方减六,7 * 8 ³ - 6,7
3579,七乘八立方减五,7 * 8 ³ - 5,7
3580,五乘七百十六,5 * 716,6
3581,七乘八立方减三,7 * 8 ³ - 3,7
3582,七乘八立方减二,7 * 8 ³ - 2,7
3583,七乘八立方减一,7 * 8 ³ - 1,7
3584,七乘八立方,7 * 8 ³,5
3585,五乘七百十七,5 * 717,6
3586,六十平方减十四,60 ² - 14,7
3587,六十平方减十三,60 ² - 13,7
3588,六十平方减十二,60 ² - 12,7
3589,六十平方减十一,60 ² - 11,7
3590,六十平方减十,60 ² - 10,6
3591,六十平方减九,60 ² - 9,6
3592,六十平方减八,60 ² - 8,6
3593,六十平方减七,60 ² - 7,6
3594,六十平方减六,60 ² - 6,6
3595,六十平方减五,60 ² - 5,6
3596,六十平方减四,60 ² - 4,6
3597,六十平方减三,60 ² - 3,6
3598,六十平方减二,60 ² - 2,6
3599,六十平方减一,60 ² - 1,6
3600,六十平方,60 ²,4
3601,六十平方加一,60 ² + 1,6
3602,六十平方加二,60 ² + 2,6
3603,六十平方加三,60 ² + 3,6
3604,四乘九百零一,4 * 901,6
3605,半分之七千二百十,7210 / 2,6
3606,六乘六百零一,6 * 601,6
3607,六十平方加七,60 ² + 7,6
3608,四乘九百零二,4 * 902,6
3609,九乘四百零一,9 * 401,6
3610,三千六百十,3610,5
3611,三千六百十一,3611,6
3612,七乘五百十六,7 * 516,6
3613,三千六百十三,3613,6
3614,三千六百十四,3614,6
3615,三千六百十五,3615,6
3616,四乘九百零四,4 * 904,6
3617,三千六百十七,3617,6
3618,九乘四百零二,9 * 402,6
3619,七乘五百十七,7 * 517,6
3620,四乘九百零五,4 * 905,6
3621,五十一乘七十一,51 * 71,7
3622,三千六百二十二,3622,7
3623,三千六百二十三,3623,7
3624,六乘六百零四,6 * 604,6
3625,半分之半分之半分之二万九千,29000 / 2 / 2 / 2,7
3626,七乘五百十八,7 * 518,6
3627,九乘四百零三,9 * 403,6
3628,四乘九百零七,4 * 907,6
3629,三千六百二十九,3629,7
3630,六乘六百零五,6 * 605,6
3631,四乘九百十减九,4 * 910 - 9,7
3632,四乘九百零八,4 * 908,6
3633,七乘五百十九,7 * 519,6
3634,四乘九百十减六,4 * 910 - 6,7
3635,半分之七千二百七十,7270 / 2,7
3636,九乘四百零四,9 * 404,6
3637,五乘九立方减八,5 * 9 ³ - 8,7
3638,五乘九立方减七,5 * 9 ³ - 7,7
3639,五乘九立方减六,5 * 9 ³ - 6,7
3640,四乘九百十,4 * 910,5
3641,半分之七千三百减九,7300 / 2 - 9,7
3642,六乘六百零七,6 * 607,6
3643,半分之七千三百减七,7300 / 2 - 7,7
3644,四乘九百十一,4 * 911,6
3645,五乘九立方,5 * 9 ³,5
3646,半分之七千三百减四,7300 / 2 - 4,7
3647,半分之七千三百减三,7300 / 2 - 3,7
3648,六乘六百零八,6 * 608,6
3649,半分之七千三百减一,7300 / 2 - 1,7
3650,半分之七千三百,7300 / 2,5
3651,半分之七千三百零二,7302 / 2,7
3652,四乘九百十三,4 * 913,6
3653,半分之七千三百零六,7306 / 2,7
3654,九乘四百零六,9 * 406,6
3655,半分之七千三百十,7310 / 2,6
3656,四乘九百十四,4 * 914,6
3657,四千减七立方,4000 - 7 ³,6
3658,半分之七千三百十六,7316 / 2,7
3659,半分之七千三百十八,7318 / 2,7
3660,六乘六百十,6 * 610,5
3661,七乘五百二十三,7 * 523,7
3662,六乘六百十加二,6 * 610 + 2,7
3663,九乘四百零七,9 * 407,6
3664,四乘九百十六,4 * 916,6
3665,半分之七千三百三十,7330 / 2,7
3666,六乘六百十一,6 * 611,6
3667,四千十减七立方,4010 - 7 ³,7
3668,四乘九百十七,4 * 917,6
3669,五千减十一立方,5000 - 11 ³,7
3670,三千六百七十,3670,6
3671,三千六百七十一,3671,7
3672,十七乘六立方,17 * 6 ³,6
3673,三千六百七十三,3673,7
3674,三千六百七十四,3674,7
3675,半分之七千三百五十,7350 / 2,7
3676,四乘九百十九,4 * 919,6
3677,三千六百七十七,3677,7
3678,六乘六百十三,6 * 613,6
3679,三千六百七十九,3679,7
3680,四十六乘八十,46 * 80,6
3681,九乘四百零九,9 * 409,6
3682,九乘四百十减八,9 * 410 - 8,7
3683,九乘四百十减七,9 * 410 - 7,7
3684,六乘六百十四,6 * 614,6
3685,半分之七千三百七十,7370 / 2,7
3686,九乘四百十减四,9 * 410 - 4,7
3687,九乘四百十减三,9 * 410 - 3,7
3688,九乘四百十减二,9 * 410 - 2,7
3689,九乘四百十减一,9 * 410 - 1,7
3690,九乘四百十,9 * 410,5
3691,三千七百减九,3700 - 9,6
3692,三千七百减八,3700 - 8,6
3693,三千七百减七,3700 - 7,6
3694,三千七百减六,3700 - 6,6
3695,三千七百减五,3700 - 5,6
3696,三千七百减四,3700 - 4,6
3697,三千七百减三,3700 - 3,6
3698,半分之八十六平方,86 ² / 2,6
3699,三千七百减一,3700 - 1,6
3700,三千七百,3700,4
3701,三千七百加一,3700 + 1,6
3702,六乘六百十七,6 * 617,6
3703,三千七百加三,3700 + 3,6
3704,三千七百加四,3700 + 4,6
3705,半分之七千四百十,7410 / 2,6
3706,三千七百加六,3700 + 6,6
3707,三千七百加七,3700 + 7,6
3708,九乘四百十二,9 * 412,6
3709,三千七百加九,3700 + 9,6
3710,三千七百十,3710,5
3711,三千七百十一,3711,6
3712,三千七百十二,3712,6
3713,三千七百十三,3713,6
3714,六乘六百十九,6 * 619,6
3715,三千七百十五,3715,6
3716,三千七百十六,3716,6
3717,九乘四百十三,9 * 413,6
3718,三千七百十八,3718,6
3719,三千七百十九,3719,6
3720,六十乘六十二,60 * 62,6
3721,六十一平方,61 ²,5
3722,六十一平方加一,61 ² + 1,7
3723,五十一乘七十三,51 * 73,7
3724,七平方乘七十六,7 ² * 76,7
3725,半分之七千四百五十,7450 / 2,7
3726,九乘四百十四,9 * 414,6
3727,六十一平方加六,61 ² + 6,7
3728,八乘四百六十六,8 * 466,7
3729,三千加九立方,3000 + 9 ³,6
3730,三千七百三十,3730,6
3731,四十一乘九十一,41 * 91,7
3732,十二乘三百十一,12 * 311,7
3733,三千七百三十三,3733,7
3734,三千七百三十四,3734,7
3735,九乘四百十五,9 * 415,6
3736,八乘四百六十七,8 * 467,7
3737,三千七百三十七,3737,7
3738,六乘七乘八十九,6 * 7 * 89,7
3739,三千十加九立方,3010 + 9 ³,7
3740,三千七百四十,3740,6
3741,半分之半分之半分之三万减九,30000 / 2 / 2 / 2 - 9,7
3742,半分之半分之半分之三万减八,30000 / 2 / 2 / 2 - 8,7
3743,半分之半分之半分之三万减七,30000 / 2 / 2 / 2 - 7,7
3744,九乘四百十六,9 * 416,6
3745,半分之七千四百九十,7490 / 2,7
3746,半分之半分之半分之三万减四,30000 / 2 / 2 / 2 - 4,7
3747,半分之半分之半分之三万减三,30000 / 2 / 2 / 2 - 3,7
3748,半分之半分之半分之三万减二,30000 / 2 / 2 / 2 - 2,7
3749,半分之半分之半分之三万减一,30000 / 2 / 2 / 2 - 1,7
3750,半分之半分之半分之三万,30000 / 2 / 2 / 2,5
3751,半分之半分之半分之三万零八,30008 / 2 / 2 / 2,7
3752,半分之半分之半分之三万十六,30016 / 2 / 2 / 2,7
3753,九乘四百十七,9 * 417,6
3754,半分之七千五百零八,7508 / 2,7
3755,半分之七千五百十,7510 / 2,6
3756,半分之七千五百十二,7512 / 2,7
3757,半分之七千五百十四,7514 / 2,7
3758,半分之七千五百十六,7516 / 2,7
3759,半分之七千五百十八,7518 / 2,7
3760,四十七乘八十,47 * 80,6
3761,三千七百六十一,3761,7
3762,九乘四百十八,9 * 418,6
3763,五十三乘七十一,53 * 71,7
3764,四乘九百四十一,4 * 941,7
3765,半分之七千五百三十,7530 / 2,7
3766,七乘五百三十八,7 * 538,7
3767,三千七百六十七,3767,7
3768,十二乘三百十四,12 * 314,7
3769,三千七百六十九,3769,7
3770,三千七百七十,3770,6
3771,九乘四百十九,9 * 419,6
3772,四十六乘八十二,46 * 82,7
3773,十一乘七立方,11 * 7 ³,6
3774,五十一乘七十四,51 * 74,7
3775,半分之半分之半分之三万二百,30200 / 2 / 2 / 2,7
3776,五十九乘四立方,59 * 4 ³,7
3777,三千七百七十七,3777,7
3778,三千七百七十八,3778,7
3779,三千七百七十九,3779,7
3780,六乘九乘七十,6 * 9 * 70,6
3781,三千八百减十九,3800 - 19,7
3782,三千八百减十八,3800 - 18,7
3783,三千八百减十七,3800 - 17,7
3784,四千减六立方,4000 - 6 ³,6
3785,半分之七千五百七十,7570 / 2,7
3786,三千八百减十四,3800 - 14,7
3787,三千八百减十三,3800 - 13,7
3788,三千八百减十二,3800 - 12,7
3789,三千八百减十一,3800 - 11,7
3790,三千八百减十,3800 - 10,6
3791,三千八百减九,3800 - 9,6
3792,三千八百减八,3800 - 8,6
3793,三千八百减七,3800 - 7,6
3794,三千八百减六,3800 - 6,6
3795,三千八百减五,3800 - 5,6
3796,三千八百减四,3800 - 4,6
3797,三千八百减三,3800 - 3,6
3798,三千八百减二,3800 - 2,6
3799,三千八百减一,3800 - 1,6
3800,三千八百,3800,4
3801,三千八百加一,3800 + 1,6
3802,三千八百加二,3800 + 2,6
3803,三千八百加三,3800 + 3,6
3804,三千八百加四,3800 + 4,6
3805,半分之七千六百十,7610 / 2,6
3806,三千八百加六,3800 + 6,6
3807,三千八百加七,3800 + 7,6
3808,三千八百加八,3800 + 8,6
3809,三千八百加九,3800 + 9,6
3810,三千八百十,3810,5
3811,三千八百十一,3811,6
3812,三千八百十二,3812,6
3813,三千八百十三,3813,6
3814,三千八百十四,3814,6
3815,三千八百十五,3815,6
3816,三千八百十六,3816,6
3817,三千八百十七,3817,6
3818,三千八百十八,3818,6
3819,三千八百十九,3819,6
3820,三千八百二十,3820,6
3821,三千八百二十一,3821,7
3822,七平方乘七十八,7 ² * 78,7
3823,三千八百二十三,3823,7
3824,八乘四百七十八,8 * 478,7
3825,半分之半分之半分之三万六百,30600 / 2 / 2 / 2,7
3826,三千八百二十六,3826,7
3827,四十三乘八十九,43 * 89,7
3828,五十八乘六十六,58 * 66,7
3829,四千减九乘十九,4000 - 9 * 19,7
3830,三千八百三十,3830,6
3831,四千减十三平方,4000 - 13 ²,7
3832,十八立方减二千,18 ³ - 2000,7
3833,三千八百三十三,3833,7
3834,六十二平方减十,62 ² - 10,7
3835,半分之七千六百七十,7670 / 2,7
3836,六十二平方减八,62 ² - 8,7
3837,六十二平方减七,62 ² - 7,7
3838,六十二平方减六,62 ² - 6,7
3839,六十二平方减五,62 ² - 5,7
3840,六乘八乘八十,6 * 8 * 80,6
3841,半分之七千七百减九,7700 / 2 - 9,7
3842,半分之七千七百减八,7700 / 2 - 8,7
3843,半分之七千七百减七,7700 / 2 - 7,7
3844,六十二平方,62 ²,5
3845,半分之七千六百九十,7690 / 2,7
3846,半分之七千七百减四,7700 / 2 - 4,7
3847,半分之七千七百减三,7700 / 2 - 3,7
3848,半分之七千七百减二,7700 / 2 - 2,7
3849,半分之七千七百减一,7700 / 2 - 1,7
3850,半分之七千七百,7700 / 2,5
3851,半分之七千七百零二,7702 / 2,7
3852,半分之七千七百零四,7704 / 2,7
3853,半分之七千七百零六,7706 / 2,7
3854,半分之七千七百零八,7708 / 2,7
3855,半分之七千七百十,7710 / 2,6
3856,半分之七千七百十二,7712 / 2,7
3857,半分之七千七百十四,7714 / 2,7
3858,半分之七千七百十六,7716 / 2,7
3859,半分之七千七百十八,7718 / 2,7
3860,三千八百六十,3860,6
3861,三十九乘九十九,39 * 99,7
3862,三千八百六十二,3862,7
3863,三千八百六十三,3863,7
3864,四千减八乘十七,4000 - 8 * 17,7
3865,半分之七千七百三十,7730 / 2,7
3866,三千八百六十六,3866,7
3867,四千减七乘十九,4000 - 7 * 19,7
3868,四乘九百六十七,4 * 967,7
3869,五十三乘七十三,53 * 73,7
3870,四十三乘九十,43 * 90,6
3871,七平方乘七十九,7 ² * 79,7
3872,半分之八十八平方,88 ² / 2,6
3873,三千八百七十三,3873,7
3874,四千减九乘十四,4000 - 9 * 14,7
3875,四千减五立方,4000 - 5 ³,6
3876,五十七乘六十八,57 * 68,7
3877,三千八百七十七,3877,7
3878,七乘五百五十四,7 * 554,7
3879,四千减十一平方,4000 - 11 ²,7
3880,四十乘九十七,40 * 97,6
3881,三千九百减十九,3900 - 19,7
3882,三千九百减十八,3900 - 18,7
3883,三千九百减十七,3900 - 17,7
3884,三千九百减十六,3900 - 16,7
3885,半分之七千七百七十,7770 / 2,7
3886,三千九百减十四,3900 - 14,7
3887,三千九百减十三,3900 - 13,7
3888,十八乘六立方,18 * 6 ³,6
3889,三千九百减十一,3900 - 11,7
3890,三千九百减十,3900 - 10,6
3891,三千九百减九,3900 - 9,6
3892,三千九百减八,3900 - 8,6
3893,三千九百减七,3900 - 7,6
3894,三千九百减六,3900 - 6,6
3895,三千九百减五,3900 - 5,6
3896,三千九百减四,3900 - 4,6
3897,三千九百减三,3900 - 3,6
3898,三千九百减二,3900 - 2,6
3899,三千九百减一,3900 - 1,6
3900,三千九百,3900,4
3901,四千减九十九,4000 - 99,6
3902,四千减九十八,4000 - 98,6
3903,四千减九十七,4000 - 97,6
3904,四千减九十六,4000 - 96,6
3905,半分之七千八百十,7810 / 2,6
3906,四千减九十四,4000 - 94,6
3907,四千减九十三,4000 - 93,6
3908,四千减九十二,4000 - 92,6
3909,四千减九十一,4000 - 91,6
3910,四千减九十,4000 - 90,5
3911,四千减八十九,4000 - 89,6
3912,四千减八十八,4000 - 88,6
3913,四千减八十七,4000 - 87,6
3914,四千减八十六,4000 - 86,6
3915,四千减八十五,4000 - 85,6
3916,四千减八十四,4000 - 84,6
3917,四千减八十三,4000 - 83,6
3918,四千减八十二,4000 - 82,6
3919,四千减九平方,4000 - 9 ²,6
3920,四千减八十,4000 - 80,5
3921,四千减七十九,4000 - 79,6
3922,四千减七十八,4000 - 78,6
3923,四千减七十七,4000 - 77,6
3924,四千减七十六,4000 - 76,6
3925,四千减七十五,4000 - 75,6
3926,四千减七十四,4000 - 74,6
3927,四千减七十三,4000 - 73,6
3928,四千减八乘九,4000 - 8 * 9,6
3929,四千减七十一,4000 - 71,6
3930,四千减七十,4000 - 70,5
3931,四千减六十九,4000 - 69,6
3932,四千减六十八,4000 - 68,6
3933,四千减六十七,4000 - 67,6
3934,四千减六十六,4000 - 66,6
3935,四千减六十五,4000 - 65,6
3936,四千减四立方,4000 - 4 ³,6
3937,四千减七乘九,4000 - 7 * 9,6
3938,四千减六十二,4000 - 62,6
3939,四千减六十一,4000 - 61,6
3940,四千减六十,4000 - 60,5
3941,四千减五十九,4000 - 59,6
3942,四千减五十八,4000 - 58,6
3943,四千减五十七,4000 - 57,6
3944,四千减七乘八,4000 - 7 * 8,6
3945,四千减五十五,4000 - 55,6
3946,四千减六乘九,4000 - 6 * 9,6
3947,四千减五十三,4000 - 53,6
3948,四千减五十二,4000 - 52,6
3949,四千减五十一,4000 - 51,6
3950,半分之七千九百,7900 / 2,5
3951,四千减七平方,4000 - 7 ²,6
3952,四千减六乘八,4000 - 6 * 8,6
3953,四千减四十七,4000 - 47,6
3954,四千减四十六,4000 - 46,6
3955,半分之七千九百十,7910 / 2,6
3956,四千减四十四,4000 - 44,6
3957,四千减四十三,4000 - 43,6
3958,四千减六乘七,4000 - 6 * 7,6
3959,四千减四十一,4000 - 41,6
3960,四千减四十,4000 - 40,5
3961,四千减三十九,4000 - 39,6
3962,四千减三十八,4000 - 38,6
3963,四千减三十七,4000 - 37,6
3964,四千减六平方,4000 - 6 ²,6
3965,四千减半分之七十,4000 - 70 / 2,6
3966,四千减三十四,4000 - 34,6
3967,四千减三十三,4000 - 33,6
3968,四千减四乘八,4000 - 4 * 8,6
3969,六十三平方,63 ²,5
3970,四千减三十,4000 - 30,5
3971,四千减二十九,4000 - 29,6
3972,四千减四乘七,4000 - 4 * 7,6
3973,四千减三立方,4000 - 3 ³,6
3974,四千减二十六,4000 - 26,6
3975,四千减五平方,4000 - 5 ²,6
3976,四千减四乘六,4000 - 4 * 6,6
3977,四千减二十三,4000 - 23,6
3978,四千减二十二,4000 - 22,6
3979,四千减三乘七,4000 - 3 * 7,6
3980,四千减二十,4000 - 20,5
3981,四千减十九,4000 - 19,5
3982,四千减十八,4000 - 18,5
3983,四千减十七,4000 - 17,5
3984,四千减十六,4000 - 16,5
3985,四千减十五,4000 - 15,5
3986,四千减十四,4000 - 14,5
3987,四千减十三,4000 - 13,5
3988,四千减十二,4000 - 12,5
3989,四千减十一,4000 - 11,5
3990,四千减十,4000 - 10,4
3991,四千减九,4000 - 9,4
3992,四千减八,4000 - 8,4
3993,四千减七,4000 - 7,4
3994,四千减六,4000 - 6,4
3995,四千减五,4000 - 5,4
3996,四千减四,4000 - 4,4
3997,四千减三,4000 - 3,4
3998,四千减二,4000 - 2,4
3999,四千减一,4000 - 1,4
4000,四千,4000,2
4001,四千加一,4000 + 1,4
4002,四千加二,4000 + 2,4
4003,四千加三,4000 + 3,4
4004,四千加四,4000 + 4,4
4005,半分之八千十,8010 / 2,4
4006,四千加六,4000 + 6,4
4007,四千加七,4000 + 7,4
4008,四千加八,4000 + 8,4
4009,四千加九,4000 + 9,4
4010,四千十,4010,3
4011,四千十一,4011,4
4012,四千十二,4012,4
4013,四千十三,4013,4
4014,四千十四,4014,4
4015,四千十五,4015,4
4016,四千十六,4016,4
4017,四千十七,4017,4
4018,四千十八,4018,4
4019,四千十九,4019,4
4020,四千二十,4020,4
4021,四千二十一,4021,5
4022,四千二十二,4022,5
4023,四千二十三,4023,5
4024,四千二十四,4024,5
4025,半分之八千五十,8050 / 2,5
4026,四千二十六,4026,5
4027,四千二十七,4027,5
4028,四千二十八,4028,5
4029,四千二十九,4029,5
4030,四千三十,4030,4
4031,四千三十一,4031,5
4032,四千三十二,4032,5
4033,四千三十三,4033,5
4034,四千三十四,4034,5
4035,半分之八千七十,8070 / 2,5
4036,四千三十六,4036,5
4037,四千三十七,4037,5
4038,四千三十八,4038,5
4039,四千三十九,4039,5
4040,四千四十,4040,4
4041,四千四十一,4041,5
4042,四千四十二,4042,5
4043,四千四十三,4043,5
4044,四千四十四,4044,5
4045,半分之八千九十,8090 / 2,5
4046,四千四十六,4046,5
4047,四千四十七,4047,5
4048,四千四十八,4048,5
4049,四千四十九,4049,5
4050,四千五十,4050,4
4051,四千五十一,4051,5
4052,四千五十二,4052,5
4053,四千五十三,4053,5
4054,四千五十四,4054,5
4055,四千五十五,4055,5
4056,四千五十六,4056,5
4057,四千五十七,4057,5
4058,四千五十八,4058,5
4059,四千五十九,4059,5
4060,四千六十,4060,4
4061,四千六十一,4061,5
4062,四千六十二,4062,5
4063,四千六十三,4063,5
4064,四千六十四,4064,5
4065,四千六十五,4065,5
4066,四千六十六,4066,5
4067,四千六十七,4067,5
4068,四千六十八,4068,5
4069,四千六十九,4069,5
4070,四千七十,4070,4
4071,四千七十一,4071,5
4072,四千七十二,4072,5
4073,四千七十三,4073,5
4074,四千七十四,4074,5
4075,四千七十五,4075,5
4076,四千七十六,4076,5
4077,四千七十七,4077,5
4078,四千七十八,4078,5
4079,四千七十九,4079,5
4080,四千八十,4080,4
4081,四千八十一,4081,5
4082,四千八十二,4082,5
4083,四千八十三,4083,5
4084,四千八十四,4084,5
4085,四千八十五,4085,5
4086,四千八十六,4086,5
4087,四千八十七,4087,5
4088,四千八十八,4088,5
4089,四千八十九,4089,5
4090,四千九十,4090,4
4091,四千九十一,4091,5
4092,四千九十二,4092,5
4093,四千九十三,4093,5
4094,四千九十四,4094,5
4095,四千九十五,4095,5
4096,十六立方,16 ³,4
4097,四千九十七,4097,5
4098,四千九十八,4098,5
4099,四千九十九,4099,5
4100,四千一百,4100,4
4101,四千一百加一,4100 + 1,6
4102,四千一百加二,4100 + 2,6
4103,四千一百加三,4100 + 3,6
4104,十九乘六立方,19 * 6 ³,6
4105,半分之八千二百十,8210 / 2,6
4106,四千一百加六,4100 + 6,6
4107,四千一百加七,4100 + 7,6
4108,四千一百加八,4100 + 8,6
4109,四千一百加九,4100 + 9,6
4110,四千一百十,4110,5
4111,四千一百十一,4111,6
4112,八乘五百十四,8 * 514,6
4113,四千一百十三,4113,6
4114,四千一百十四,4114,6
4115,四千一百十五,4115,6
4116,十二乘七立方,12 * 7 ³,6
4117,四千一百十七,4117,6
4118,四千一百十八,4118,6
4119,四千一百十九,4119,6
4120,十乘四百十二,10 * 412,6
4121,十三乘三百十七,13 * 317,7
4122,九乘半分之九百十六,9 * 916 / 2,7
4123,十九乘二百十七,19 * 217,7
4124,四乘一千三十一,4 * 1031,7
4125,四千加五立方,4000 + 5 ³,6
4126,二乘二千六十三,2 * 2063,7
4127,四千一百二十七,4127,7
4128,八乘五百十六,8 * 516,6
4129,四千一百二十九,4129,7
4130,五十九乘七十,59 * 70,6
4131,五十一乘九平方,51 * 9 ²,7
4132,四乘一千三十三,4 * 1033,7
4133,四千加七乘十九,4000 + 7 * 19,7
4134,五十三乘七十八,53 * 78,7
4135,半分之八千二百七十,8270 / 2,7
4136,八乘五百十七,8 * 517,6
4137,七乘五百九十一,7 * 591,7
4138,二乘二千六十九,2 * 2069,7
4139,四千一百三十九,4139,7
4140,四十六乘九十,46 * 90,6
4141,半分之八千三百减九,8300 / 2 - 9,7
4142,半分之八千三百减八,8300 / 2 - 8,7
4143,半分之八千三百减七,8300 / 2 - 7,7
4144,八乘五百十八,8 * 518,6
4145,半分之八千二百九十,8290 / 2,7
4146,半分之八千三百减四,8300 / 2 - 4,7
4147,半分之八千三百减三,8300 / 2 - 3,7
4148,半分之八千三百减二,8300 / 2 - 2,7
4149,半分之八千三百减一,8300 / 2 - 1,7
4150,半分之八千三百,8300 / 2,5
4151,半分之八千三百零二,8302 / 2,7
4152,八乘五百十九,8 * 519,6
4153,半分之八千三百零六,8306 / 2,7
4154,半分之八千三百零八,8308 / 2,7
4155,半分之八千三百十,8310 / 2,6
4156,半分之八千三百十二,8312 / 2,7
4157,半分之八千三百十四,8314 / 2,7
4158,半分之八千三百十六,8316 / 2,7
4159,半分之八千三百十八,8318 / 2,7
4160,五十二乘八十,52 * 80,6
4161,五十七乘七十三,57 * 73,7
4162,二乘二千八十一,2 * 2081,7
4163,四千一百六十三,4163,7
4164,六乘六百九十四,6 * 694,7
4165,半分之八千三百三十,8330 / 2,7
4166,二乘二千八十三,2 * 2083,7
4167,九乘四百六十三,9 * 463,7
4168,一万减十八立方,10000 - 18 ³,7
4169,四千加十三平方,4000 + 13 ²,7
4170,十乘四百十七,10 * 417,6
4171,四十三乘九十七,43 * 97,7
4172,七乘五百九十六,7 * 596,7
4173,四千一百七十三,4173,7
4174,二乘二千八十七,2 * 2087,7
4175,半分之八千三百五十,8350 / 2,7
4176,五十八乘八乘九,58 * 8 * 9,7
4177,四千一百七十七,4177,7
4178,二乘二千八十九,2 * 2089,7
4179,七乘五百九十七,7 * 597,7
4180,十乘四百十八,10 * 418,6
4181,七乘六百减十九,7 * 600 - 19,7
4182,七乘六百减十八,7 * 600 - 18,7
4183,七乘六百减十七,7 * 600 - 17,7
4184,七乘六百减十六,7 * 600 - 16,7
4185,半分之八千三百七十,8370 / 2,7
4186,七乘六百减十四,7 * 600 - 14,7
4187,七乘六百减十三,7 * 600 - 13,7
4188,七乘六百减十二,7 * 600 - 12,7
4189,七乘六百减十一,7 * 600 - 11,7
4190,七乘六百减十,7 * 600 - 10,6
4191,七乘六百减九,7 * 600 - 9,6
4192,七乘六百减八,7 * 600 - 8,6
4193,七乘六百减七,7 * 600 - 7,6
4194,七乘六百减六,7 * 600 - 6,6
4195,七乘六百减五,7 * 600 - 5,6
4196,七乘六百减四,7 * 600 - 4,6
4197,七乘六百减三,7 * 600 - 3,6
4198,七乘六百减二,7 * 600 - 2,6
4199,七乘六百减一,7 * 600 - 1,6
4200,七乘六百,7 * 600,4
4201,七乘六百加一,7 * 600 + 1,6
4202,七乘六百加二,7 * 600 + 2,6
4203,七乘六百加三,7 * 600 + 3,6
4204,七乘六百加四,7 * 600 + 4,6
4205,半分之八千四百十,8410 / 2,6
4206,六乘七百零一,6 * 701,6
4207,七乘六百零一,7 * 601,6
4208,七乘六百加八,7 * 600 + 8,6
4209,七乘六百加九,7 * 600 + 9,6
4210,四千二百十,4210,5
4211,四千二百十一,4211,6
4212,六乘七百零二,6 * 702,6
4213,四千二百十三,4213,6
4214,七乘六百零二,7 * 602,6
4215,四千二百十五,4215,6
4216,四千加六立方,4000 + 6 ³,6
4217,四千二百十七,4217,6
4218,六乘七百零三,6 * 703,6
4219,四千二百十九,4219,6
4220,四千二百二十,4220,6
4221,七乘六百零三,7 * 603,6
4222,六十五平方减三,65 ² - 3,7
4223,六十五平方减二,65 ² - 2,7
4224,六乘七百零四,6 * 704,6
4225,六十五平方,65 ²,5
4226,六十五平方加一,65 ² + 1,7
4227,六十五平方加二,65 ² + 2,7
4228,七乘六百零四,7 * 604,6
4229,六十五平方加四,65 ² + 4,7
4230,四十七乘九十,47 * 90,6
4231,六十五平方加六,65 ² + 6,7
4232,半分之九十二平方,92 ² / 2,6
4233,五十一乘八十三,51 * 83,7
4234,五十八乘七十三,58 * 73,7
4235,七乘六百零五,7 * 605,6
4236,六乘七百零六,6 * 706,6
4237,四千二百三十七,4237,7
4238,四千二百三十八,4238,7
4239,九乘四百七十一,9 * 471,7
4240,五十三乘八十,53 * 80,6
4241,半分之八千五百减九,8500 / 2 - 9,7
4242,七乘六百零六,7 * 606,6
4243,半分之八千五百减七,8500 / 2 - 7,7
4244,半分之八千五百减六,8500 / 2 - 6,7
4245,半分之八千四百九十,8490 / 2,7
4246,半分之八千五百减四,8500 / 2 - 4,7
4247,半分之八千五百减三,8500 / 2 - 3,7
4248,六乘七百零八,6 * 708,6
4249,七乘六百零七,7 * 607,6
4250,半分之八千五百,8500 / 2,5
4251,半分之八千五百零二,8502 / 2,7
4252,半分之八千五百零四,8504 / 2,7
4253,半分之八千五百零六,8506 / 2,7
4254,六乘七百零九,6 * 709,6
4255,半分之八千五百十,8510 / 2,6
4256,七乘六百零八,7 * 608,6
4257,半分之八千五百十四,8514 / 2,7
4258,半分之八千五百十六,8516 / 2,7
4259,半分之八千五百十八,8518 / 2,7
4260,六乘七百十,6 * 710,5
4261,七乘六百十减九,7 * 610 - 9,7
4262,七乘六百十减八,7 * 610 - 8,7
4263,七乘六百零九,7 * 609,6
4264,七乘六百十减六,7 * 610 - 6,7
4265,半分之八千五百三十,8530 / 2,7
4266,六乘七百十一,6 * 711,6
4267,七乘六百十减三,7 * 610 - 3,7
4268,七乘六百十减二,7 * 610 - 2,7
4269,七乘六百十减一,7 * 610 - 1,7
4270,七乘六百十,7 * 610,5
4271,五千减九立方,5000 - 9 ³,6
4272,六乘七百十二,6 * 712,6
4273,七乘六百十加三,7 * 610 + 3,7
4274,七乘六百十加四,7 * 610 + 4,7
4275,半分之八千五百五十,8550 / 2,7
4276,四乘一千六十九,4 * 1069,7
4277,七乘六百十一,7 * 611,6
4278,六乘七百十三,6 * 713,6
4279,七乘六百十加九,7 * 610 + 9,7
4280,四乘一千七十,4 * 1070,6
4281,四千三百减十九,4300 - 19,7
4282,四千三百减十八,4300 - 18,7
4283,四千三百减十七,4300 - 17,7
4284,七乘六百十二,7 * 612,6
4285,半分之八千五百七十,8570 / 2,7
4286,三万零二除以七,30002 / 7,7
4287,三万零九除以七,30009 / 7,7
4288,三万十六除以七,30016 / 7,7
4289,四千三百减十一,4300 - 11,7
4290,四千三百减十,4300 - 10,6
4291,四千三百减九,4300 - 9,6
4292,四千三百减八,4300 - 8,6
4293,四千三百减七,4300 - 7,6
4294,四千三百减六,4300 - 6,6
4295,四千三百减五,4300 - 5,6
4296,四千三百减四,4300 - 4,6
4297,四千三百减三,4300 - 3,6
4298,四千三百减二,4300 - 2,6
4299,四千三百减一,4300 - 1,6
4300,四千三百,4300,4
4301,四千三百加一,4300 + 1,6
4302,六乘七百十七,6 * 717,6
4303,四千三百加三,4300 + 3,6
4304,四千三百加四,4300 + 4,6
4305,半分之八千六百十,8610 / 2,6
4306,四千三百加六,4300 + 6,6
4307,四千三百加七,4300 + 7,6
4308,六乘七百十八,6 * 718,6
4309,四千三百加九,4300 + 9,6
4310,四千三百十,4310,5
4311,四千三百十一,4311,6
4312,七乘六百十六,7 * 616,6
4313,四千三百十三,4313,6
4314,六乘七百十九,6 * 719,6
4315,四千三百十五,4315,6
4316,四千三百十六,4316,6
4317,四千三百十七,4317,6
4318,四千三百十八,4318,6
4319,七乘六百十七,7 * 617,6
4320,六乘九乘八十,6 * 9 * 80,6
4321,四千三百二十一,4321,7
4322,四千三百二十二,4322,7
4323,四千三百二十三,4323,7
4324,四十七乘九十二,47 * 92,7
4325,半分之八千六百五十,8650 / 2,7
4326,七乘六百十八,7 * 618,6
4327,四千三百二十七,4327,7
4328,八乘五百四十一,8 * 541,7
4329,九乘四百八十一,9 * 481,7
4330,四千三百三十,4330,6
4331,六十一乘七十一,61 * 71,7
4332,五十七乘七十六,57 * 76,7
4333,七乘六百十九,7 * 619,6
4334,四千三百三十四,4334,7
4335,半分之八千六百七十,8670 / 2,7
4336,八乘五百四十二,8 * 542,7
4337,四千三百三十七,4337,7
4338,九乘四百八十二,9 * 482,7
4339,四千三百三十九,4339,7
4340,六十二乘七十,62 * 70,6
4341,半分之八千七百减九,8700 / 2 - 9,7
4342,半分之八千七百减八,8700 / 2 - 8,7
4343,四千加七立方,4000 + 7 ³,6
4344,半分之八千七百减六,8700 / 2 - 6,7
4345,半分之八千六百九十,8690 / 2,7
4346,六十六平方减十,66 ² - 10,7
4347,六十六平方减九,66 ² - 9,7
4348,六十六平方减八,66 ² - 8,7
4349,六十六平方减七,66 ² - 7,7
4350,半分之八千七百,8700 / 2,5
4351,半分之八千七百零二,8702 / 2,7
4352,半分之八千七百零四,8704 / 2,7
4353,半分之八千七百零六,8706 / 2,7
4354,半分之八千七百零八,8708 / 2,7
4355,半分之八千七百十,8710 / 2,6
4356,六十六平方,66 ²,5
4357,半分之八千七百十四,8714 / 2,7
4358,半分之八千七百十六,8716 / 2,7
4359,半分之八千七百十八,8718 / 2,7
4360,四乘一千九十,4 * 1090,6
4361,七平方乘八十九,7 ² * 89,7
4362,六乘七百二十七,6 * 727,7
4363,六十六平方加七,66 ² + 7,7
4364,六乘九立方减十,6 * 9 ³ - 10,7
4365,半分之八千七百三十,8730 / 2,7
4366,六乘九立方减八,6 * 9 ³ - 8,7
4367,六乘九立方减七,6 * 9 ³ - 7,7
4368,六乘九立方减六,6 * 9 ³ - 6,7
4369,六乘九立方减五,6 * 9 ³ - 5,7
4370,四千三百七十,4370,6
4371,六乘九立方减三,6 * 9 ³ - 3,7
4372,六乘九立方减二,6 * 9 ³ - 2,7
4373,六乘九立方减一,6 * 9 ³ - 1,7
4374,六乘九立方,6 * 9 ³,5
4375,半分之半分之半分之半分之七万,70000 / 2 / 2 / 2 / 2,6
4376,八乘五百四十七,8 * 547,7
4377,六乘九立方加三,6 * 9 ³ + 3,7
4378,六乘九立方加四,6 * 9 ³ + 4,7
4379,六乘九立方加五,6 * 9 ³ + 5,7
4380,六十乘七十三,60 * 73,6
4381,四千四百减十九,4400 - 19,7
4382,四千四百减十八,4400 - 18,7
4383,四千四百减十七,4400 - 17,7
4384,四千四百减十六,4400 - 16,7
4385,半分之八千七百七十,8770 / 2,7
4386,四千四百减十四,4400 - 14,7
4387,四千四百减十三,4400 - 13,7
4388,四千四百减十二,4400 - 12,7
4389,四千四百减十一,4400 - 11,7
4390,四千四百减十,4400 - 10,6
4391,四千四百减九,4400 - 9,6
4392,四千四百减八,4400 - 8,6
4393,四千四百减七,4400 - 7,6
4394,四千四百减六,4400 - 6,6
4395,四千四百减五,4400 - 5,6
4396,四千四百减四,4400 - 4,6
4397,四千四百减三,4400 - 3,6
4398,四千四百减二,4400 - 2,6
4399,四千四百减一,4400 - 1,6
4400,四千四百,4400,4
4401,四千四百加一,4400 + 1,6
4402,四千四百加二,4400 + 2,6
4403,四千四百加三,4400 + 3,6
4404,四千四百加四,4400 + 4,6
4405,半分之八千八百十,8810 / 2,6
4406,四千四百加六,4400 + 6,6
4407,四千四百加七,4400 + 7,6
4408,四千四百加八,4400 + 8,6
4409,四千四百加九,4400 + 9,6
4410,四千四百十,4410,5
4411,四千四百十一,4411,6
4412,四千四百十二,4412,6
4413,四千四百十三,4413,6
4414,四千四百十四,4414,6
4415,四千四百十五,4415,6
4416,四千四百十六,4416,6
4417,四千四百十七,4417,6
4418,半分之九十四平方,94 ² / 2,6
4419,四千四百十九,4419,6
4420,半分之九千减八十,9000 / 2 - 80,6
4421,半分之九千减七十九,9000 / 2 - 79,7
4422,半分之九千减七十八,9000 / 2 - 78,7
4423,半分之九千减七十七,9000 / 2 - 77,7
4424,半分之九千减七十六,9000 / 2 - 76,7
4425,半分之八千八百五十,8850 / 2,7
4426,半分之九千减七十四,9000 / 2 - 74,7
4427,半分之九千减七十三,9000 / 2 - 73,7
4428,半分之九千减八乘九,9000 / 2 - 8 * 9,7
4429,半分之九千减七十一,9000 / 2 - 71,7
4430,半分之九千减七十,9000 / 2 - 70,6
4431,半分之九千减六十九,9000 / 2 - 69,7
4432,半分之九千减六十八,9000 / 2 - 68,7
4433,半分之九千减六十七,9000 / 2 - 67,7
4434,半分之九千减六十六,9000 / 2 - 66,7
4435,半分之八千八百七十,8870 / 2,7
4436,半分之九千减四立方,9000 / 2 - 4 ³,7
4437,半分之九千减七乘九,9000 / 2 - 7 * 9,7
4438,半分之九千减六十二,9000 / 2 - 62,7
4439,半分之九千减六十一,9000 / 2 - 61,7
4440,半分之九千减六十,9000 / 2 - 60,6
4441,半分之八千九百减九,8900 / 2 - 9,7
4442,半分之八千九百减八,8900 / 2 - 8,7
4443,半分之八千九百减七,8900 / 2 - 7,7
4444,半分之八千九百减六,8900 / 2 - 6,7
4445,半分之八千八百九十,8890 / 2,7
4446,四万十四除以九,40014 / 9,7
4447,半分之八千九百减三,8900 / 2 - 3,7
4448,半分之八千九百减二,8900 / 2 - 2,7
4449,半分之八千九百减一,8900 / 2 - 1,7
4450,半分之八千九百,8900 / 2,5
4451,半分之八千九百零二,8902 / 2,7
4452,半分之八千九百零四,8904 / 2,7
4453,半分之八千九百零六,8906 / 2,7
4454,半分之八千九百零八,8908 / 2,7
4455,半分之八千九百十,8910 / 2,6
4456,半分之八千九百十二,8912 / 2,7
4457,半分之八千九百十四,8914 / 2,7
4458,半分之八千九百十六,8916 / 2,7
4459,十三乘七立方,13 * 7 ³,6
4460,半分之九千减四十,9000 / 2 - 40,6
4461,半分之九千减三十九,9000 / 2 - 39,7
4462,半分之九千减三十八,9000 / 2 - 38,7
4463,半分之九千减三十七,9000 / 2 - 37,7
4464,半分之九千减六平方,9000 / 2 - 6 ²,7
4465,半分之八千九百三十,8930 / 2,7
4466,半分之九千减三十四,9000 / 2 - 34,7
4467,半分之九千减三十三,9000 / 2 - 33,7
4468,半分之九千减四乘八,9000 / 2 - 4 * 8,7
4469,半分之九千减三十一,9000 / 2 - 31,7
4470,半分之九千减三十,9000 / 2 - 30,6
4471,半分之九千减二十九,9000 / 2 - 29,7
4472,半分之九千减四乘七,9000 / 2 - 4 * 7,7
4473,半分之九千减三立方,9000 / 2 - 3 ³,7
4474,半分之九千减二十六,9000 / 2 - 26,7
4475,半分之八千九百五十,8950 / 2,7
4476,半分之九千减四乘六,9000 / 2 - 4 * 6,7
4477,半分之九千减二十三,9000 / 2 - 23,7
4478,半分之九千减二十二,9000 / 2 - 22,7
4479,六十七平方减十,67 ² - 10,7
4480,半分之九千减二十,9000 / 2 - 20,6
4481,半分之九千减十九,9000 / 2 - 19,6
4482,半分之九千减十八,9000 / 2 - 18,6
4483,半分之九千减十七,9000 / 2 - 17,6
4484,半分之九千减十六,9000 / 2 - 16,6
4485,半分之九千减十五,9000 / 2 - 15,6
4486,半分之九千减十四,9000 / 2 - 14,6
4487,半分之九千减十三,9000 / 2 - 13,6
4488,半分之九千减十二,9000 / 2 - 12,6
4489,六十七平方,67 ²,5
4490,半分之九千减十,9000 / 2 - 10,5
4491,半分之九千减九,9000 / 2 - 9,5
4492,半分之九千减八,9000 / 2 - 8,5
4493,半分之九千减七,9000 / 2 - 7,5
4494,半分之九千减六,9000 / 2 - 6,5
4495,半分之九千减五,9000 / 2 - 5,5
4496,半分之九千减四,9000 / 2 - 4,5
4497,半分之九千减三,9000 / 2 - 3,5
4498,半分之九千减二,9000 / 2 - 2,5
4499,半分之九千减一,9000 / 2 - 1,5
4500,半分之九千,9000 / 2,3
4501,半分之九千零二,9002 / 2,5
4502,半分之九千零四,9004 / 2,5
4503,半分之九千零六,9006 / 2,5
4504,半分之九千零八,9008 / 2,5
4505,半分之九千十,9010 / 2,4
4506,半分之九千十二,9012 / 2,5
4507,半分之九千十四,9014 / 2,5
4508,半分之九千十六,9016 / 2,5
4509,半分之九千十八,9018 / 2,5
4510,半分之九千二十,9020 / 2,5
4511,半分之九千二十二,9022 / 2,6
4512,半分之九千二十四,9024 / 2,6
4513,半分之九千二十六,9026 / 2,6
4514,半分之九千二十八,9028 / 2,6
4515,半分之九千三十,9030 / 2,5
4516,半分之九千三十二,9032 / 2,6
4517,半分之九千三十四,9034 / 2,6
4518,半分之九千三十六,9036 / 2,6
4519,半分之九千三十八,9038 / 2,6
4520,半分之九千四十,9040 / 2,5
4521,半分之九千四十二,9042 / 2,6
4522,半分之九千四十四,9044 / 2,6
4523,半分之九千四十六,9046 / 2,6
4524,半分之九千四十八,9048 / 2,6
4525,半分之九千五十,9050 / 2,5
4526,半分之九千五十二,9052 / 2,6
4527,半分之九千五十四,9054 / 2,6
4528,半分之九千五十六,9056 / 2,6
4529,半分之九千五十八,9058 / 2,6
4530,半分之九千六十,9060 / 2,5
4531,半分之九千六十二,9062 / 2,6
4532,半分之九千六十四,9064 / 2,6
4533,半分之九千六十六,9066 / 2,6
4534,半分之九千六十八,9068 / 2,6
4535,半分之九千七十,9070 / 2,5
4536,半分之九千七十二,9072 / 2,6
4537,半分之九千七十四,9074 / 2,6
4538,半分之九千七十六,9076 / 2,6
4539,半分之九千七十八,9078 / 2,6
4540,半分之九千八十,9080 / 2,5
4541,半分之九千八十二,9082 / 2,6
4542,半分之九千八十四,9084 / 2,6
4543,半分之九千八十六,9086 / 2,6
4544,半分之九千八十八,9088 / 2,6
4545,半分之九千九十,9090 / 2,5
4546,半分之九千九十二,9092 / 2,6
4547,半分之九千九十四,9094 / 2,6
4548,半分之九千九十六,9096 / 2,6
4549,半分之九千九十八,9098 / 2,6
4550,半分之九千一百,9100 / 2,5
4551,半分之九千一百零二,9102 / 2,7
4552,半分之九千一百零四,9104 / 2,7
4553,半分之九千一百零六,9106 / 2,7
4554,九乘五百零六,9 * 506,6
4555,半分之九千一百十,9110 / 2,6
4556,半分之九千一百十二,9112 / 2,7
4557,半分之九千一百十四,9114 / 2,7
4558,半分之九千一百十六,9116 / 2,7
4559,半分之九千一百十八,9118 / 2,7
4560,五十七乘八十,57 * 80,6
4561,半分之九千加六十一,9000 / 2 + 61,7
4562,半分之九千加六十二,9000 / 2 + 62,7
4563,九乘五百零七,9 * 507,6
4564,七乘六百五十二,7 * 652,7
4565,五乘九百十三,5 * 913,6
4566,六乘七百六十一,6 * 761,7
4567,半分之九千加六十七,9000 / 2 + 67,7
4568,八乘五百七十一,8 * 571,7
4569,半分之九千加六十九,9000 / 2 + 69,7
4570,五乘九百十四,5 * 914,6
4571,七乘六百五十三,7 * 653,7
4572,九乘五百零八,9 * 508,6
4573,半分之九千加七十三,9000 / 2 + 73,7
4574,半分之九千加七十四,9000 / 2 + 74,7
4575,五乘九百十五,5 * 915,6
4576,五十二乘八十八,52 * 88,7
4577,半分之九千加七十七,9000 / 2 + 77,7
4578,七乘六百五十四,7 * 654,7
4579,半分之九千加七十九,9000 / 2 + 79,7
4580,五乘九百十六,5 * 916,6
4581,九乘五百零九,9 * 509,6
4582,九乘五百十减八,9 * 510 - 8,7
4583,九乘五百十减七,9 * 510 - 7,7
4584,九乘五百十减六,9 * 510 - 6,7
4585,五乘九百十七,5 * 917,6
4586,九乘五百十减四,9 * 510 - 4,7
4587,九乘五百十减三,9 * 510 - 3,7
4588,九乘五百十减二,9 * 510 - 2,7
4589,九乘五百十减一,9 * 510 - 1,7
4590,九乘五百十,9 * 510,5
4591,四千六百减九,4600 - 9,6
4592,四千六百减八,4600 - 8,6
4593,四千六百减七,4600 - 7,6
4594,四千六百减六,4600 - 6,6
4595,四千六百减五,4600 - 5,6
4596,四千六百减四,4600 - 4,6
4597,四千六百减三,4600 - 3,6
4598,四千六百减二,4600 - 2,6
4599,四千六百减一,4600 - 1,6
4600,四千六百,4600,4
4601,四千六百加一,4600 + 1,6
4602,四千六百加二,4600 + 2,6
4603,四千六百加三,4600 + 3,6
4604,四千六百加四,4600 + 4,6
4605,半分之九千二百十,9210 / 2,6
4606,四千六百加六,4600 + 6,6
4607,四千六百加七,4600 + 7,6
4608,九乘八立方,9 * 8 ³,5
4609,四千六百加九,4600 + 9,6
4610,四千六百十,4610,5
4611,四千六百十一,4611,6
4612,四千六百十二,4612,6
4613,四千六百十三,4613,6
4614,四千六百十四,4614,6
4615,四千六百十五,4615,6
4616,四千六百十六,4616,6
4617,九乘五百十三,9 * 513,6
4618,四千六百十八,4618,6
4619,四千六百十九,4619,6
4620,六十六乘七十,66 * 70,6
4621,六十八平方减三,68 ² - 3,7
4622,六十八平方减二,68 ² - 2,7
4623,六十八平方减一,68 ² - 1,7
4624,六十八平方,68 ²,5
4625,半分之半分之半分之三万七千,37000 / 2 / 2 / 2,7
4626,九乘五百十四,9 * 514,6
4627,七乘六百六十一,7 * 661,7
4628,五十二乘八十九,52 * 89,7
4629,六十八平方加五,68 ² + 5,7
4630,四千六百三十,4630,6
4631,六十八平方加七,68 ² + 7,7
4632,八乘五百七十九,8 * 579,7
4633,六十八平方加九,68 ² + 9,7
4634,七乘六百六十二,7 * 662,7
4635,九乘五百十五,9 * 515,6
4636,六十一乘七十六,61 * 76,7
4637,四千六百三十七,4637,7
4638,六乘七百七十三,6 * 773,7
4639,五千减十九平方,5000 - 19 ²,7
4640,五十八乘八十,58 * 80,6
4641,半分之九千三百减九,9300 / 2 - 9,7
4642,半分之九千三百减八,9300 / 2 - 8,7
4643,半分之九千三百减七,9300 / 2 - 7,7
4644,九乘五百十六,9 * 516,6
4645,半分之九千二百九十,9290 / 2,7
4646,半分之九千三百减四,9300 / 2 - 4,7
4647,半分之九千三百减三,9300 / 2 - 3,7
4648,半分之九千三百减二,9300 / 2 - 2,7
4649,半分之九千三百减一,9300 / 2 - 1,7
4650,半分之九千三百,9300 / 2,5
4651,半分之九千三百零二,9302 / 2,7
4652,半分之九千三百零四,9304 / 2,7
4653,九乘五百十七,9 * 517,6
4654,半分之九千三百零八,9308 / 2,7
4655,半分之九千三百十,9310 / 2,6
4656,半分之九千三百十二,9312 / 2,7
4657,五千减七立方,5000 - 7 ³,6
4658,半分之九千三百十六,9316 / 2,7
4659,半分之九千三百十八,9318 / 2,7
4660,四千六百六十,4660,6
4661,五十九乘七十九,59 * 79,7
4662,九乘五百十八,9 * 518,6
4663,四千六百六十三,4663,7
4664,五十三乘八十八,53 * 88,7
4665,半分之九千三百三十,9330 / 2,7
4666,四千六百六十六,4666,7
4667,五千十减七立方,5010 - 7 ³,7
4668,六乘七百七十八,6 * 778,7
4669,六千减十一立方,6000 - 11 ³,7
4670,四千六百七十,4670,6
4671,九乘五百十九,9 * 519,6
4672,四立方乘七十三,4 ³ * 73,7
4673,四千六百七十三,4673,7
4674,五十七乘八十二,57 * 82,7
4675,半分之九千三百五十,9350 / 2,7
4676,五千减十八平方,5000 - 18 ²,7
4677,四千六百七十七,4677,7
4678,四千六百七十八,4678,7
4679,四千六百七十九,4679,7
4680,五十二乘九十,52 * 90,6
4681,四千七百减十九,4700 - 19,7
4682,四千七百减十八,4700 - 18,7
4683,四千七百减十七,4700 - 17,7
4684,四千七百减十六,4700 - 16,7
4685,半分之九千三百七十,9370 / 2,7
4686,四千七百减十四,4700 - 14,7
4687,四千七百减十三,4700 - 13,7
4688,四千七百减十二,4700 - 12,7
4689,四千七百减十一,4700 - 11,7
4690,四千七百减十,4700 - 10,6
4691,四千七百减九,4700 - 9,6
4692,四千七百减八,4700 - 8,6
4693,四千七百减七,4700 - 7,6
4694,四千七百减六,4700 - 6,6
4695,四千七百减五,4700 - 5,6
4696,四千七百减四,4700 - 4,6
4697,四千七百减三,4700 - 3,6
4698,四千七百减二,4700 - 2,6
4699,四千七百减一,4700 - 1,6
4700,四千七百,4700,4
4701,四千七百加一,4700 + 1,6
4702,四千七百加二,4700 + 2,6
4703,四千七百加三,4700 + 3,6
4704,四千七百加四,4700 + 4,6
4705,半分之九千四百十,9410 / 2,6
4706,四千七百加六,4700 + 6,6
4707,四千七百加七,4700 + 7,6
4708,四千七百加八,4700 + 8,6
4709,四千七百加九,4700 + 9,6
4710,四千七百十,4710,5
4711,四千七百十一,4711,6
4712,四千七百十二,4712,6
4713,四千七百十三,4713,6
4714,四千七百十四,4714,6
4715,四千七百十五,4715,6
4716,四千七百十六,4716,6
4717,四千七百十七,4717,6
4718,四千七百十八,4718,6
4719,四千七百十九,4719,6
4720,五十九乘八十,59 * 80,6
4721,四千七百二十一,4721,7
4722,六乘七百八十七,6 * 787,7
4723,四千七百二十三,4723,7
4724,四千七百二十四,4724,7
4725,半分之九千四百五十,9450 / 2,7
4726,四千七百二十六,4726,7
4727,四千七百二十七,4727,7
4728,八乘五百九十一,8 * 591,7
4729,四千加九立方,4000 + 9 ³,6
4730,四千七百三十,4730,6
4731,五十七乘八十三,57 * 83,7
4732,五十二乘九十一,52 * 91,7
4733,四千七百三十三,4733,7
4734,九乘五百二十六,9 * 526,7
4735,半分之九千四百七十,9470 / 2,7
4736,四立方乘七十四,4 ³ * 74,7
4737,四千七百三十七,4737,7
4738,四千七百三十八,4738,7
4739,七乘六百七十七,7 * 677,7
4740,六十乘七十九,60 * 79,6
4741,半分之九千五百减九,9500 / 2 - 9,7
4742,半分之九千五百减八,9500 / 2 - 8,7
4743,半分之九千五百减七,9500 / 2 - 7,7
4744,半分之九千五百减六,9500 / 2 - 6,7
4745,半分之九千四百九十,9490 / 2,7
4746,半分之九千五百减四,9500 / 2 - 4,7
4747,半分之九千五百减三,9500 / 2 - 3,7
4748,半分之九千五百减二,9500 / 2 - 2,7
4749,半分之九千五百减一,9500 / 2 - 1,7
4750,半分之九千五百,9500 / 2,5
4751,半分之九千五百零二,9502 / 2,7
4752,半分之九千五百零四,9504 / 2,7
4753,半分之九千五百零六,9506 / 2,7
4754,半分之九千五百零八,9508 / 2,7
4755,半分之九千五百十,9510 / 2,6
4756,半分之九千五百十二,9512 / 2,7
4757,半分之九千五百十四,9514 / 2,7
4758,半分之九千五百十六,9516 / 2,7
4759,半分之九千五百十八,9518 / 2,7
4760,六十八乘七十,68 * 70,6
4761,六十九平方,69 ²,5
4762,六十九平方加一,69 ² + 1,7
4763,六十九平方加二,69 ² + 2,7
4764,六乘七百九十四,6 * 794,7
4765,半分之九千五百三十,9530 / 2,7
4766,六十九平方加五,69 ² + 5,7
4767,七乘六百八十一,7 * 681,7
4768,八乘五百九十六,8 * 596,7
4769,六十九平方加八,69 ² + 8,7
4770,五十三乘九十,53 * 90,6
4771,六十九平方加十,69 ² + 10,7
4772,四千七百七十二,4772,7
4773,四千七百七十三,4773,7
4774,六十二乘七十七,62 * 77,7
4775,半分之九千五百五十,9550 / 2,7
4776,八乘五百九十七,8 * 597,7
4777,四千七百七十七,4777,7
4778,四千七百七十八,4778,7
4779,五十九乘九平方,59 * 9 ²,7
4780,四千七百八十,4780,6
4781,八乘六百减十九,8 * 600 - 19,7
4782,八乘六百减十八,8 * 600 - 18,7
4783,八乘六百减十七,8 * 600 - 17,7
4784,五千减六立方,5000 - 6 ³,6
4785,半分之九千五百七十,9570 / 2,7
4786,八乘六百减十四,8 * 600 - 14,7
4787,八乘六百减十三,8 * 600 - 13,7
4788,八乘六百减十二,8 * 600 - 12,7
4789,八乘六百减十一,8 * 600 - 11,7
4790,八乘六百减十,8 * 600 - 10,6
4791,八乘六百减九,8 * 600 - 9,6
4792,八乘六百减八,8 * 600 - 8,6
4793,八乘六百减七,8 * 600 - 7,6
4794,八乘六百减六,8 * 600 - 6,6
4795,八乘六百减五,8 * 600 - 5,6
4796,八乘六百减四,8 * 600 - 4,6
4797,八乘六百减三,8 * 600 - 3,6
4798,八乘六百减二,8 * 600 - 2,6
4799,八乘六百减一,8 * 600 - 1,6
4800,八乘六百,8 * 600,4
4801,八乘六百加一,8 * 600 + 1,6
4802,半分之九十八平方,98 ² / 2,6
4803,八乘六百加三,8 * 600 + 3,6
4804,八乘六百加四,8 * 600 + 4,6
4805,半分之九千六百十,9610 / 2,6
4806,六乘八百零一,6 * 801,6
4807,八乘六百加七,8 * 600 + 7,6
4808,八乘六百零一,8 * 601,6
4809,八乘六百加九,8 * 600 + 9,6
4810,四千八百十,4810,5
4811,四千八百十一,4811,6
4812,六乘八百零二,6 * 802,6
4813,四千八百十三,4813,6
4814,四千八百十四,4814,6
4815,四千八百十五,4815,6
4816,八乘六百零二,8 * 602,6
4817,四千八百十七,4817,6
4818,六乘八百零三,6 * 803,6
4819,四千八百十九,4819,6
4820,四千八百二十,4820,6
4821,四千八百二十一,4821,7
4822,四千八百二十二,4822,7
4823,十七立方减九十,17 ³ - 90,7
4824,八乘六百零三,8 * 603,6
4825,半分之九千六百五十,9650 / 2,7
4826,四千八百二十六,4826,7
4827,四千八百二十七,4827,7
4828,六十八乘七十一,68 * 71,7
4829,五千减九乘十九,5000 - 9 * 19,7
4830,六十九乘七十,69 * 70,6
4831,五千减十三平方,5000 - 13 ²,7
4832,八乘六百零四,8 * 604,6
4833,十七立方减八十,17 ³ - 80,7
4834,四千八百三十四,4834,7
4835,半分之九千六百七十,9670 / 2,7
4836,六乘八百零六,6 * 806,6
4837,七乘六百九十一,7 * 691,7
4838,五千减九乘十八,5000 - 9 * 18,7
4839,四千八百三十九,4839,7
4840,八乘六百零五,8 * 605,6
4841,半分之九千七百减九,9700 / 2 - 9,7
4842,六乘八百零七,6 * 807,6
4843,半分之九千七百减七,9700 / 2 - 7,7
4844,半分之九千七百减六,9700 / 2 - 6,7
4845,半分之九千六百九十,9690 / 2,7
4846,半分之九千七百减四,9700 / 2 - 4,7
4847,半分之九千七百减三,9700 / 2 - 3,7
4848,八乘六百零六,8 * 606,6
4849,半分之九千七百减一,9700 / 2 - 1,7
4850,半分之九千七百,9700 / 2,5
4851,半分之九千七百零二,9702 / 2,7
4852,半分之九千七百零四,9704 / 2,7
4853,半分之九千七百零六,9706 / 2,7
4854,六乘八百零九,6 * 809,6
4855,半分之九千七百十,9710 / 2,6
4856,八乘六百零七,8 * 607,6
4857,半分之九千七百十四,9714 / 2,7
4858,半分之九千七百十六,9716 / 2,7
4859,半分之九千七百十八,9718 / 2,7
4860,六乘八百十,6 * 810,5
4861,六乘八百十加一,6 * 810 + 1,7
4862,六乘八百十加二,6 * 810 + 2,7
4863,十七立方减五十,17 ³ - 50,7
4864,八乘六百零八,8 * 608,6
4865,半分之九千七百三十,9730 / 2,7
4866,六乘八百十一,6 * 811,6
4867,五千减七乘十九,5000 - 7 * 19,7
4868,六乘八百十加八,6 * 810 + 8,7
4869,九乘五百四十一,9 * 541,7
4870,四千八百七十,4870,6
4871,八乘六百十减九,8 * 610 - 9,7
4872,八乘六百零九,8 * 609,6
4873,八乘六百十减七,8 * 610 - 7,7
4874,八乘六百十减六,8 * 610 - 6,7
4875,五千减五立方,5000 - 5 ³,6
4876,八乘六百十减四,8 * 610 - 4,7
4877,八乘六百十减三,8 * 610 - 3,7
4878,六乘八百十三,6 * 813,6
4879,八乘六百十减一,8 * 610 - 1,7
4880,八乘六百十,8 * 610,5
4881,七十平方减十九,70 ² - 19,7
4882,七十平方减十八,70 ² - 18,7
4883,十七立方减三十,17 ³ - 30,7
4884,六乘八百十四,6 * 814,6
4885,半分之九千七百七十,9770 / 2,7
4886,七十平方减十四,70 ² - 14,7
4887,七十平方减十三,70 ² - 13,7
4888,八乘六百十一,8 * 611,6
4889,七十平方减十一,70 ² - 11,7
4890,七十平方减十,70 ² - 10,6
4891,七十平方减九,70 ² - 9,6
4892,七十平方减八,70 ² - 8,6
4893,七十平方减七,70 ² - 7,6
4894,七十平方减六,70 ² - 6,6
4895,七十平方减五,70 ² - 5,6
4896,七十平方减四,70 ² - 4,6
4897,七十平方减三,70 ² - 3,6
4898,七十平方减二,70 ² - 2,6
4899,七十平方减一,70 ² - 1,6
4900,七十平方,70 ²,4
4901,五千减九十九,5000 - 99,6
4902,五千减九十八,5000 - 98,6
4903,十七立方减十,17 ³ - 10,6
4904,十七立方减九,17 ³ - 9,6
4905,半分之九千八百十,9810 / 2,6
4906,十七立方减七,17 ³ - 7,6
4907,十七立方减六,17 ³ - 6,6
4908,十七立方减五,17 ³ - 5,6
4909,十七立方减四,17 ³ - 4,6
4910,五千减九十,5000 - 90,5
4911,十七立方减二,17 ³ - 2,6
4912,十七立方减一,17 ³ - 1,6
4913,十七立方,17 ³,4
4914,五千减八十六,5000 - 86,6
4915,五千减八十五,5000 - 85,6
4916,五千减八十四,5000 - 84,6
4917,五千减八十三,5000 - 83,6
4918,五千减八十二,5000 - 82,6
4919,五千减九平方,5000 - 9 ²,6
4920,五千减八十,5000 - 80,5
4921,五千减七十九,5000 - 79,6
4922,五千减七十八,5000 - 78,6
4923,五千减七十七,5000 - 77,6
4924,五千减七十六,5000 - 76,6
4925,五千减七十五,5000 - 75,6
4926,五千减七十四,5000 - 74,6
4927,五千减七十三,5000 - 73,6
4928,五千减八乘九,5000 - 8 * 9,6
4929,五千减七十一,5000 - 71,6
4930,五千减七十,5000 - 70,5
4931,五千减六十九,5000 - 69,6
4932,五千减六十八,5000 - 68,6
4933,五千减六十七,5000 - 67,6
4934,五千减六十六,5000 - 66,6
4935,五千减六十五,5000 - 65,6
4936,五千减四立方,5000 - 4 ³,6
4937,五千减七乘九,5000 - 7 * 9,6
4938,五千减六十二,5000 - 62,6
4939,五千减六十一,5000 - 61,6
4940,五千减六十,5000 - 60,5
4941,五千减五十九,5000 - 59,6
4942,五千减五十八,5000 - 58,6
4943,五千减五十七,5000 - 57,6
4944,五千减七乘八,5000 - 7 * 8,6
4945,五千减五十五,5000 - 55,6
4946,五千减六乘九,5000 - 6 * 9,6
4947,五千减五十三,5000 - 53,6
4948,五千减五十二,5000 - 52,6
4949,五千减五十一,5000 - 51,6
4950,半分之九千九百,9900 / 2,5
4951,五千减七平方,5000 - 7 ²,6
4952,五千减六乘八,5000 - 6 * 8,6
4953,五千减四十七,5000 - 47,6
4954,五千减四十六,5000 - 46,6
4955,半分之九千九百十,9910 / 2,6
4956,五千减四十四,5000 - 44,6
4957,五千减四十三,5000 - 43,6
4958,五千减六乘七,5000 - 6 * 7,6
4959,五千减四十一,5000 - 41,6
4960,五千减四十,5000 - 40,5
4961,五千减三十九,5000 - 39,6
4962,五千减三十八,5000 - 38,6
4963,五千减三十七,5000 - 37,6
4964,五千减六平方,5000 - 6 ²,6
4965,五千减半分之七十,5000 - 70 / 2,6
4966,五千减三十四,5000 - 34,6
4967,五千减三十三,5000 - 33,6
4968,五千减四乘八,5000 - 4 * 8,6
4969,五千减三十一,5000 - 31,6
4970,五千减三十,5000 - 30,5
4971,五千减二十九,5000 - 29,6
4972,五千减四乘七,5000 - 4 * 7,6
4973,五千减三立方,5000 - 3 ³,6
4974,五千减二十六,5000 - 26,6
4975,五千减五平方,5000 - 5 ²,6
4976,五千减四乘六,5000 - 4 * 6,6
4977,五千减二十三,5000 - 23,6
4978,五千减二十二,5000 - 22,6
4979,五千减三乘七,5000 - 3 * 7,6
4980,五千减二十,5000 - 20,5
4981,五千减十九,5000 - 19,5
4982,五千减十八,5000 - 18,5
4983,五千减十七,5000 - 17,5
4984,五千减十六,5000 - 16,5
4985,五千减十五,5000 - 15,5
4986,五千减十四,5000 - 14,5
4987,五千减十三,5000 - 13,5
4988,五千减十二,5000 - 12,5
4989,五千减十一,5000 - 11,5
4990,五千减十,5000 - 10,4
4991,五千减九,5000 - 9,4
4992,五千减八,5000 - 8,4
4993,五千减七,5000 - 7,4
4994,五千减六,5000 - 6,4
4995,五千减五,5000 - 5,4
4996,五千减四,5000 - 4,4
4997,五千减三,5000 - 3,4
4998,五千减二,5000 - 2,4
4999,五千减一,5000 - 1,4
5000,五千,5000,2
5001,五千加一,5000 + 1,4
5002,五千加二,5000 + 2,4
5003,五千加三,5000 + 3,4
5004,五千加四,5000 + 4,4
5005,半分之一万十,10010 / 2,4
5006,五千加六,5000 + 6,4
5007,五千加七,5000 + 7,4
5008,五千加八,5000 + 8,4
5009,五千加九,5000 + 9,4
5010,五千十,5010,3
5011,五千十一,5011,4
5012,五千十二,5012,4
5013,五千十三,5013,4
5014,五千十四,5014,4
5015,五千十五,5015,4
5016,五千十六,5016,4
5017,五千十七,5017,4
5018,五千十八,5018,4
5019,五千十九,5019,4
5020,五千二十,5020,4
5021,五千二十一,5021,5
5022,五千二十二,5022,5
5023,五千二十三,5023,5
5024,五千二十四,5024,5
5025,半分之一万五十,10050 / 2,5
5026,五千二十六,5026,5
5027,五千二十七,5027,5
5028,五千二十八,5028,5
5029,五千二十九,5029,5
5030,五千三十,5030,4
5031,五千三十一,5031,5
5032,五千三十二,5032,5
5033,五千三十三,5033,5
5034,五千三十四,5034,5
5035,半分之一万七十,10070 / 2,5
5036,五千三十六,5036,5
5037,五千三十七,5037,5
5038,五千三十八,5038,5
5039,五千三十九,5039,5
5040,五千四十,5040,4
5041,七十一平方,71 ²,5
5042,五千四十二,5042,5
5043,五千四十三,5043,5
5044,五千四十四,5044,5
5045,半分之一万九十,10090 / 2,5
5046,五千四十六,5046,5
5047,五千四十七,5047,5
5048,五千四十八,5048,5
5049,五千四十九,5049,5
5050,五千五十,5050,4
5051,五千五十一,5051,5
5052,五千五十二,5052,5
5053,五千五十三,5053,5
5054,五千五十四,5054,5
5055,五千五十五,5055,5
5056,五千五十六,5056,5
5057,五千五十七,5057,5
5058,五千五十八,5058,5
5059,五千五十九,5059,5
5060,五千六十,5060,4
5061,五千六十一,5061,5
5062,五千六十二,5062,5
5063,五千六十三,5063,5
5064,五千六十四,5064,5
5065,五千六十五,5065,5
5066,五千六十六,5066,5
5067,五千六十七,5067,5
5068,五千六十八,5068,5
5069,五千六十九,5069,5
5070,五千七十,5070,4
5071,五千七十一,5071,5
5072,五千七十二,5072,5
5073,五千七十三,5073,5
5074,五千七十四,5074,5
5075,五千七十五,5075,5
5076,五千七十六,5076,5
5077,五千七十七,5077,5
5078,五千七十八,5078,5
5079,五千七十九,5079,5
5080,五千八十,5080,4
5081,五千八十一,5081,5
5082,五千八十二,5082,5
5083,五千八十三,5083,5
5084,五千八十四,5084,5
5085,五千八十五,5085,5
5086,五千八十六,5086,5
5087,五千八十七,5087,5
5088,五千八十八,5088,5
5089,五千八十九,5089,5
5090,五千九十,5090,4
5091,五千九十一,5091,5
5092,五千九十二,5092,5
5093,五千九十三,5093,5
5094,五千九十四,5094,5
5095,五千九十五,5095,5
5096,五千九十六,5096,5
5097,五千九十七,5097,5
5098,五千九十八,5098,5
5099,五千九十九,5099,5
5100,五千一百,5100,4
5101,五千一百加一,5100 + 1,6
5102,五千一百加二,5100 + 2,6
5103,七乘九立方,7 * 9 ³,5
5104,五千一百加四,5100 + 4,6
5105,半分之一万二百十,10210 / 2,6
5106,五千一百加六,5100 + 6,6
5107,五千一百加七,5100 + 7,6
5108,五千一百加八,5100 + 8,6
5109,五千一百加九,5100 + 9,6
5110,五千一百十,5110,5
5111,五千一百十一,5111,6
5112,五千一百十二,5112,6
5113,五千一百十三,5113,6
5114,五千一百十四,5114,6
5115,五千一百十五,5115,6
5116,五千一百十六,5116,6
5117,五千一百十七,5117,6
5118,五千一百十八,5118,6
5119,五千一百十九,5119,6
5120,十乘八立方,10 * 8 ³,5
5121,九乘五百六十九,9 * 569,7
5122,十乘八立方加二,10 * 8 ³ + 2,7
5123,十乘八立方加三,10 * 8 ³ + 3,7
5124,六十一乘八十四,61 * 84,7
5125,半分之半分之二万五百,20500 / 2 / 2,6
5126,十乘八立方加六,10 * 8 ³ + 6,7
5127,十乘八立方加七,10 * 8 ³ + 7,7
5128,八乘六百四十一,8 * 641,7
5129,十乘八立方加九,10 * 8 ³ + 9,7
5130,五十七乘九十,57 * 90,6
5131,七乘七百三十三,7 * 733,7
5132,十八立方减七百,18 ³ - 700,7
5133,五十九乘八十七,59 * 87,7
5134,十七乘三百零二,17 * 302,7
5135,半分之一万二百七十,10270 / 2,7
5136,八乘六百四十二,8 * 642,7
5137,五千一百三十七,5137,7
5138,七乘七百三十四,7 * 734,7
5139,九乘五百七十一,9 * 571,7
5140,十乘五百十四,10 * 514,6
5141,半分之一万三百减九,10300 / 2 - 9,7
5142,半分之一万三百减八,10300 / 2 - 8,7
5143,半分之一万三百减七,10300 / 2 - 7,7
5144,半分之一万三百减六,10300 / 2 - 6,7
5145,十五乘七立方,15 * 7 ³,6
5146,半分之一万三百减四,10300 / 2 - 4,7
5147,半分之一万三百减三,10300 / 2 - 3,7
5148,半分之一万三百减二,10300 / 2 - 2,7
5149,半分之一万三百减一,10300 / 2 - 1,7
5150,半分之一万三百,10300 / 2,5
5151,半分之一万三百零二,10302 / 2,7
5152,半分之一万三百零四,10304 / 2,7
5153,半分之一万三百零六,10306 / 2,7
5154,半分之一万三百零八,10308 / 2,7
5155,半分之一万三百十,10310 / 2,6
5156,半分之一万三百十二,10312 / 2,7
5157,半分之一万三百十四,10314 / 2,7
5158,半分之一万三百十六,10316 / 2,7
5159,半分之一万三百十八,10318 / 2,7
5160,六十乘八十六,60 * 86,6
5161,五千一百六十一,5161,7
5162,五十八乘八十九,58 * 89,7
5163,五千一百六十三,5163,7
5164,五千一百六十四,5164,7
5165,半分之一万三百三十,10330 / 2,7
5166,七乘九乘八十二,7 * 9 * 82,7
5167,五千一百六十七,5167,7
5168,六十八乘七十六,68 * 76,7
5169,五千加十三平方,5000 + 13 ²,7
5170,十乘五百十七,10 * 517,6
5171,五千加九乘十九,5000 + 9 * 19,7
5172,六乘八百六十二,6 * 862,7
5173,七乘七百三十九,7 * 739,7
5174,七十二平方减十,72 ² - 10,7
5175,半分之半分之二万七百,20700 / 2 / 2,6
5176,七十二平方减八,72 ² - 8,7
5177,七十二平方减七,72 ² - 7,7
5178,七十二平方减六,72 ² - 6,7
5179,七十二平方减五,72 ² - 5,7
5180,七十乘七十四,70 * 74,6
5181,七十二平方减三,72 ² - 3,7
5182,七十二平方减二,72 ² - 2,7
5183,七十二平方减一,72 ² - 1,7
5184,七十二平方,72 ²,5
5185,半分之一万三百七十,10370 / 2,7
5186,五千二百减十四,5200 - 14,7
5187,五千二百减十三,5200 - 13,7
5188,五千二百减十二,5200 - 12,7
5189,五千二百减十一,5200 - 11,7
5190,五千二百减十,5200 - 10,6
5191,五千二百减九,5200 - 9,6
5192,五千二百减八,5200 - 8,6
5193,五千二百减七,5200 - 7,6
5194,五千二百减六,5200 - 6,6
5195,五千二百减五,5200 - 5,6
5196,五千二百减四,5200 - 4,6
5197,五千二百减三,5200 - 3,6
5198,五千二百减二,5200 - 2,6
5199,五千二百减一,5200 - 1,6
5200,五千二百,5200,4
5201,五千二百加一,5200 + 1,6
5202,五千二百加二,5200 + 2,6
5203,五千二百加三,5200 + 3,6
5204,五千二百加四,5200 + 4,6
5205,半分之一万四百十,10410 / 2,6
5206,五千二百加六,5200 + 6,6
5207,五千二百加七,5200 + 7,6
5208,五千二百加八,5200 + 8,6
5209,五千二百加九,5200 + 9,6
5210,五千二百十,5210,5
5211,五千二百十一,5211,6
5212,五千二百十二,5212,6
5213,五千二百十三,5213,6
5214,五千二百十四,5214,6
5215,五千二百十五,5215,6
5216,五千加六立方,5000 + 6 ³,6
5217,五千二百十七,5217,6
5218,五千二百十八,5218,6
5219,五千二百十九,5219,6
5220,五十八乘九十,58 * 90,6
5221,五千二百二十一,5221,7
5222,七乘七百四十六,7 * 746,7
5223,五千二百二十三,5223,7
5224,八乘六百五十三,8 * 653,7
5225,半分之半分之二万九百,20900 / 2 / 2,6
5226,六十七乘七十八,67 * 78,7
5227,五千二百二十七,5227,7
5228,五千二百二十八,5228,7
5229,七乘九乘八十三,7 * 9 * 83,7
5230,五千二百三十,5230,6
5231,五千二百三十一,5231,7
5232,十八立方减六百,18 ³ - 600,7
5233,五千二百三十三,5233,7
5234,五千二百三十四,5234,7
5235,半分之一万四百七十,10470 / 2,7
5236,六十八乘七十七,68 * 77,7
5237,五千二百三十七,5237,7
5238,六乘九乘九十七,6 * 9 * 97,7
5239,十三乘四百零三,13 * 403,7
5240,五千二百四十,5240,6
5241,半分之一万五百减九,10500 / 2 - 9,7
5242,半分之一万五百减八,10500 / 2 - 8,7
5243,半分之一万五百减七,10500 / 2 - 7,7
5244,半分之一万五百减六,10500 / 2 - 6,7
5245,半分之一万四百九十,10490 / 2,7
5246,半分之一万五百减四,10500 / 2 - 4,7
5247,半分之一万五百减三,10500 / 2 - 3,7
5248,半分之一万五百减二,10500 / 2 - 2,7
5249,半分之一万五百减一,10500 / 2 - 1,7
5250,半分之一万五百,10500 / 2,5
5251,半分之一万五百零二,10502 / 2,7
5252,半分之一万五百零四,10504 / 2,7
5253,半分之一万五百零六,10506 / 2,7
5254,半分之一万五百零八,10508 / 2,7
5255,半分之一万五百十,10510 / 2,6
5256,半分之一万五百十二,10512 / 2,7
5257,半分之一万五百十四,10514 / 2,7
5258,半分之一万五百十六,10516 / 2,7
5259,半分之一万五百十八,10518 / 2,7
5260,五千二百六十,5260,6
5261,五千二百六十一,5261,7
5262,六乘八百七十七,6 * 877,7
5263,五千二百六十三,5263,7
5264,七乘八乘九十四,7 * 8 * 94,7
5265,半分之一万五百三十,10530 / 2,7
5266,五千二百六十六,5266,7
5267,五千二百六十七,5267,7
5268,六乘八百七十八,6 * 878,7
5269,五千二百六十九,5269,7
5270,十七乘三百十,17 * 310,6
5271,六千减九立方,6000 - 9 ³,6
5272,七千减十二立方,7000 - 12 ³,7
5273,五千二百七十三,5273,7
5274,九乘五百八十六,9 * 586,7
5275,半分之一万五百五十,10550 / 2,7
5276,五千二百七十六,5276,7
5277,五千二百七十七,5277,7
5278,五十八乘九十一,58 * 91,7
5279,五千二百七十九,5279,7
5280,六十六乘八十,66 * 80,6
5281,五千三百减十九,5300 - 19,7
5282,五千三百减十八,5300 - 18,7
5283,五千三百减十七,5300 - 17,7
5284,五千三百减十六,5300 - 16,7
5285,半分之一万五百七十,10570 / 2,7
5286,五千三百减十四,5300 - 14,7
5287,五千三百减十三,5300 - 13,7
5288,五千三百减十二,5300 - 12,7
5289,五千三百减十一,5300 - 11,7
5290,五千三百减十,5300 - 10,6
5291,五千三百减九,5300 - 9,6
5292,五千三百减八,5300 - 8,6
5293,五千三百减七,5300 - 7,6
5294,五千三百减六,5300 - 6,6
5295,五千三百减五,5300 - 5,6
5296,五千三百减四,5300 - 4,6
5297,五千三百减三,5300 - 3,6
5298,五千三百减二,5300 - 2,6
5299,五千三百减一,5300 - 1,6
5300,五千三百,5300,4
5301,五千三百加一,5300 + 1,6
5302,五千三百加二,5300 + 2,6
5303,五千三百加三,5300 + 3,6
5304,五千三百加四,5300 + 4,6
5305,半分之一万六百十,10610 / 2,6
5306,五千三百加六,5300 + 6,6
5307,五千三百加七,5300 + 7,6
5308,五千三百加八,5300 + 8,6
5309,五千三百加九,5300 + 9,6
5310,五千三百十,5310,5
5311,五千三百十一,5311,6
5312,五千三百十二,5312,6
5313,五千三百十三,5313,6
5314,五千三百十四,5314,6
5315,五千三百十五,5315,6
5316,五千三百十六,5316,6
5317,五千三百十七,5317,6
5318,五千三百十八,5318,6
5319,五千三百十九,5319,6
5320,七十乘七十六,70 * 76,6
5321,七十三平方减八,73 ² - 8,7
5322,七十三平方减七,73 ² - 7,7
5323,七十三平方减六,73 ² - 6,7
5324,半分之二十二立方,22 ³ / 2,6
5325,半分之一万六百五十,10650 / 2,7
5326,七十三平方减三,73 ² - 3,7
5327,七十三平方减二,73 ² - 2,7
5328,七十三平方减一,73 ² - 1,7
5329,七十三平方,73 ²,5
5330,十三乘四百十,13 * 410,6
5331,七十三平方加二,73 ² + 2,7
5332,十八立方减五百,18 ³ - 500,7
5333,七十三平方加四,73 ² + 4,7
5334,八万十除以十五,80010 / 15,7
5335,半分之一万六百七十,10670 / 2,7
5336,五十八乘九十二,58 * 92,7
5337,九乘五百九十三,9 * 593,7
5338,十七乘三百十四,17 * 314,7
5339,七十三平方加十,73 ² + 10,7
5340,六十乘八十九,60 * 89,6
5341,半分之一万七百减九,10700 / 2 - 9,7
5342,半分之一万七百减八,10700 / 2 - 8,7
5343,五千加七立方,5000 + 7 ³,6
5344,半分之一万七百减六,10700 / 2 - 6,7
5345,半分之一万六百九十,10690 / 2,7
5346,半分之一万七百减四,10700 / 2 - 4,7
5347,半分之一万七百减三,10700 / 2 - 3,7
5348,半分之一万七百减二,10700 / 2 - 2,7
5349,半分之一万七百减一,10700 / 2 - 1,7
5350,半分之一万七百,10700 / 2,5
5351,半分之一万七百零二,10702 / 2,7
5352,半分之一万七百零四,10704 / 2,7
5353,半分之一万七百零六,10706 / 2,7
5354,半分之一万七百零八,10708 / 2,7
5355,半分之一万七百十,10710 / 2,6
5356,半分之一万七百十二,10712 / 2,7
5357,半分之一万七百十四,10714 / 2,7
5358,半分之一万七百十六,10716 / 2,7
5359,半分之一万七百十八,10718 / 2,7
5360,六十七乘八十,67 * 80,6
5361,五千加十九平方,5000 + 19 ²,7
5362,七乘七百六十六,7 * 766,7
5363,五千三百六十三,5363,7
5364,九乘五百九十六,9 * 596,7
5365,半分之一万七百三十,10730 / 2,7
5366,五千三百六十六,5366,7
5367,五千三百六十七,5367,7
5368,六十一乘八十八,61 * 88,7
5369,五十九乘九十一,59 * 91,7
5370,五千三百七十,5370,6
5371,五千三百七十一,5371,7
5372,六十八乘七十九,68 * 79,7
5373,九乘五百九十七,9 * 597,7
5374,五千三百七十四,5374,7
5375,半分之半分之半分之四万三千,43000 / 2 / 2 / 2,7
5376,四立方乘八十四,4 ³ * 84,7
5377,五千三百七十七,5377,7
5378,五千三百七十八,5378,7
5379,五千三百七十九,5379,7
5380,五千三百八十,5380,6
5381,九乘六百减十九,9 * 600 - 19,7
5382,九乘六百减十八,9 * 600 - 18,7
5383,九乘六百减十七,9 * 600 - 17,7
5384,九乘六百减十六,9 * 600 - 16,7
5385,半分之一万七百七十,10770 / 2,7
5386,九乘六百减十四,9 * 600 - 14,7
5387,九乘六百减十三,9 * 600 - 13,7
5388,九乘六百减十二,9 * 600 - 12,7
5389,九乘六百减十一,9 * 600 - 11,7
5390,九乘六百减十,9 * 600 - 10,6
5391,九乘六百减九,9 * 600 - 9,6
5392,九乘六百减八,9 * 600 - 8,6
5393,九乘六百减七,9 * 600 - 7,6
5394,九乘六百减六,9 * 600 - 6,6
5395,九乘六百减五,9 * 600 - 5,6
5396,九乘六百减四,9 * 600 - 4,6
5397,九乘六百减三,9 * 600 - 3,6
5398,九乘六百减二,9 * 600 - 2,6
5399,九乘六百减一,9 * 600 - 1,6
5400,九乘六百,9 * 600,4
5401,九乘六百加一,9 * 600 + 1,6
5402,九乘六百加二,9 * 600 + 2,6
5403,九乘六百加三,9 * 600 + 3,6
5404,九乘六百加四,9 * 600 + 4,6
5405,半分之一万八百十,10810 / 2,6
5406,六乘九百零一,6 * 901,6
5407,九乘六百加七,9 * 600 + 7,6
5408,九乘六百加八,9 * 600 + 8,6
5409,九乘六百零一,9 * 601,6
5410,五千四百十,5410,5
5411,五千四百十一,5411,6
5412,六乘九百零二,6 * 902,6
5413,五千四百十三,5413,6
5414,五千四百十四,5414,6
5415,五千四百十五,5415,6
5416,五千四百十六,5416,6
5417,五千四百十七,5417,6
5418,九乘六百零二,9 * 602,6
5419,五千四百十九,5419,6
5420,五千四百二十,5420,6
5421,十三乘四百十七,13 * 417,7
5422,五千四百二十二,5422,7
5423,十七乘三百十九,17 * 319,7
5424,六乘九百零四,6 * 904,6
5425,半分之一万八百五十,10850 / 2,7
5426,五千四百二十六,5426,7
5427,九乘六百零三,9 * 603,6
5428,五十九乘九十二,59 * 92,7
5429,六十一乘八十九,61 * 89,7
5430,六乘九百零五,6 * 905,6
5431,五千四百三十一,5431,7
5432,十八立方减四百,18 ³ - 400,7
5433,五千四百三十三,5433,7
5434,十三乘四百十八,13 * 418,7
5435,半分之一万八百七十,10870 / 2,7
5436,九乘六百零四,9 * 604,6
5437,五千四百三十七,5437,7
5438,五千四百三十八,5438,7
5439,七乘七百七十七,7 * 777,7
5440,六十八乘八十,68 * 80,6
5441,半分之一万九百减九,10900 / 2 - 9,7
5442,六乘九百零七,6 * 907,6
5443,半分之一万九百减七,10900 / 2 - 7,7
5444,半分之一万九百减六,10900 / 2 - 6,7
5445,九乘六百零五,9 * 605,6
5446,半分之一万九百减四,10900 / 2 - 4,7
5447,半分之一万九百减三,10900 / 2 - 3,7
5448,六乘九百零八,6 * 908,6
5449,半分之一万九百减一,10900 / 2 - 1,7
5450,半分之一万九百,10900 / 2,5
5451,半分之一万九百零二,10902 / 2,7
5452,半分之一万九百零四,10904 / 2,7
5453,半分之一万九百零六,10906 / 2,7
5454,九乘六百零六,9 * 606,6
5455,半分之一万九百十,10910 / 2,6
5456,半分之一万九百十二,10912 / 2,7
5457,半分之一万九百十四,10914 / 2,7
5458,半分之一万九百十六,10916 / 2,7
5459,半分之一万九百十八,10918 / 2,7
5460,六乘九百十,6 * 910,5
5461,六乘九百十加一,6 * 910 + 1,7
5462,六乘九百十加二,6 * 910 + 2,7
5463,九乘六百零七,9 * 607,6
5464,八乘六百八十三,8 * 683,7
5465,半分之一万九百三十,10930 / 2,7
5466,六乘九百十一,6 * 911,6
5467,七十四平方减九,74 ² - 9,7
5468,七十四平方减八,74 ² - 8,7
5469,七十四平方减七,74 ² - 7,7
5470,五千四百七十,5470,6
5471,七十四平方减五,74 ² - 5,7
5472,九乘六百零八,9 * 608,6
5473,七十四平方减三,74 ² - 3,7
5474,七十四平方减二,74 ² - 2,7
5475,半分之一万九百五十,10950 / 2,7
5476,七十四平方,74 ²,5
5477,七十四平方加一,74 ² + 1,7
5478,六乘九百十三,6 * 913,6
5479,七十四平方加三,74 ² + 3,7
5480,五千四百八十,5480,6
5481,九乘六百零九,9 * 609,6
5482,九乘六百十减八,9 * 610 - 8,7
5483,九乘六百十减七,9 * 610 - 7,7
5484,六乘九百十四,6 * 914,6
5485,半分之一万九百七十,10970 / 2,7
5486,九乘六百十减四,9 * 610 - 4,7
5487,九乘六百十减三,9 * 610 - 3,7
5488,六千减八立方,6000 - 8 ³,6
5489,九乘六百十减一,9 * 610 - 1,7
5490,九乘六百十,9 * 610,5
5491,五千五百减九,5500 - 9,6
5492,五千五百减八,5500 - 8,6
5493,五千五百减七,5500 - 7,6
5494,五千五百减六,5500 - 6,6
5495,五千五百减五,5500 - 5,6
5496,五千五百减四,5500 - 4,6
5497,五千五百减三,5500 - 3,6
5498,五千五百减二,5500 - 2,6
5499,五千五百减一,5500 - 1,6
5500,五千五百,5500,4
5501,五千五百加一,5500 + 1,6
5502,六乘九百十七,6 * 917,6
5503,五千五百加三,5500 + 3,6
5504,五千五百加四,5500 + 4,6
5505,半分之一万一千十,11010 / 2,6
5506,五千五百加六,5500 + 6,6
5507,五千五百加七,5500 + 7,6
5508,九乘六百十二,9 * 612,6
5509,五千五百加九,5500 + 9,6
5510,五千五百十,5510,5
5511,五千五百十一,5511,6
5512,五千加八立方,5000 + 8 ³,6
5513,五千五百十三,5513,6
5514,六乘九百十九,6 * 919,6
5515,五千五百十五,5515,6
5516,五千五百十六,5516,6
5517,九乘六百十三,9 * 613,6
5518,五千五百十八,5518,6
5519,五千五百十九,5519,6
5520,六十九乘八十,69 * 80,6
5521,五千五百二十一,5521,7
5522,十一乘五百零二,11 * 502,7
5523,七乘七百八十九,7 * 789,7
5524,五千五百二十四,5524,7
5525,半分之一万一千五十,11050 / 2,7
5526,九乘六百十四,9 * 614,6
5527,五千五百二十七,5527,7
5528,八乘六百九十一,8 * 691,7
5529,五十七乘九十七,57 * 97,7
5530,七十乘七十九,70 * 79,6
5531,五千五百三十一,5531,7
5532,十八立方减三百,18 ³ - 300,7
5533,十一乘五百零三,11 * 503,7
5534,五千五百三十四,5534,7
5535,九乘六百十五,9 * 615,6
5536,八乘六百九十二,8 * 692,7
5537,七乘七百九十一,7 * 791,7
5538,七十一乘七十八,71 * 78,7
5539,五千五百三十九,5539,7
5540,五千五百四十,5540,6
5541,五千五百四十一,5541,7
5542,五千五百四十二,5542,7
5543,五千五百四十三,5543,7
5544,九乘六百十六,9 * 616,6
5545,半分之一万一千九十,11090 / 2,7
5546,五十九乘九十四,59 * 94,7
5547,三乘四十三平方,3 * 43 ²,7
5548,七十三乘七十六,73 * 76,7
5549,五千五百四十九,5549,7
5550,六千减半分之九百,6000 - 900 / 2,6
5551,六十一乘九十一,61 * 91,7
5552,八乘六百九十四,8 * 694,7
5553,九乘六百十七,9 * 617,6
5554,五千五百五十四,5554,7
5555,十一乘半分之一千十,11 * 1010 / 2,7
5556,五万零四除以九,50004 / 9,7
5557,五万十三除以九,50013 / 9,7
5558,七乘七百九十四,7 * 794,7
5559,五千五百五十九,5559,7
5560,五千五百六十,5560,6
5561,六十七乘八十三,67 * 83,7
5562,九乘六百十八,9 * 618,6
5563,五千五百六十三,5563,7
5564,五千五百六十四,5564,7
5565,七乘七百九十五,7 * 795,7
5566,十一乘五百零六,11 * 506,7
5567,五千五百六十七,5567,7
5568,四立方乘八十七,4 ³ * 87,7
5569,五千五百六十九,5569,7
5570,五千五百七十,5570,6
5571,九乘六百十九,9 * 619,6
5572,七乘七百九十六,7 * 796,7
5573,五千五百七十三,5573,7
5574,六乘九百二十九,6 * 929,7
5575,五千五百七十五,5575,7
5576,六十八乘八十二,68 * 82,7
5577,十一乘五百零七,11 * 507,7
5578,五千五百七十八,5578,7
5579,七乘七百九十七,7 * 797,7
5580,六十二乘九十,62 * 90,6
5581,八乘七百减十九,8 * 700 - 19,7
5582,八乘七百减十八,8 * 700 - 18,7
5583,八乘七百减十七,8 * 700 - 17,7
5584,八乘七百减十六,8 * 700 - 16,7
5585,八乘七百减十五,8 * 700 - 15,7
5586,八乘七百减十四,8 * 700 - 14,7
5587,八乘七百减十三,8 * 700 - 13,7
5588,八乘七百减十二,8 * 700 - 12,7
5589,八乘七百减十一,8 * 700 - 11,7
5590,八乘七百减十,8 * 700 - 10,6
5591,八乘七百减九,8 * 700 - 9,6
5592,八乘七百减八,8 * 700 - 8,6
5593,八乘七百减七,8 * 700 - 7,6
5594,八乘七百减六,8 * 700 - 6,6
5595,八乘七百减五,8 * 700 - 5,6
5596,八乘七百减四,8 * 700 - 4,6
5597,八乘七百减三,8 * 700 - 3,6
5598,八乘七百减二,8 * 700 - 2,6
5599,八乘七百减一,8 * 700 - 1,6
5600,八乘七百,8 * 700,4
5601,八乘七百加一,8 * 700 + 1,6
5602,八乘七百加二,8 * 700 + 2,6
5603,八乘七百加三,8 * 700 + 3,6
5604,八乘七百加四,8 * 700 + 4,6
5605,八乘七百加五,8 * 700 + 5,6
5606,八乘七百加六,8 * 700 + 6,6
5607,七乘八百零一,7 * 801,6
5608,八乘七百零一,8 * 701,6
5609,八乘七百加九,8 * 700 + 9,6
5610,五千六百十,5610,5
5611,五千六百十一,5611,6
5612,五千六百十二,5612,6
5613,五千六百十三,5613,6
5614,七乘八百零二,7 * 802,6
5615,五千六百十五,5615,6
5616,八乘七百零二,8 * 702,6
5617,五千六百十七,5617,6
5618,五千六百十八,5618,6
5619,五千六百十九,5619,6
5620,五千六百二十,5620,6
5621,七乘八百零三,7 * 803,6
5622,七十五平方减三,75 ² - 3,7
5623,七十五平方减二,75 ² - 2,7
5624,八乘七百零三,8 * 703,6
5625,七十五平方,75 ²,5
5626,五十八乘九十七,58 * 97,7
5627,七十五平方加二,75 ² + 2,7
5628,七乘八百零四,7 * 804,6
5629,七十五平方加四,75 ² + 4,7
5630,五千六百三十,5630,6
5631,七十五平方加六,75 ² + 6,7
5632,十一乘八立方,11 * 8 ³,6
5633,七十五平方加八,75 ² + 8,7
5634,十八乘三百十三,18 * 313,7
5635,七乘八百零五,7 * 805,6
5636,五千六百三十六,5636,7
5637,五千六百三十七,5637,7
5638,五千六百三十八,5638,7
5639,六千减十九平方,6000 - 19 ²,7
5640,六十乘九十四,60 * 94,6
5641,五千六百四十一,5641,7
5642,七乘八百零六,7 * 806,6
5643,五十七乘九十九,57 * 99,7
5644,六十八乘八十三,68 * 83,7
5645,六千减半分之七百十,6000 - 710 / 2,7
5646,六乘九百四十一,6 * 941,7
5647,五千六百四十七,5647,7
5648,八乘七百零六,8 * 706,6
5649,七乘八百零七,7 * 807,6
5650,六千减半分之七百,6000 - 700 / 2,6
5651,五千六百五十一,5651,7
5652,十八乘三百十四,18 * 314,7
5653,五千六百五十三,5653,7
5654,十一乘五百十四,11 * 514,7
5655,六十五乘八十七,65 * 87,7
5656,八乘七百零七,8 * 707,6
5657,六千减七立方,6000 - 7 ³,6
5658,六十九乘八十二,69 * 82,7
5659,五千六百五十九,5659,7
5660,五千六百六十,5660,6
5661,七乘八百十减九,7 * 810 - 9,7
5662,七乘八百十减八,7 * 810 - 8,7
5663,七乘八百零九,7 * 809,6
5664,八乘七百零八,8 * 708,6
5665,七乘八百十减五,7 * 810 - 5,7
5666,七乘八百十减四,7 * 810 - 4,7
5667,七乘八百十减三,7 * 810 - 3,7
5668,七乘八百十减二,7 * 810 - 2,7
5669,七乘八百十减一,7 * 810 - 1,7
5670,七乘八百十,7 * 810,5
5671,八乘七百十减九,8 * 710 - 9,7
5672,八乘七百零九,8 * 709,6
5673,八乘七百十减七,8 * 710 - 7,7
5674,八乘七百十减六,8 * 710 - 6,7
5675,八乘七百十减五,8 * 710 - 5,7
5676,八乘七百十减四,8 * 710 - 4,7
5677,七乘八百十一,7 * 811,6
5678,八乘七百十减二,8 * 710 - 2,7
5679,八乘七百十减一,8 * 710 - 1,7
5680,八乘七百十,8 * 710,5
5681,五千七百减十九,5700 - 19,7
5682,五千七百减十八,5700 - 18,7
5683,五千七百减十七,5700 - 17,7
5684,七乘八百十二,7 * 812,6
5685,五千七百减十五,5700 - 15,7
5686,五千七百减十四,5700 - 14,7
5687,五千七百减十三,5700 - 13,7
5688,八乘七百十一,8 * 711,6
5689,五千七百减十一,5700 - 11,7
5690,五千七百减十,5700 - 10,6
5691,五千七百减九,5700 - 9,6
5692,五千七百减八,5700 - 8,6
5693,五千七百减七,5700 - 7,6
5694,五千七百减六,5700 - 6,6
5695,五千七百减五,5700 - 5,6
5696,五千七百减四,5700 - 4,6
5697,五千七百减三,5700 - 3,6
5698,五千七百减二,5700 - 2,6
5699,五千七百减一,5700 - 1,6
5700,五千七百,5700,4
5701,五千七百加一,5700 + 1,6
5702,五千七百加二,5700 + 2,6
5703,五千七百加三,5700 + 3,6
5704,八乘七百十三,8 * 713,6
5705,七乘八百十五,7 * 815,6
5706,五千七百加六,5700 + 6,6
5707,五千七百加七,5700 + 7,6
5708,五千七百加八,5700 + 8,6
5709,五千七百加九,5700 + 9,6
5710,五千七百十,5710,5
5711,五千七百十一,5711,6
5712,八乘七百十四,8 * 714,6
5713,五千七百十三,5713,6
5714,五千七百十四,5714,6
5715,五千七百十五,5715,6
5716,五千七百十六,5716,6
5717,五千七百十七,5717,6
5718,五千七百十八,5718,6
5719,七乘八百十七,7 * 817,6
5720,八乘七百十五,8 * 715,6
5721,五千七百二十一,5721,7
5722,五千七百二十二,5722,7
5723,五十九乘九十七,59 * 97,7
5724,十八乘三百十八,18 * 318,7
5725,五千七百二十五,5725,7
5726,七乘八百十八,7 * 818,6
5727,六十九乘八十三,69 * 83,7
5728,八乘七百十六,8 * 716,6
5729,五千加九立方,5000 + 9 ³,6
5730,五千七百三十,5730,6
5731,五千七百三十一,5731,7
5732,十八立方减一百,18 ³ - 100,7
5733,七乘八百十九,7 * 819,6
5734,六十一乘九十四,61 * 94,7
5735,五千七百三十五,5735,7
5736,八乘七百十七,8 * 717,6
5737,五千七百三十七,5737,7
5738,十九乘三百零二,19 * 302,7
5739,五千十加九立方,5010 + 9 ³,7
5740,七十乘八十二,70 * 82,6
5741,五千七百四十一,5741,7
5742,十八立方减九十,18 ³ - 90,7
5743,五千七百四十三,5743,7
5744,八乘七百十八,8 * 718,6
5745,六千减半分之五百十,6000 - 510 / 2,7
5746,五千七百四十六,5746,7
5747,七乘八百二十一,7 * 821,7
5748,六乘九百五十八,6 * 958,7
5749,五千七百四十九,5749,7
5750,半分之半分之二万三千,23000 / 2 / 2,6
5751,七十一乘九平方,71 * 9 ²,7
5752,八乘七百十九,8 * 719,6
5753,五千七百五十三,5753,7
5754,十四乘四百十一,14 * 411,7
5755,五千七百五十五,5755,7
5756,五千七百五十六,5756,7
5757,十九乘三百零三,19 * 303,7
5758,五千七百五十八,5758,7
5759,五千七百五十九,5759,7
5760,八乘九乘八十,8 * 9 * 80,6
5761,七乘八百二十三,7 * 823,7
5762,十八立方减七十,18 ³ - 70,7
5763,五千七百六十三,5763,7
5764,五千七百六十四,5764,7
5765,五千七百六十五,5765,7
5766,七十六平方减十,76 ² - 10,7
5767,七十六平方减九,76 ² - 9,7
5768,七十六平方减八,76 ² - 8,7
5769,七十六平方减七,76 ² - 7,7
5770,五千七百七十,5770,6
5771,七十六平方减五,76 ² - 5,7
5772,七十六平方减四,76 ² - 4,7
5773,七十六平方减三,76 ² - 3,7
5774,七十六平方减二,76 ² - 2,7
5775,七十六平方减一,76 ² - 1,7
5776,七十六平方,76 ²,5
5777,七十六平方加一,76 ² + 1,7
5778,九乘六百四十二,9 * 642,7
5779,七十六平方加三,76 ² + 3,7
5780,五千七百八十,5780,6
5781,五千八百减十九,5800 - 19,7
5782,十八立方减五十,18 ³ - 50,7
5783,五千八百减十七,5800 - 17,7
5784,六千减六立方,6000 - 6 ³,6
5785,五千八百减十五,5800 - 15,7
5786,五千八百减十四,5800 - 14,7
5787,五千八百减十三,5800 - 13,7
5788,五千八百减十二,5800 - 12,7
5789,五千八百减十一,5800 - 11,7
5790,五千八百减十,5800 - 10,6
5791,五千八百减九,5800 - 9,6
5792,五千八百减八,5800 - 8,6
5793,五千八百减七,5800 - 7,6
5794,五千八百减六,5800 - 6,6
5795,五千八百减五,5800 - 5,6
5796,五千八百减四,5800 - 4,6
5797,五千八百减三,5800 - 3,6
5798,五千八百减二,5800 - 2,6
5799,五千八百减一,5800 - 1,6
5800,五千八百,5800,4
5801,五千八百加一,5800 + 1,6
5802,五千八百加二,5800 + 2,6
5803,五千八百加三,5800 + 3,6
5804,五千八百加四,5800 + 4,6
5805,五千八百加五,5800 + 5,6
5806,五千八百加六,5800 + 6,6
5807,五千八百加七,5800 + 7,6
5808,五千八百加八,5800 + 8,6
5809,五千八百加九,5800 + 9,6
5810,五千八百十,5810,5
5811,五千八百十一,5811,6
5812,五千八百十二,5812,6
5813,五千八百十三,5813,6
5814,五千八百十四,5814,6
5815,五千八百十五,5815,6
5816,五千八百十六,5816,6
5817,五千八百十七,5817,6
5818,五千八百十八,5818,6
5819,五千八百十九,5819,6
5820,六十乘九十七,60 * 97,6
5821,十八立方减十一,18 ³ - 11,7
5822,十八立方减十,18 ³ - 10,6
5823,十八立方减九,18 ³ - 9,6
5824,十八立方减八,18 ³ - 8,6
5825,十八立方减七,18 ³ - 7,6
5826,十八立方减六,18 ³ - 6,6
5827,十八立方减五,18 ³ - 5,6
5828,十八立方减四,18 ³ - 4,6
5829,十八立方减三,18 ³ - 3,6
5830,十八立方减二,18 ³ - 2,6
5831,十八立方减一,18 ³ - 1,6
5832,十八立方,18 ³,4
5833,十八立方加一,18 ³ + 1,6
5834,十八立方加二,18 ³ + 2,6
5835,十八立方加三,18 ³ + 3,6
5836,十八立方加四,18 ³ + 4,6
5837,十八立方加五,18 ³ + 5,6
5838,十八立方加六,18 ³ + 6,6
5839,十八立方加七,18 ³ + 7,6
5840,七十三乘八十,73 * 80,6
5841,十八立方加九,18 ³ + 9,6
5842,十八立方加十,18 ³ + 10,6
5843,十八立方加十一,18 ³ + 11,7
5844,六乘九百七十四,6 * 974,7
5845,六千减半分之三百十,6000 - 310 / 2,7
5846,七十四乘七十九,74 * 79,7
5847,六千减九乘十七,6000 - 9 * 17,7
5848,六千减八乘十九,6000 - 8 * 19,7
5849,十八立方加十七,18 ³ + 17,7
5850,六千减半分之三百,6000 - 300 / 2,6
5851,十八立方加十九,18 ³ + 19,7
5852,七十六乘七十七,76 * 77,7
5853,五千八百五十三,5853,7
5854,五千八百五十四,5854,7
5855,五千八百五十五,5855,7
5856,六千减十二平方,6000 - 12 ²,7
5857,五千八百五十七,5857,7
5858,五千八百五十八,5858,7
5859,十九立方减一千,19 ³ - 1000,7
5860,五千八百六十,5860,6
5861,五千八百六十一,5861,7
5862,六乘九百七十七,6 * 977,7
5863,五千八百六十三,5863,7
5864,六千减八乘十七,6000 - 8 * 17,7
5865,六千减九乘十五,6000 - 9 * 15,7
5866,十四乘四百十九,14 * 419,7
5867,六千减七乘十九,6000 - 7 * 19,7
5868,九乘六百五十二,9 * 652,7
5869,五千八百六十九,5869,7
5870,五千八百七十,5870,6
5871,十九乘三百零九,19 * 309,7
5872,六千减八乘十六,6000 - 8 * 16,7
5873,七乘八百三十九,7 * 839,7
5874,六千减九乘十四,6000 - 9 * 14,7
5875,六千减五立方,6000 - 5 ³,6
5876,五千八百七十六,5876,7
5877,九乘六百五十三,9 * 653,7
5878,五千八百七十八,5878,7
5879,六千减十一平方,6000 - 11 ²,7
5880,七十乘八十四,70 * 84,6
5881,五千九百减十九,5900 - 19,7
5882,五千九百减十八,5900 - 18,7
5883,五千九百减十七,5900 - 17,7
5884,五千九百减十六,5900 - 16,7
5885,五千九百减十五,5900 - 15,7
5886,五千九百减十四,5900 - 14,7
5887,五千九百减十三,5900 - 13,7
5888,五千九百减十二,5900 - 12,7
5889,五千九百减十一,5900 - 11,7
5890,五千九百减十,5900 - 10,6
5891,五千九百减九,5900 - 9,6
5892,五千九百减八,5900 - 8,6
5893,五千九百减七,5900 - 7,6
5894,五千九百减六,5900 - 6,6
5895,五千九百减五,5900 - 5,6
5896,五千九百减四,5900 - 4,6
5897,五千九百减三,5900 - 3,6
5898,五千九百减二,5900 - 2,6
5899,五千九百减一,5900 - 1,6
5900,五千九百,5900,4
5901,六千减九十九,6000 - 99,6
5902,六千减九十八,6000 - 98,6
5903,六千减九十七,6000 - 97,6
5904,六千减九十六,6000 - 96,6
5905,六千减九十五,6000 - 95,6
5906,六千减九十四,6000 - 94,6
5907,六千减九十三,6000 - 93,6
5908,六千减九十二,6000 - 92,6
5909,六千减九十一,6000 - 91,6
5910,六千减九十,6000 - 90,5
5911,六千减八十九,6000 - 89,6
5912,六千减八十八,6000 - 88,6
5913,六千减八十七,6000 - 87,6
5914,六千减八十六,6000 - 86,6
5915,六千减八十五,6000 - 85,6
5916,六千减八十四,6000 - 84,6
5917,六千减八十三,6000 - 83,6
5918,六千减八十二,6000 - 82,6
5919,六千减九平方,6000 - 9 ²,6
5920,六千减八十,6000 - 80,5
5921,六千减七十九,6000 - 79,6
5922,六千减七十八,6000 - 78,6
5923,六千减七十七,6000 - 77,6
5924,六千减七十六,6000 - 76,6
5925,六千减七十五,6000 - 75,6
5926,六千减七十四,6000 - 74,6
5927,六千减七十三,6000 - 73,6
5928,六千减八乘九,6000 - 8 * 9,6
5929,七十七平方,77 ²,5
5930,六千减七十,6000 - 70,5
5931,六千减六十九,6000 - 69,6
5932,六千减六十八,6000 - 68,6
5933,六千减六十七,6000 - 67,6
5934,六千减六十六,6000 - 66,6
5935,六千减六十五,6000 - 65,6
5936,六千减四立方,6000 - 4 ³,6
5937,六千减七乘九,6000 - 7 * 9,6
5938,六千减六十二,6000 - 62,6
5939,六千减六十一,6000 - 61,6
5940,六千减六十,6000 - 60,5
5941,六千减五十九,6000 - 59,6
5942,六千减五十八,6000 - 58,6
5943,六千减五十七,6000 - 57,6
5944,六千减七乘八,6000 - 7 * 8,6
5945,六千减五十五,6000 - 55,6
5946,六千减六乘九,6000 - 6 * 9,6
5947,六千减五十三,6000 - 53,6
5948,六千减五十二,6000 - 52,6
5949,六千减五十一,6000 - 51,6
5950,六千减五十,6000 - 50,5
5951,六千减七平方,6000 - 7 ²,6
5952,六千减六乘八,6000 - 6 * 8,6
5953,六千减四十七,6000 - 47,6
5954,六千减四十六,6000 - 46,6
5955,六千减半分之九十,6000 - 90 / 2,6
5956,六千减四十四,6000 - 44,6
5957,六千减四十三,6000 - 43,6
5958,六千减六乘七,6000 - 6 * 7,6
5959,六千减四十一,6000 - 41,6
5960,六千减四十,6000 - 40,5
5961,六千减三十九,6000 - 39,6
5962,六千减三十八,6000 - 38,6
5963,六千减三十七,6000 - 37,6
5964,六千减六平方,6000 - 6 ²,6
5965,六千减半分之七十,6000 - 70 / 2,6
5966,六千减三十四,6000 - 34,6
5967,六千减三十三,6000 - 33,6
5968,六千减四乘八,6000 - 4 * 8,6
5969,六千减三十一,6000 - 31,6
5970,六千减三十,6000 - 30,5
5971,六千减二十九,6000 - 29,6
5972,六千减四乘七,6000 - 4 * 7,6
5973,六千减三立方,6000 - 3 ³,6
5974,六千减二十六,6000 - 26,6
5975,六千减五平方,6000 - 5 ²,6
5976,六千减四乘六,6000 - 4 * 6,6
5977,六千减二十三,6000 - 23,6
5978,六千减二十二,6000 - 22,6
5979,六千减三乘七,6000 - 3 * 7,6
5980,六千减二十,6000 - 20,5
5981,六千减十九,6000 - 19,5
5982,六千减十八,6000 - 18,5
5983,六千减十七,6000 - 17,5
5984,六千减十六,6000 - 16,5
5985,六千减十五,6000 - 15,5
5986,六千减十四,6000 - 14,5
5987,六千减十三,6000 - 13,5
5988,六千减十二,6000 - 12,5
5989,六千减十一,6000 - 11,5
5990,六千减十,6000 - 10,4
5991,六千减九,6000 - 9,4
5992,六千减八,6000 - 8,4
5993,六千减七,6000 - 7,4
5994,六千减六,6000 - 6,4
5995,六千减五,6000 - 5,4
5996,六千减四,6000 - 4,4
5997,六千减三,6000 - 3,4
5998,六千减二,6000 - 2,4
5999,六千减一,6000 - 1,4
6000,六千,6000,2
6001,六千加一,6000 + 1,4
6002,六千加二,6000 + 2,4
6003,六千加三,6000 + 3,4
6004,六千加四,6000 + 4,4
6005,六千加五,6000 + 5,4
6006,六千加六,6000 + 6,4
6007,六千加七,6000 + 7,4
6008,六千加八,6000 + 8,4
6009,六千加九,6000 + 9,4
6010,六千十,6010,3
6011,六千十一,6011,4
6012,六千十二,6012,4
6013,六千十三,6013,4
6014,六千十四,6014,4
6015,六千十五,6015,4
6016,六千十六,6016,4
6017,六千十七,6017,4
6018,六千十八,6018,4
6019,六千十九,6019,4
6020,六千二十,6020,4
6021,六千二十一,6021,5
6022,六千二十二,6022,5
6023,六千二十三,6023,5
6024,六千二十四,6024,5
6025,六千二十五,6025,5
6026,六千二十六,6026,5
6027,六千二十七,6027,5
6028,六千二十八,6028,5
6029,六千二十九,6029,5
6030,六千三十,6030,4
6031,六千三十一,6031,5
6032,六千三十二,6032,5
6033,六千三十三,6033,5
6034,六千三十四,6034,5
6035,六千三十五,6035,5
6036,六千三十六,6036,5
6037,六千三十七,6037,5
6038,六千三十八,6038,5
6039,六千三十九,6039,5
6040,六千四十,6040,4
6041,六千四十一,6041,5
6042,六千四十二,6042,5
6043,六千四十三,6043,5
6044,六千四十四,6044,5
6045,六千四十五,6045,5
6046,六千四十六,6046,5
6047,六千四十七,6047,5
6048,六千四十八,6048,5
6049,六千四十九,6049,5
6050,六千五十,6050,4
6051,六千五十一,6051,5
6052,六千五十二,6052,5
6053,六千五十三,6053,5
6054,六千五十四,6054,5
6055,六千五十五,6055,5
6056,六千五十六,6056,5
6057,六千五十七,6057,5
6058,六千五十八,6058,5
6059,六千五十九,6059,5
6060,六千六十,6060,4
6061,六千六十一,6061,5
6062,六千六十二,6062,5
6063,六千六十三,6063,5
6064,六千六十四,6064,5
6065,六千六十五,6065,5
6066,六千六十六,6066,5
6067,六千六十七,6067,5
6068,六千六十八,6068,5
6069,六千六十九,6069,5
6070,六千七十,6070,4
6071,六千七十一,6071,5
6072,六千七十二,6072,5
6073,六千七十三,6073,5
6074,六千七十四,6074,5
6075,六千七十五,6075,5
6076,六千七十六,6076,5
6077,六千七十七,6077,5
6078,六千七十八,6078,5
6079,六千七十九,6079,5
6080,六千八十,6080,4
6081,六千八十一,6081,5
6082,六千八十二,6082,5
6083,六千八十三,6083,5
6084,七十八平方,78 ²,5
6085,六千八十五,6085,5
6086,六千八十六,6086,5
6087,六千八十七,6087,5
6088,六千八十八,6088,5
6089,六千八十九,6089,5
6090,六千九十,6090,4
6091,六千九十一,6091,5
6092,六千九十二,6092,5
6093,六千九十三,6093,5
6094,六千九十四,6094,5
6095,六千九十五,6095,5
6096,六千九十六,6096,5
6097,六千九十七,6097,5
6098,六千九十八,6098,5
6099,六千九十九,6099,5
6100,六千一百,6100,4
6101,六千一百加一,6100 + 1,6
6102,六乘一千十七,6 * 1017,6
6103,六千一百加三,6100 + 3,6
6104,六千一百加四,6100 + 4,6
6105,六千一百加五,6100 + 5,6
6106,六千一百加六,6100 + 6,6
6107,六千一百加七,6100 + 7,6
6108,六乘一千十八,6 * 1018,6
6109,六千一百加九,6100 + 9,6
6110,六千一百十,6110,5
6111,六千一百十一,6111,6
6112,六千一百十二,6112,6
6113,六千一百十三,6113,6
6114,六乘一千十九,6 * 1019,6
6115,六千一百十五,6115,6
6116,六千一百十六,6116,6
6117,六千一百十七,6117,6
6118,六千一百十八,6118,6
6119,六千一百十九,6119,6
6120,六十八乘九十,68 * 90,6
6121,六千加十一平方,6000 + 11 ²,7
6122,二乘三千六十一,2 * 3061,7
6123,三乘二千四十一,3 * 2041,7
6124,二乘三千六十二,2 * 3062,7
6125,六千加五立方,6000 + 5 ³,6
6126,六乘一千二十一,6 * 1021,7
6127,六千一百二十七,6127,7
6128,八乘七百六十六,8 * 766,7
6129,九乘六百八十一,9 * 681,7
6130,十乘六百十三,10 * 613,6
6131,六千一百三十一,6131,7
6132,七十三乘八十四,73 * 84,7
6133,六千加七乘十九,6000 + 7 * 19,7
6134,二乘三千六十七,2 * 3067,7
6135,十五乘四百零九,15 * 409,7
6136,八乘七百六十七,8 * 767,7
6137,十七乘十九平方,17 * 19 ²,7
6138,六十六乘九十三,66 * 93,7
6139,七乘八百七十七,7 * 877,7
6140,十乘六百十四,10 * 614,6
6141,六十九乘八十九,69 * 89,7
6142,七十四乘八十三,74 * 83,7
6143,六千一百四十三,6143,7
6144,十二乘八立方,12 * 8 ³,6
6145,六千一百四十五,6145,7
6146,七乘八百七十八,7 * 878,7
6147,九乘六百八十三,9 * 683,7
6148,二乘三千七十四,2 * 3074,7
6149,六千一百四十九,6149,7
6150,十五乘四百十,15 * 410,6
6151,六千一百五十一,6151,7
6152,八乘七百六十九,8 * 769,7
6153,七乘八百七十九,7 * 879,7
6154,二乘三千七十七,2 * 3077,7
6155,六千加半分之三百十,6000 + 310 / 2,7
6156,七十六乘九平方,76 * 9 ²,7
6157,六千一百五十七,6157,7
6158,二乘三千七十九,2 * 3079,7
6159,十九立方减七百,19 ³ - 700,7
6160,七十七乘八十,77 * 80,6
6161,六千一百六十一,6161,7
6162,七十八乘七十九,78 * 79,7
6163,六千一百六十三,6163,7
6164,六十七乘九十二,67 * 92,7
6165,十五乘四百十一,15 * 411,7
6166,二乘三千八十三,2 * 3083,7
6167,七乘八百八十一,7 * 881,7
6168,十二乘五百十四,12 * 514,7
6169,六千加十三平方,6000 + 13 ²,7
6170,十乘六百十七,10 * 617,6
6171,三乘二千五十七,3 * 2057,7
6172,二乘三千八十六,2 * 3086,7
6173,六千一百七十三,6173,7
6174,十八乘七立方,18 * 7 ³,6
6175,六十五乘九十五,65 * 95,7
6176,八乘七百七十二,8 * 772,7
6177,七十一乘八十七,71 * 87,7
6178,二乘三千八十九,2 * 3089,7
6179,六千一百七十九,6179,7
6180,十乘六百十八,10 * 618,6
6181,六千二百减十九,6200 - 19,7
6182,六千二百减十八,6200 - 18,7
6183,六千二百减十七,6200 - 17,7
6184,六千二百减十六,6200 - 16,7
6185,六千二百减十五,6200 - 15,7
6186,六千二百减十四,6200 - 14,7
6187,六千二百减十三,6200 - 13,7
6188,六千二百减十二,6200 - 12,7
6189,六千二百减十一,6200 - 11,7
6190,六千二百减十,6200 - 10,6
6191,六千二百减九,6200 - 9,6
6192,六千二百减八,6200 - 8,6
6193,六千二百减七,6200 - 7,6
6194,六千二百减六,6200 - 6,6
6195,六千二百减五,6200 - 5,6
6196,六千二百减四,6200 - 4,6
6197,六千二百减三,6200 - 3,6
6198,六千二百减二,6200 - 2,6
6199,六千二百减一,6200 - 1,6
6200,六千二百,6200,4
6201,六千二百加一,6200 + 1,6
6202,六千二百加二,6200 + 2,6
6203,六千二百加三,6200 + 3,6
6204,六千二百加四,6200 + 4,6
6205,六千二百加五,6200 + 5,6
6206,六千二百加六,6200 + 6,6
6207,六千二百加七,6200 + 7,6
6208,六千二百加八,6200 + 8,6
6209,六千二百加九,6200 + 9,6
6210,六千二百十,6210,5
6211,六千二百十一,6211,6
6212,六千二百十二,6212,6
6213,六千二百十三,6213,6
6214,六千二百十四,6214,6
6215,六千二百十五,6215,6
6216,六千加六立方,6000 + 6 ³,6
6217,六千二百十七,6217,6
6218,六千二百十八,6218,6
6219,六千二百十九,6219,6
6220,六千二百二十,6220,6
6221,六千二百二十一,6221,7
6222,六乘一千三十七,6 * 1037,7
6223,七乘八百八十九,7 * 889,7
6224,八乘七百七十八,8 * 778,7
6225,七十五乘八十三,75 * 83,7
6226,六千十加六立方,6010 + 6 ³,7
6227,六千二百二十七,6227,7
6228,十二乘五百十九,12 * 519,7
6229,六千二百二十九,6229,7
6230,七十乘八十九,70 * 89,6
6231,七十九平方减十,79 ² - 10,7
6232,七十九平方减九,79 ² - 9,7
6233,七十九平方减八,79 ² - 8,7
6234,七十九平方减七,79 ² - 7,7
6235,七十九平方减六,79 ² - 6,7
6236,七十九平方减五,79 ² - 5,7
6237,七十九平方减四,79 ² - 4,7
6238,七十九平方减三,79 ² - 3,7
6239,七十九平方减二,79 ² - 2,7
6240,七十八乘八十,78 * 80,6
6241,七十九平方,79 ²,5
6242,半分之半分之半分之五万减八,50000 / 2 / 2 / 2 - 8,7
6243,半分之半分之半分之五万减七,50000 / 2 / 2 / 2 - 7,7
6244,半分之半分之半分之五万减六,50000 / 2 / 2 / 2 - 6,7
6245,半分之半分之半分之五万减五,50000 / 2 / 2 / 2 - 5,7
6246,半分之半分之半分之五万减四,50000 / 2 / 2 / 2 - 4,7
6247,半分之半分之半分之五万减三,50000 / 2 / 2 / 2 - 3,7
6248,半分之半分之半分之五万减二,50000 / 2 / 2 / 2 - 2,7
6249,半分之半分之半分之五万减一,50000 / 2 / 2 / 2 - 1,7
6250,半分之半分之半分之五万,50000 / 2 / 2 / 2,5
6251,半分之半分之半分之五万零八,50008 / 2 / 2 / 2,7
6252,半分之半分之半分之五万十六,50016 / 2 / 2 / 2,7
6253,半分之半分之半分之五万加三,50000 / 2 / 2 / 2 + 3,7
6254,半分之半分之半分之五万加四,50000 / 2 / 2 / 2 + 4,7
6255,半分之半分之半分之五万四十,50040 / 2 / 2 / 2,7
6256,九千减十四立方,9000 - 14 ³,7
6257,半分之半分之半分之五万加七,50000 / 2 / 2 / 2 + 7,7
6258,七乘八百九十四,7 * 894,7
6259,十九立方减六百,19 ³ - 600,7
6260,六千二百六十,6260,6
6261,三乘二千八十七,3 * 2087,7
6262,六千二百六十二,6262,7
6263,六千二百六十三,6263,7
6264,八乘九乘八十七,8 * 9 * 87,7
6265,七乘八百九十五,7 * 895,7
6266,六千二百六十六,6266,7
6267,三乘二千八十九,3 * 2089,7
6268,六千二百六十八,6268,7
6269,六千二百六十九,6269,7
6270,三乘二千九十,3 * 2090,6
6271,七千减九立方,7000 - 9 ³,6
6272,半分之一百十二平方,112 ² / 2,7
6273,九乘六百九十七,9 * 697,7
6274,六千二百七十四,6274,7
6275,半分之半分之半分之五万二百,50200 / 2 / 2 / 2,7
6276,六乘一千四十六,6 * 1046,7
6277,六千二百七十七,6277,7
6278,七十三乘八十六,73 * 86,7
6279,六十九乘九十一,69 * 91,7
6280,六千二百八十,6280,6
6281,九乘七百减十九,9 * 700 - 19,7
6282,九乘七百减十八,9 * 700 - 18,7
6283,九乘七百减十七,9 * 700 - 17,7
6284,九乘七百减十六,9 * 700 - 16,7
6285,九乘七百减十五,9 * 700 - 15,7
6286,九乘七百减十四,9 * 700 - 14,7
6287,九乘七百减十三,9 * 700 - 13,7
6288,九乘七百减十二,9 * 700 - 12,7
6289,九乘七百减十一,9 * 700 - 11,7
6290,九乘七百减十,9 * 700 - 10,6
6291,九乘七百减九,9 * 700 - 9,6
6292,九乘七百减八,9 * 700 - 8,6
6293,九乘七百减七,9 * 700 - 7,6
6294,九乘七百减六,9 * 700 - 6,6
6295,九乘七百减五,9 * 700 - 5,6
6296,九乘七百减四,9 * 700 - 4,6
6297,九乘七百减三,9 * 700 - 3,6
6298,九乘七百减二,9 * 700 - 2,6
6299,九乘七百减一,9 * 700 - 1,6
6300,九乘七百,9 * 700,4
6301,九乘七百加一,9 * 700 + 1,6
6302,九乘七百加二,9 * 700 + 2,6
6303,九乘七百加三,9 * 700 + 3,6
6304,九乘七百加四,9 * 700 + 4,6
6305,九乘七百加五,9 * 700 + 5,6
6306,九乘七百加六,9 * 700 + 6,6
6307,七乘九百零一,7 * 901,6
6308,九乘七百加八,9 * 700 + 8,6
6309,九乘七百零一,9 * 701,6
6310,六千三百十,6310,5
6311,六千三百十一,6311,6
6312,六千三百十二,6312,6
6313,六千三百十三,6313,6
6314,七乘九百零二,7 * 902,6
6315,六千三百十五,6315,6
6316,六千三百十六,6316,6
6317,六千三百十七,6317,6
6318,九乘七百零二,9 * 702,6
6319,六千三百十九,6319,6
6320,七十九乘八十,79 * 80,6
6321,七乘九百零三,7 * 903,6
6322,六千三百二十二,6322,7
6323,六千三百二十三,6323,7
6324,六十八乘九十三,68 * 93,7
6325,半分之半分之半分之五万六百,50600 / 2 / 2 / 2,7
6326,六千三百二十六,6326,7
6327,九乘七百零三,9 * 703,6
6328,七乘九百零四,7 * 904,6
6329,六千三百二十九,6329,7
6330,六千三百三十,6330,6
6331,五千加十一立方,5000 + 11 ³,7
6332,十八立方加五百,18 ³ + 500,7
6333,六千三百三十三,6333,7
6334,六千三百三十四,6334,7
6335,七乘九百零五,7 * 905,6
6336,九乘七百零四,9 * 704,6
6337,六千三百三十七,6337,7
6338,六千三百三十八,6338,7
6339,六千三百三十九,6339,7
6340,六千三百四十,6340,6
6341,六千三百四十一,6341,7
6342,七乘九百零六,7 * 906,6
6343,六千加七立方,6000 + 7 ³,6
6344,八乘七百九十三,8 * 793,7
6345,九乘七百零五,9 * 705,6
6346,六千三百四十六,6346,7
6347,六千三百四十七,6347,7
6348,六十九乘九十二,69 * 92,7
6349,七乘九百零七,7 * 907,6
6350,六千加半分之七百,6000 + 700 / 2,6
6351,七十三乘八十七,73 * 87,7
6352,八乘七百九十四,8 * 794,7
6353,六千十加七立方,6010 + 7 ³,7
6354,九乘七百零六,9 * 706,6
6355,六千加半分之七百十,6000 + 710 / 2,7
6356,七乘九百零八,7 * 908,6
6357,六千三百五十七,6357,7
6358,六千三百五十八,6358,7
6359,十九立方减五百,19 ³ - 500,7
6360,六乘一千六十,6 * 1060,6
6361,七乘九百十减九,7 * 910 - 9,7
6362,七乘九百十减八,7 * 910 - 8,7
6363,九乘七百零七,9 * 707,6
6364,七乘九百十减六,7 * 910 - 6,7
6365,七乘九百十减五,7 * 910 - 5,7
6366,七乘九百十减四,7 * 910 - 4,7
6367,七乘九百十减三,7 * 910 - 3,7
6368,七乘九百十减二,7 * 910 - 2,7
6369,七乘九百十减一,7 * 910 - 1,7
6370,七乘九百十,7 * 910,5
6371,七乘九百十加一,7 * 910 + 1,7
6372,九乘七百零八,9 * 708,6
6373,七乘九百十加三,7 * 910 + 3,7
6374,七乘九百十加四,7 * 910 + 4,7
6375,半分之半分之半分之五万一千,51000 / 2 / 2 / 2,7
6376,八乘七百九十七,8 * 797,7
6377,七乘九百十一,7 * 911,6
6378,六乘一千六十三,6 * 1063,7
6379,七乘九百十加九,7 * 910 + 9,7
6380,六千三百八十,6380,6
6381,九乘七百零九,9 * 709,6
6382,九乘七百十减八,9 * 710 - 8,7
6383,九乘七百十减七,9 * 710 - 7,7
6384,七乘九百十二,7 * 912,6
6385,九乘七百十减五,9 * 710 - 5,7
6386,九乘七百十减四,9 * 710 - 4,7
6387,九乘七百十减三,9 * 710 - 3,7
6388,九乘七百十减二,9 * 710 - 2,7
6389,九乘七百十减一,9 * 710 - 1,7
6390,九乘七百十,9 * 710,5
6391,八十平方减九,80 ² - 9,6
6392,八十平方减八,80 ² - 8,6
6393,八十平方减七,80 ² - 7,6
6394,八十平方减六,80 ² - 6,6
6395,八十平方减五,80 ² - 5,6
6396,八十平方减四,80 ² - 4,6
6397,八十平方减三,80 ² - 3,6
6398,八十平方减二,80 ² - 2,6
6399,八十平方减一,80 ² - 1,6
6400,八十平方,80 ²,4
6401,八十平方加一,80 ² + 1,6
6402,八十平方加二,80 ² + 2,6
6403,八十平方加三,80 ² + 3,6
6404,八十平方加四,80 ² + 4,6
6405,七乘九百十五,7 * 915,6
6406,八十平方加六,80 ² + 6,6
6407,八十平方加七,80 ² + 7,6
6408,九乘七百十二,9 * 712,6
6409,八十平方加九,80 ² + 9,6
6410,六千四百十,6410,5
6411,六千四百十一,6411,6
6412,七乘九百十六,7 * 916,6
6413,六千四百十三,6413,6
6414,六千四百十四,6414,6
6415,六千四百十五,6415,6
6416,八乘八百零二,8 * 802,6
6417,九乘七百十三,9 * 713,6
6418,六千四百十八,6418,6
6419,七乘九百十七,7 * 917,6
6420,六乘一千七十,6 * 1070,6
6421,六千四百二十一,6421,7
6422,六千四百二十二,6422,7
6423,六千四百二十三,6423,7
6424,八乘八百零三,8 * 803,6
6425,六千四百二十五,6425,7
6426,九乘七百十四,9 * 714,6
6427,六千四百二十七,6427,7
6428,六千四百二十八,6428,7
6429,六千四百二十九,6429,7
6430,六千四百三十,6430,6
6431,六千四百三十一,6431,7
6432,八乘八百零四,8 * 804,6
6433,七乘九百十九,7 * 919,6
6434,六千四百三十四,6434,7
6435,九乘七百十五,9 * 715,6
6436,六千四百三十六,6436,7
6437,六千四百三十七,6437,7
6438,七十四乘八十七,74 * 87,7
6439,六千四百三十九,6439,7
6440,七十乘九十二,70 * 92,6
6441,六千四百四十一,6441,7
6442,六千四百四十二,6442,7
6443,六千四百四十三,6443,7
6444,九乘七百十六,9 * 716,6
6445,六千四百四十五,6445,7
6446,六千四百四十六,6446,7
6447,七乘九百二十一,7 * 921,7
6448,八乘八百零六,8 * 806,6
6449,六千四百四十九,6449,7
6450,六千加半分之九百,6000 + 900 / 2,6
6451,六千四百五十一,6451,7
6452,六千四百五十二,6452,7
6453,九乘七百十七,9 * 717,6
6454,七乘九百二十二,7 * 922,7
6455,六千加半分之九百十,6000 + 910 / 2,7
6456,八乘八百零七,8 * 807,6
6457,六千四百五十七,6457,7
6458,六千四百五十八,6458,7
6459,十九立方减四百,19 ³ - 400,7
6460,六千四百六十,6460,6
6461,七十一乘九十一,71 * 91,7
6462,九乘七百十八,9 * 718,6
6463,六千四百六十三,6463,7
6464,八乘八百零八,8 * 808,6
6465,六千四百六十五,6465,7
6466,六千四百六十六,6466,7
6467,六千四百六十七,6467,7
6468,七十七乘八十四,77 * 84,7
6469,六千四百六十九,6469,7
6470,六千四百七十,6470,6
6471,九乘七百十九,9 * 719,6
6472,八乘八百零九,8 * 809,6
6473,八乘八百十减七,8 * 810 - 7,7
6474,八乘八百十减六,8 * 810 - 6,7
6475,八乘八百十减五,8 * 810 - 5,7
6476,八乘八百十减四,8 * 810 - 4,7
6477,八乘八百十减三,8 * 810 - 3,7
6478,八乘八百十减二,8 * 810 - 2,7
6479,八乘八百十减一,8 * 810 - 1,7
6480,八乘八百十,8 * 810,5
6481,六千五百减十九,6500 - 19,7
6482,六千五百减十八,6500 - 18,7
6483,六千五百减十七,6500 - 17,7
6484,六千五百减十六,6500 - 16,7
6485,六千五百减十五,6500 - 15,7
6486,六千五百减十四,6500 - 14,7
6487,六千五百减十三,6500 - 13,7
6488,七千减八立方,7000 - 8 ³,6
6489,六千五百减十一,6500 - 11,7
6490,六千五百减十,6500 - 10,6
6491,六千五百减九,6500 - 9,6
6492,六千五百减八,6500 - 8,6
6493,六千五百减七,6500 - 7,6
6494,六千五百减六,6500 - 6,6
6495,六千五百减五,6500 - 5,6
6496,六千五百减四,6500 - 4,6
6497,六千五百减三,6500 - 3,6
6498,六千五百减二,6500 - 2,6
6499,六千五百减一,6500 - 1,6
6500,六千五百,6500,4
6501,六千五百加一,6500 + 1,6
6502,六千五百加二,6500 + 2,6
6503,六千五百加三,6500 + 3,6
6504,八乘八百十三,8 * 813,6
6505,半分之一万三千十,13010 / 2,6
6506,六千五百加六,6500 + 6,6
6507,六千五百加七,6500 + 7,6
6508,六千五百加八,6500 + 8,6
6509,六千五百加九,6500 + 9,6
6510,六千五百十,6510,5
6511,六千五百十一,6511,6
6512,八乘八百十四,8 * 814,6
6513,六千五百十三,6513,6
6514,六千五百十四,6514,6
6515,六千五百十五,6515,6
6516,六千五百十六,6516,6
6517,十九乘七立方,19 * 7 ³,6
6518,六千五百十八,6518,6
6519,六千五百十九,6519,6
6520,八乘八百十五,8 * 815,6
6521,六千五百二十一,6521,7
6522,六乘一千八十七,6 * 1087,7
6523,六千五百二十三,6523,7
6524,七乘九百三十二,7 * 932,7
6525,半分之一万三千五十,13050 / 2,7
6526,十三乘五百零二,13 * 502,7
6527,六千五百二十七,6527,7
6528,八乘八百十六,8 * 816,6
6529,六千五百二十九,6529,7
6530,六千五百三十,6530,6
6531,七乘九百三十三,7 * 933,7
6532,七十一乘九十二,71 * 92,7
6533,六千五百三十三,6533,7
6534,六十六乘九十九,66 * 99,7
6535,半分之一万三千七十,13070 / 2,7
6536,八乘八百十七,8 * 817,6
6537,六千五百三十七,6537,7
6538,七乘九百三十四,7 * 934,7
6539,十三乘五百零三,13 * 503,7
6540,六乘一千九十,6 * 1090,6
6541,六千五百四十一,6541,7
6542,六千五百四十二,6542,7
6543,九乘七百二十七,9 * 727,7
6544,八乘八百十八,8 * 818,6
6545,半分之一万三千九十,13090 / 2,7
6546,六乘一千九十一,6 * 1091,7
6547,六千五百四十七,6547,7
6548,六千五百四十八,6548,7
6549,六千五百四十九,6549,7
6550,七千减半分之九百,7000 - 900 / 2,6
6551,九平方平方减十,(9 ²) ² - 10,7
6552,八乘八百十九,8 * 819,6
6553,九平方平方减八,(9 ²) ² - 8,7
6554,九平方平方减七,(9 ²) ² - 7,7
6555,九平方平方减六,(9 ²) ² - 6,7
6556,九平方平方减五,(9 ²) ² - 5,7
6557,九平方平方减四,(9 ²) ² - 4,7
6558,九平方平方减三,(9 ²) ² - 3,7
6559,九平方平方减二,(9 ²) ² - 2,7
6560,八十乘八十二,80 * 82,6
6561,九平方平方,(9 ²) ²,5
6562,九平方平方加一,(9 ²) ² + 1,7
6563,九平方平方加二,(9 ²) ² + 2,7
6564,六乘一千九十四,6 * 1094,7
6565,十三乘半分之一千十,13 * 1010 / 2,7
6566,六十七乘九十八,67 * 98,7
6567,九平方平方加六,(9 ²) ² + 6,7
6568,八乘八百二十一,8 * 821,7
6569,九平方平方加八,(9 ²) ² + 8,7
6570,七十三乘九十,73 * 90,6
6571,九平方平方加十,(9 ²) ² + 10,7
6572,六千五百七十二,6572,7
6573,七乘九百三十九,7 * 939,7
6574,六千五百七十四,6574,7
6575,六千五百七十五,6575,7
6576,十六乘四百十一,16 * 411,7
6577,六千五百七十七,6577,7
6578,十三乘五百零六,13 * 506,7
6579,九乘七百三十一,9 * 731,7
6580,七十乘九十四,70 * 94,6
6581,六千六百减十九,6600 - 19,7
6582,六千六百减十八,6600 - 18,7
6583,六千六百减十七,6600 - 17,7
6584,六千六百减十六,6600 - 16,7
6585,六千六百减十五,6600 - 15,7
6586,六千六百减十四,6600 - 14,7
6587,六千六百减十三,6600 - 13,7
6588,六千六百减十二,6600 - 12,7
6589,六千六百减十一,6600 - 11,7
6590,六千六百减十,6600 - 10,6
6591,六千六百减九,6600 - 9,6
6592,六千六百减八,6600 - 8,6
6593,六千六百减七,6600 - 7,6
6594,六千六百减六,6600 - 6,6
6595,六千六百减五,6600 - 5,6
6596,六千六百减四,6600 - 4,6
6597,六千六百减三,6600 - 3,6
6598,六千六百减二,6600 - 2,6
6599,六千六百减一,6600 - 1,6
6600,六千六百,6600,4
6601,六千六百加一,6600 + 1,6
6602,六千六百加二,6600 + 2,6
6603,六千六百加三,6600 + 3,6
6604,六千六百加四,6600 + 4,6
6605,六千六百加五,6600 + 5,6
6606,六千六百加六,6600 + 6,6
6607,六千六百加七,6600 + 7,6
6608,六千六百加八,6600 + 8,6
6609,六千六百加九,6600 + 9,6
6610,六千六百十,6610,5
6611,六千六百十一,6611,6
6612,六千六百十二,6612,6
6613,六千六百十三,6613,6
6614,六千六百十四,6614,6
6615,六千六百十五,6615,6
6616,六千六百十六,6616,6
6617,六千六百十七,6617,6
6618,六千六百十八,6618,6
6619,六千六百十九,6619,6
6620,六千六百二十,6620,6
6621,六千六百二十一,6621,7
6622,七十七乘八十六,77 * 86,7
6623,六千六百二十三,6623,7
6624,八乘九乘九十二,8 * 9 * 92,7
6625,半分之半分之半分之五万三千,53000 / 2 / 2 / 2,7
6626,六千六百二十六,6626,7
6627,三乘四十七平方,3 * 47 ²,7
6628,六千六百二十八,6628,7
6629,七乘九百四十七,7 * 947,7
6630,十三乘五百十,13 * 510,6
6631,六千六百三十一,6631,7
6632,八乘八百二十九,8 * 829,7
6633,六十七乘九十九,67 * 99,7
6634,六千六百三十四,6634,7
6635,六千六百三十五,6635,7
6636,七十九乘八十四,79 * 84,7
6637,六千六百三十七,6637,7
6638,六千六百三十八,6638,7
6639,七千减十九平方,7000 - 19 ²,7
6640,八十乘八十三,80 * 83,6
6641,六千六百四十一,6641,7
6642,九平方乘八十二,9 ² * 82,7
6643,七十三乘九十一,73 * 91,7
6644,十一乘六百零四,11 * 604,7
6645,七千减半分之七百十,7000 - 710 / 2,7
6646,六千六百四十六,6646,7
6647,六千六百四十七,6647,7
6648,八乘八百三十一,8 * 831,7
6649,六千六百四十九,6649,7
6650,七千减半分之七百,7000 - 700 / 2,6
6651,九乘七百三十九,9 * 739,7
6652,六千六百五十二,6652,7
6653,六千六百五十三,6653,7
6654,六千六百五十四,6654,7
6655,五乘十一立方,5 * 11 ³,6
6656,十三乘八立方,13 * 8 ³,6
6657,七千减七立方,7000 - 7 ³,6
6658,六千六百五十八,6658,7
6659,十九立方减二百,19 ³ - 200,7
6660,七十四乘九十,74 * 90,6
6661,六千六百六十一,6661,7
6662,六千六百六十二,6662,7
6663,六千六百六十三,6663,7
6664,六十八乘九十八,68 * 98,7
6665,六千六百六十五,6665,7
6666,十一乘六百零六,11 * 606,7
6667,六万零三除以九,60003 / 9,7
6668,六万十二除以九,60012 / 9,7
6669,四万十四除以六,40014 / 6,7
6670,二万十除以三,20010 / 3,6
6671,二万十三除以三,20013 / 3,7
6672,二万十六除以三,20016 / 3,7
6673,二万十九除以三,20019 / 3,7
6674,七十一乘九十四,71 * 94,7
6675,四万五十除以六,40050 / 6,7
6676,七千减十八平方,7000 - 18 ²,7
6677,十一乘六百零七,11 * 607,7
6678,九乘七百四十二,9 * 742,7
6679,六千六百七十九,6679,7
6680,六千六百八十,6680,6
6681,六千七百减十九,6700 - 19,7
6682,六千七百减十八,6700 - 18,7
6683,六千七百减十七,6700 - 17,7
6684,六千七百减十六,6700 - 16,7
6685,六千七百减十五,6700 - 15,7
6686,六千七百减十四,6700 - 14,7
6687,六千七百减十三,6700 - 13,7
6688,六千七百减十二,6700 - 12,7
6689,六千七百减十一,6700 - 11,7
6690,六千七百减十,6700 - 10,6
6691,六千七百减九,6700 - 9,6
6692,六千七百减八,6700 - 8,6
6693,六千七百减七,6700 - 7,6
6694,六千七百减六,6700 - 6,6
6695,六千七百减五,6700 - 5,6
6696,六千七百减四,6700 - 4,6
6697,六千七百减三,6700 - 3,6
6698,六千七百减二,6700 - 2,6
6699,六千七百减一,6700 - 1,6
6700,六千七百,6700,4
6701,六千七百加一,6700 + 1,6
6702,六千七百加二,6700 + 2,6
6703,六千七百加三,6700 + 3,6
6704,六千七百加四,6700 + 4,6
6705,六千七百加五,6700 + 5,6
6706,六千七百加六,6700 + 6,6
6707,六千七百加七,6700 + 7,6
6708,六千七百加八,6700 + 8,6
6709,六千七百加九,6700 + 9,6
6710,六千七百十,6710,5
6711,六千七百十一,6711,6
6712,六千七百十二,6712,6
6713,六千七百十三,6713,6
6714,六千七百十四,6714,6
6715,六千七百十五,6715,6
6716,六千七百十六,6716,6
6717,六千七百十七,6717,6
6718,六千七百十八,6718,6
6719,六千七百十九,6719,6
6720,八十乘八十四,80 * 84,6
6721,八十二平方减三,82 ² - 3,7
6722,八十二平方减二,82 ² - 2,7
6723,八十二平方减一,82 ² - 1,7
6724,八十二平方,82 ²,5
6725,八十二平方加一,82 ² + 1,7
6726,八十二平方加二,82 ² + 2,7
6727,七乘三十一平方,7 * 31 ²,7
6728,半分之一百十六平方,116 ² / 2,7
6729,六千加九立方,6000 + 9 ³,6
6730,六千七百三十,6730,6
6731,八十二平方加七,82 ² + 7,7
6732,六十八乘九十九,68 * 99,7
6733,八十二平方加九,82 ² + 9,7
6734,七十四乘九十一,74 * 91,7
6735,六千七百三十五,6735,7
6736,八乘八百四十二,8 * 842,7
6737,六千七百三十七,6737,7
6738,六千七百三十八,6738,7
6739,六千十加九立方,6010 + 9 ³,7
6740,六千七百四十,6740,6
6741,九乘七百四十九,9 * 749,7
6742,六千七百四十二,6742,7
6743,十一乘六百十三,11 * 613,7
6744,七千减十六平方,7000 - 16 ²,7
6745,七千减半分之五百十,7000 - 510 / 2,7
6746,六千七百四十六,6746,7
6747,十三乘五百十九,13 * 519,7
6748,七乘九百六十四,7 * 964,7
6749,六千七百四十九,6749,7
6750,半分之半分之三十立方,30 ³ / 2 / 2,6
6751,六千七百五十一,6751,7
6752,八乘八百四十四,8 * 844,7
6753,六千七百五十三,6753,7
6754,十一乘六百十四,11 * 614,7
6755,七乘九百六十五,7 * 965,7
6756,六千七百五十六,6756,7
6757,六千七百五十七,6757,7
6758,六千七百五十八,6758,7
6759,十九立方减一百,19 ³ - 100,7
6760,六千七百六十,6760,6
6761,六千七百六十一,6761,7
6762,六十九乘九十八,69 * 98,7
6763,六千七百六十三,6763,7
6764,七十六乘八十九,76 * 89,7
6765,十一乘六百十五,11 * 615,7
6766,六千七百六十六,6766,7
6767,六千七百六十七,6767,7
6768,八乘九乘九十四,8 * 9 * 94,7
6769,十九立方减九十,19 ³ - 90,7
6770,六千七百七十,6770,6
6771,六千七百七十一,6771,7
6772,六千七百七十二,6772,7
6773,六千七百七十三,6773,7
6774,六千七百七十四,6774,7
6775,七千减十五平方,7000 - 15 ²,7
6776,七十七乘八十八,77 * 88,7
6777,九乘七百五十三,9 * 753,7
6778,六千七百七十八,6778,7
6779,十九立方减八十,19 ³ - 80,7
6780,六千七百八十,6780,6
6781,六千八百减十九,6800 - 19,7
6782,六千八百减十八,6800 - 18,7
6783,六千八百减十七,6800 - 17,7
6784,七千减六立方,7000 - 6 ³,6
6785,六千八百减十五,6800 - 15,7
6786,六千八百减十四,6800 - 14,7
6787,六千八百减十三,6800 - 13,7
6788,六千八百减十二,6800 - 12,7
6789,十九立方减七十,19 ³ - 70,7
6790,六千八百减十,6800 - 10,6
6791,六千八百减九,6800 - 9,6
6792,六千八百减八,6800 - 8,6
6793,六千八百减七,6800 - 7,6
6794,六千八百减六,6800 - 6,6
6795,六千八百减五,6800 - 5,6
6796,六千八百减四,6800 - 4,6
6797,六千八百减三,6800 - 3,6
6798,六千八百减二,6800 - 2,6
6799,六千八百减一,6800 - 1,6
6800,六千八百,6800,4
6801,六千八百加一,6800 + 1,6
6802,六千八百加二,6800 + 2,6
6803,六千八百加三,6800 + 3,6
6804,六千八百加四,6800 + 4,6
6805,六千八百加五,6800 + 5,6
6806,六千八百加六,6800 + 6,6
6807,六千八百加七,6800 + 7,6
6808,六千八百加八,6800 + 8,6
6809,六千八百加九,6800 + 9,6
6810,六千八百十,6810,5
6811,六千八百十一,6811,6
6812,六千八百十二,6812,6
6813,六千八百十三,6813,6
6814,六千八百十四,6814,6
6815,六千八百十五,6815,6
6816,六千八百十六,6816,6
6817,六千八百十七,6817,6
6818,六千八百十八,6818,6
6819,六千八百十九,6819,6
6820,六千八百二十,6820,6
6821,六千八百二十一,6821,7
6822,九乘七百五十八,9 * 758,7
6823,六千八百二十三,6823,7
6824,八乘八百五十三,8 * 853,7
6825,七千减半分之半分之七百,7000 - 700 / 2 / 2,7
6826,六千八百二十六,6826,7
6827,六千八百二十七,6827,7
6828,六千八百二十八,6828,7
6829,十九立方减三十,19 ³ - 30,7
6830,六千八百三十,6830,6
6831,七千减十三平方,7000 - 13 ²,7
6832,八乘八百五十四,8 * 854,7
6833,六千八百三十三,6833,7
6834,十七乘四百零二,17 * 402,7
6835,六千八百三十五,6835,7
6836,六千八百三十六,6836,7
6837,六千八百三十七,6837,7
6838,七千减九乘十八,7000 - 9 * 18,7
6839,十九立方减二十,19 ³ - 20,7
6840,七十六乘九十,76 * 90,6
6841,十九立方减十八,19 ³ - 18,7
6842,十九立方减十七,19 ³ - 17,7
6843,十九立方减十六,19 ³ - 16,7
6844,十九立方减十五,19 ³ - 15,7
6845,十九立方减十四,19 ³ - 14,7
6846,十九立方减十三,19 ³ - 13,7
6847,十九立方减十二,19 ³ - 12,7
6848,十九立方减十一,19 ³ - 11,7
6849,十九立方减十,19 ³ - 10,6
6850,十九立方减九,19 ³ - 9,6
6851,十九立方减八,19 ³ - 8,6
6852,十九立方减七,19 ³ - 7,6
6853,十九立方减六,19 ³ - 6,6
6854,十九立方减五,19 ³ - 5,6
6855,十九立方减四,19 ³ - 4,6
6856,十九立方减三,19 ³ - 3,6
6857,十九立方减二,19 ³ - 2,6
6858,十九立方减一,19 ³ - 1,6
6859,十九立方,19 ³,4
6860,七十乘九十八,70 * 98,6
6861,十九立方加二,19 ³ + 2,6
6862,十九立方加三,19 ³ + 3,6
6863,十九立方加四,19 ³ + 4,6
6864,十九立方加五,19 ³ + 5,6
6865,十九立方加六,19 ³ + 6,6
6866,十九立方加七,19 ³ + 7,6
6867,十九立方加八,19 ³ + 8,6
6868,十九立方加九,19 ³ + 9,6
6869,十九立方加十,19 ³ + 10,6
6870,六千八百七十,6870,6
6871,十九立方加十二,19 ³ + 12,7
6872,七千减八乘十六,7000 - 8 * 16,7
6873,七十九乘八十七,79 * 87,7
6874,七千减九乘十四,7000 - 9 * 14,7
6875,七千减五立方,7000 - 5 ³,6
6876,九乘七百六十四,9 * 764,7
6877,十九立方加十八,19 ³ + 18,7
6878,十九立方加十九,19 ³ + 19,7
6879,八十三平方减十,83 ² - 10,7
6880,八十乘八十六,80 * 86,6
6881,八十三平方减八,83 ² - 8,7
6882,八十三平方减七,83 ² - 7,7
6883,八十三平方减六,83 ² - 6,7
6884,八十三平方减五,83 ² - 5,7
6885,八十三平方减四,83 ² - 4,7
6886,八十三平方减三,83 ² - 3,7
6887,八十三平方减二,83 ² - 2,7
6888,八十三平方减一,83 ² - 1,7
6889,八十三平方,83 ²,5
6890,六千九百减十,6900 - 10,6
6891,六千九百减九,6900 - 9,6
6892,六千九百减八,6900 - 8,6
6893,六千九百减七,6900 - 7,6
6894,六千九百减六,6900 - 6,6
6895,六千九百减五,6900 - 5,6
6896,六千九百减四,6900 - 4,6
6897,六千九百减三,6900 - 3,6
6898,六千九百减二,6900 - 2,6
6899,六千九百减一,6900 - 1,6
6900,六千九百,6900,4
6901,七千减九十九,7000 - 99,6
6902,七千减九十八,7000 - 98,6
6903,七千减九十七,7000 - 97,6
6904,七千减九十六,7000 - 96,6
6905,七千减九十五,7000 - 95,6
6906,七千减九十四,7000 - 94,6
6907,七千减九十三,7000 - 93,6
6908,七千减九十二,7000 - 92,6
6909,七千减九十一,7000 - 91,6
6910,七千减九十,7000 - 90,5
6911,七千减八十九,7000 - 89,6
6912,半分之二十四立方,24 ³ / 2,6
6913,七千减八十七,7000 - 87,6
6914,七千减八十六,7000 - 86,6
6915,七千减八十五,7000 - 85,6
6916,七千减八十四,7000 - 84,6
6917,七千减八十三,7000 - 83,6
6918,七千减八十二,7000 - 82,6
6919,七千减九平方,7000 - 9 ²,6
6920,七千减八十,7000 - 80,5
6921,七千减七十九,7000 - 79,6
6922,七千减七十八,7000 - 78,6
6923,七千减七十七,7000 - 77,6
6924,七千减七十六,7000 - 76,6
6925,七千减七十五,7000 - 75,6
6926,七千减七十四,7000 - 74,6
6927,七千减七十三,7000 - 73,6
6928,七千减八乘九,7000 - 8 * 9,6
6929,七千减七十一,7000 - 71,6
6930,七千减七十,7000 - 70,5
6931,七千减六十九,7000 - 69,6
6932,七千减六十八,7000 - 68,6
6933,七千减六十七,7000 - 67,6
6934,七千减六十六,7000 - 66,6
6935,七千减六十五,7000 - 65,6
6936,七千减四立方,7000 - 4 ³,6
6937,七千减七乘九,7000 - 7 * 9,6
6938,七千减六十二,7000 - 62,6
6939,七千减六十一,7000 - 61,6
6940,七千减六十,7000 - 60,5
6941,七千减五十九,7000 - 59,6
6942,七千减五十八,7000 - 58,6
6943,七千减五十七,7000 - 57,6
6944,七千减七乘八,7000 - 7 * 8,6
6945,七千减五十五,7000 - 55,6
6946,七千减六乘九,7000 - 6 * 9,6
6947,七千减五十三,7000 - 53,6
6948,七千减五十二,7000 - 52,6
6949,七千减五十一,7000 - 51,6
6950,七千减五十,7000 - 50,5
6951,七千减七平方,7000 - 7 ²,6
6952,七千减六乘八,7000 - 6 * 8,6
6953,七千减四十七,7000 - 47,6
6954,七千减四十六,7000 - 46,6
6955,七千减半分之九十,7000 - 90 / 2,6
6956,七千减四十四,7000 - 44,6
6957,七千减四十三,7000 - 43,6
6958,七千减六乘七,7000 - 6 * 7,6
6959,七千减四十一,7000 - 41,6
6960,七千减四十,7000 - 40,5
6961,七千减三十九,7000 - 39,6
6962,七千减三十八,7000 - 38,6
6963,七千减三十七,7000 - 37,6
6964,七千减六平方,7000 - 6 ²,6
6965,七千减半分之七十,7000 - 70 / 2,6
6966,七千减三十四,7000 - 34,6
6967,七千减三十三,7000 - 33,6
6968,七千减四乘八,7000 - 4 * 8,6
6969,七千减三十一,7000 - 31,6
6970,七千减三十,7000 - 30,5
6971,七千减二十九,7000 - 29,6
6972,七千减四乘七,7000 - 4 * 7,6
6973,七千减三立方,7000 - 3 ³,6
6974,七千减二十六,7000 - 26,6
6975,七千减五平方,7000 - 5 ²,6
6976,七千减四乘六,7000 - 4 * 6,6
6977,七千减二十三,7000 - 23,6
6978,七千减二十二,7000 - 22,6
6979,七千减三乘七,7000 - 3 * 7,6
6980,七千减二十,7000 - 20,5
6981,七千减十九,7000 - 19,5
6982,七千减十八,7000 - 18,5
6983,七千减十七,7000 - 17,5
6984,七千减十六,7000 - 16,5
6985,七千减十五,7000 - 15,5
6986,七千减十四,7000 - 14,5
6987,七千减十三,7000 - 13,5
6988,七千减十二,7000 - 12,5
6989,七千减十一,7000 - 11,5
6990,七千减十,7000 - 10,4
6991,七千减九,7000 - 9,4
6992,七千减八,7000 - 8,4
6993,七千减七,7000 - 7,4
6994,七千减六,7000 - 6,4
6995,七千减五,7000 - 5,4
6996,七千减四,7000 - 4,4
6997,七千减三,7000 - 3,4
6998,七千减二,7000 - 2,4
6999,七千减一,7000 - 1,4
7000,七千,7000,2
7001,七千加一,7000 + 1,4
7002,七千加二,7000 + 2,4
7003,七千加三,7000 + 3,4
7004,七千加四,7000 + 4,4
7005,七千加五,7000 + 5,4
7006,七千加六,7000 + 6,4
7007,七千加七,7000 + 7,4
7008,七千加八,7000 + 8,4
7009,七千加九,7000 + 9,4
7010,七千十,7010,3
7011,七千十一,7011,4
7012,七千十二,7012,4
7013,七千十三,7013,4
7014,七千十四,7014,4
7015,七千十五,7015,4
7016,七千十六,7016,4
7017,七千十七,7017,4
7018,七千十八,7018,4
7019,七千十九,7019,4
7020,七千二十,7020,4
7021,七千二十一,7021,5
7022,七千二十二,7022,5
7023,七千二十三,7023,5
7024,七千二十四,7024,5
7025,七千二十五,7025,5
7026,七千二十六,7026,5
7027,七千二十七,7027,5
7028,七千二十八,7028,5
7029,七千二十九,7029,5
7030,七千三十,7030,4
7031,七千三十一,7031,5
7032,七千三十二,7032,5
7033,七千三十三,7033,5
7034,七千三十四,7034,5
7035,七千三十五,7035,5
7036,七千三十六,7036,5
7037,七千三十七,7037,5
7038,七千三十八,7038,5
7039,七千三十九,7039,5
7040,七千四十,7040,4
7041,七千四十一,7041,5
7042,七千四十二,7042,5
7043,七千四十三,7043,5
7044,七千四十四,7044,5
7045,七千四十五,7045,5
7046,七千四十六,7046,5
7047,七千四十七,7047,5
7048,七千四十八,7048,5
7049,七千四十九,7049,5
7050,七千五十,7050,4
7051,七千五十一,7051,5
7052,七千五十二,7052,5
7053,七千五十三,7053,5
7054,七千五十四,7054,5
7055,七千五十五,7055,5
7056,八十四平方,84 ²,5
7057,七千五十七,7057,5
7058,七千五十八,7058,5
7059,七千五十九,7059,5
7060,七千六十,7060,4
7061,七千六十一,7061,5
7062,七千六十二,7062,5
7063,七千六十三,7063,5
7064,七千六十四,7064,5
7065,七千六十五,7065,5
7066,七千六十六,7066,5
7067,七千六十七,7067,5
7068,七千六十八,7068,5
7069,七千六十九,7069,5
7070,七千七十,7070,4
7071,七千七十一,7071,5
7072,七千七十二,7072,5
7073,七千七十三,7073,5
7074,七千七十四,7074,5
7075,七千七十五,7075,5
7076,七千七十六,7076,5
7077,七千七十七,7077,5
7078,七千七十八,7078,5
7079,七千七十九,7079,5
7080,七千八十,7080,4
7081,七千八十一,7081,5
7082,七千八十二,7082,5
7083,七千八十三,7083,5
7084,七千八十四,7084,5
7085,七千八十五,7085,5
7086,七千八十六,7086,5
7087,七千八十七,7087,5
7088,七千八十八,7088,5
7089,七千八十九,7089,5
7090,七千九十,7090,4
7091,七千九十一,7091,5
7092,七千九十二,7092,5
7093,七千九十三,7093,5
7094,七千九十四,7094,5
7095,七千九十五,7095,5
7096,七千九十六,7096,5
7097,七千九十七,7097,5
7098,七千九十八,7098,5
7099,七千九十九,7099,5
7100,七千一百,7100,4
7101,七千一百加一,7100 + 1,6
7102,七千一百加二,7100 + 2,6
7103,七千一百加三,7100 + 3,6
7104,七千一百加四,7100 + 4,6
7105,七乘一千十五,7 * 1015,6
7106,七千一百加六,7100 + 6,6
7107,七千一百加七,7100 + 7,6
7108,七千一百加八,7100 + 8,6
7109,七千一百加九,7100 + 9,6
7110,七千一百十,7110,5
7111,七千一百十一,7111,6
7112,七乘一千十六,7 * 1016,6
7113,七千一百十三,7113,6
7114,七千一百十四,7114,6
7115,七千一百十五,7115,6
7116,七千一百十六,7116,6
7117,七千一百十七,7117,6
7118,七千一百十八,7118,6
7119,七乘一千十七,7 * 1017,6
7120,八十乘八十九,80 * 89,6
7121,七千加十一平方,7000 + 11 ²,7
7122,七千一百二十二,7122,7
7123,十七乘四百十九,17 * 419,7
7124,七千一百二十四,7124,7
7125,七千加五立方,7000 + 5 ³,6
7126,七乘一千十八,7 * 1018,6
7127,七千一百二十七,7127,7
7128,九平方乘八十八,9 ² * 88,7
7129,七千一百二十九,7129,7
7130,十乘七百十三,10 * 713,6
7131,七千一百三十一,7131,7
7132,七千一百三十二,7132,7
7133,七乘一千十九,7 * 1019,6
7134,八十二乘八十七,82 * 87,7
7135,七千十加五立方,7010 + 5 ³,7
7136,八乘八百九十二,8 * 892,7
7137,九乘七百九十三,9 * 793,7
7138,八十三乘八十六,83 * 86,7
7139,七千一百三十九,7139,7
7140,十四乘五百十,14 * 510,6
7141,七千一百四十一,7141,7
7142,七千一百四十二,7142,7
7143,五万零一除以七,50001 / 7,7
7144,五万零八除以七,50008 / 7,7
7145,五万十五除以七,50015 / 7,7
7146,九乘七百九十四,9 * 794,7
7147,七乘一千二十一,7 * 1021,7
7148,七千一百四十八,7148,7
7149,七千一百四十九,7149,7
7150,十乘七百十五,10 * 715,6
7151,七千一百五十一,7151,7
7152,八乘八百九十四,8 * 894,7
7153,七千加九乘十七,7000 + 9 * 17,7
7154,七十三乘九十八,73 * 98,7
7155,九乘七百九十五,9 * 795,7
7156,七千一百五十六,7156,7
7157,七千一百五十七,7157,7
7158,七千一百五十八,7158,7
7159,十九立方加三百,19 ³ + 300,7
7160,十乘七百十六,10 * 716,6
7161,七十七乘九十三,77 * 93,7
7162,七千加九乘十八,7000 + 9 * 18,7
7163,七千一百六十三,7163,7
7164,九乘七百九十六,9 * 796,7
7165,七千一百六十五,7165,7
7166,七千一百六十六,7166,7
7167,七千一百六十七,7167,7
7168,十四乘八立方,14 * 8 ³,6
7169,七千加十三平方,7000 + 13 ²,7
7170,十乘七百十七,10 * 717,6
7171,七千加九乘十九,7000 + 9 * 19,7
7172,七千一百七十二,7172,7
7173,九乘七百九十七,9 * 797,7
7174,七千一百七十四,7174,7
7175,七乘半分之二千五十,7 * 2050 / 2,7
7176,七十八乘九十二,78 * 92,7
7177,七千一百七十七,7177,7
7178,七十四乘九十七,74 * 97,7
7179,七千一百七十九,7179,7
7180,十乘七百十八,10 * 718,6
7181,九乘八百减十九,9 * 800 - 19,7
7182,九乘八百减十八,9 * 800 - 18,7
7183,九乘八百减十七,9 * 800 - 17,7
7184,九乘八百减十六,9 * 800 - 16,7
7185,九乘八百减十五,9 * 800 - 15,7
7186,九乘八百减十四,9 * 800 - 14,7
7187,九乘八百减十三,9 * 800 - 13,7
7188,九乘八百减十二,9 * 800 - 12,7
7189,九乘八百减十一,9 * 800 - 11,7
7190,九乘八百减十,9 * 800 - 10,6
7191,九乘八百减九,9 * 800 - 9,6
7192,九乘八百减八,9 * 800 - 8,6
7193,九乘八百减七,9 * 800 - 7,6
7194,九乘八百减六,9 * 800 - 6,6
7195,九乘八百减五,9 * 800 - 5,6
7196,九乘八百减四,9 * 800 - 4,6
7197,九乘八百减三,9 * 800 - 3,6
7198,九乘八百减二,9 * 800 - 2,6
7199,九乘八百减一,9 * 800 - 1,6
7200,九乘八百,9 * 800,4
7201,九乘八百加一,9 * 800 + 1,6
7202,九乘八百加二,9 * 800 + 2,6
7203,九乘八百加三,9 * 800 + 3,6
7204,九乘八百加四,9 * 800 + 4,6
7205,九乘八百加五,9 * 800 + 5,6
7206,九乘八百加六,9 * 800 + 6,6
7207,九乘八百加七,9 * 800 + 7,6
7208,八乘九百零一,8 * 901,6
7209,九乘八百零一,9 * 801,6
7210,七千二百十,7210,5
7211,七千二百十一,7211,6
7212,七千二百十二,7212,6
7213,七千二百十三,7213,6
7214,七千二百十四,7214,6
7215,七千二百十五,7215,6
7216,八乘九百零二,8 * 902,6
7217,七千二百十七,7217,6
7218,九乘八百零二,9 * 802,6
7219,七千二百十九,7219,6
7220,七千二百二十,7220,6
7221,八十五平方减四,85 ² - 4,7
7222,八十五平方减三,85 ² - 3,7
7223,八十五平方减二,85 ² - 2,7
7224,八乘九百零三,8 * 903,6
7225,八十五平方,85 ²,5
7226,八十五平方加一,85 ² + 1,7
7227,九乘八百零三,9 * 803,6
7228,八十五平方加三,85 ² + 3,7
7229,八十五平方加四,85 ² + 4,7
7230,七千二百三十,7230,6
7231,七乘一千三十三,7 * 1033,7
7232,八乘九百零四,8 * 904,6
7233,八十五平方加八,85 ² + 8,7
7234,八十五平方加九,85 ² + 9,7
7235,八十五平方加十,85 ² + 10,7
7236,九乘八百零四,9 * 804,6
7237,七千二百三十七,7237,7
7238,七十七乘九十四,77 * 94,7
7239,七千二百三十九,7239,7
7240,八乘九百零五,8 * 905,6
7241,七千二百四十一,7241,7
7242,七千二百四十二,7242,7
7243,七千二百四十三,7243,7
7244,七千二百四十四,7244,7
7245,九乘八百零五,9 * 805,6
7246,七千二百四十六,7246,7
7247,七千二百四十七,7247,7
7248,八乘九百零六,8 * 906,6
7249,七千二百四十九,7249,7
7250,半分之半分之二万九千,29000 / 2 / 2,6
7251,七千二百五十一,7251,7
7252,七十四乘九十八,74 * 98,7
7253,七千二百五十三,7253,7
7254,九乘八百零六,9 * 806,6
7255,七千加半分之五百十,7000 + 510 / 2,7
7256,八乘九百零七,8 * 907,6
7257,七千二百五十七,7257,7
7258,七千二百五十八,7258,7
7259,七乘一千三十七,7 * 1037,7
7260,七千二百六十,7260,6
7261,七千二百六十一,7261,7
7262,七千二百六十二,7262,7
7263,九乘八百零七,9 * 807,6
7264,八乘九百零八,8 * 908,6
7265,七千二百六十五,7265,7
7266,十四乘五百十九,14 * 519,7
7267,七千二百六十七,7267,7
7268,七十九乘九十二,79 * 92,7
7269,七千二百六十九,7269,7
7270,七千二百七十,7270,6
7271,八千减九立方,8000 - 9 ³,6
7272,九乘八百零八,9 * 808,6
7273,八乘九百十减七,8 * 910 - 7,7
7274,八乘九百十减六,8 * 910 - 6,7
7275,八乘九百十减五,8 * 910 - 5,7
7276,八乘九百十减四,8 * 910 - 4,7
7277,八乘九百十减三,8 * 910 - 3,7
7278,八乘九百十减二,8 * 910 - 2,7
7279,八乘九百十减一,8 * 910 - 1,7
7280,八乘九百十,8 * 910,5
7281,九乘八百零九,9 * 809,6
7282,十乘九立方减八,10 * 9 ³ - 8,7
7283,十乘九立方减七,10 * 9 ³ - 7,7
7284,十乘九立方减六,10 * 9 ³ - 6,7
7285,十乘九立方减五,10 * 9 ³ - 5,7
7286,十乘九立方减四,10 * 9 ³ - 4,7
7287,十乘九立方减三,10 * 9 ³ - 3,7
7288,八乘九百十一,8 * 911,6
7289,十乘九立方减一,10 * 9 ³ - 1,7
7290,十乘九立方,10 * 9 ³,5
7291,七千三百减九,7300 - 9,6
7292,七千三百减八,7300 - 8,6
7293,七千三百减七,7300 - 7,6
7294,七千三百减六,7300 - 6,6
7295,七千三百减五,7300 - 5,6
7296,七千三百减四,7300 - 4,6
7297,七千三百减三,7300 - 3,6
7298,七千三百减二,7300 - 2,6
7299,七千三百减一,7300 - 1,6
7300,七千三百,7300,4
7301,七千三百加一,7300 + 1,6
7302,七千三百加二,7300 + 2,6
7303,七千三百加三,7300 + 3,6
7304,八乘九百十三,8 * 913,6
7305,七千三百加五,7300 + 5,6
7306,七千三百加六,7300 + 6,6
7307,七千三百加七,7300 + 7,6
7308,九乘八百十二,9 * 812,6
7309,七千三百加九,7300 + 9,6
7310,七千三百十,7310,5
7311,七千三百十一,7311,6
7312,八乘九百十四,8 * 914,6
7313,七千三百十三,7313,6
7314,七千三百十四,7314,6
7315,七千三百十五,7315,6
7316,七千三百十六,7316,6
7317,九乘八百十三,9 * 813,6
7318,七千三百十八,7318,6
7319,七千三百十九,7319,6
7320,十二乘六百十,12 * 610,6
7321,七千三百二十一,7321,7
7322,七乘一千四十六,7 * 1046,7
7323,七千三百二十三,7323,7
7324,七千加十八平方,7000 + 18 ²,7
7325,七千三百二十五,7325,7
7326,九乘八百十四,9 * 814,6
7327,七千三百二十七,7327,7
7328,八乘九百十六,8 * 916,6
7329,七乘一千四十七,7 * 1047,7
7330,七千三百三十,7330,6
7331,六千加十一立方,6000 + 11 ³,7
7332,七十八乘九十四,78 * 94,7
7333,七千三百三十三,7333,7
7334,七千三百三十四,7334,7
7335,九乘八百十五,9 * 815,6
7336,八乘九百十七,8 * 917,6
7337,七千三百三十七,7337,7
7338,七千三百三十八,7338,7
7339,七千三百三十九,7339,7
7340,七千三百四十,7340,6
7341,七千三百四十一,7341,7
7342,七千三百四十二,7342,7
7343,七千加七立方,7000 + 7 ³,6
7344,九乘八百十六,9 * 816,6
7345,七千三百四十五,7345,7
7346,七千三百四十六,7346,7
7347,七十九乘九十三,79 * 93,7
7348,七千三百四十八,7348,7
7349,七千三百四十九,7349,7
7350,七乘一千五十,7 * 1050,6
7351,七千三百五十一,7351,7
7352,八乘九百十九,8 * 919,6
7353,九乘八百十七,9 * 817,6
7354,七千三百五十四,7354,7
7355,七千加半分之七百十,7000 + 710 / 2,7
7356,十二乘六百十三,12 * 613,7
7357,七乘一千五十一,7 * 1051,7
7358,七千三百五十八,7358,7
7359,十九立方加五百,19 ³ + 500,7
7360,八十乘九十二,80 * 92,6
7361,七千加十九平方,7000 + 19 ²,7
7362,九乘八百十八,9 * 818,6
7363,七千三百六十三,7363,7
7364,七乘一千五十二,7 * 1052,7
7365,七千三百六十五,7365,7
7366,七千三百六十六,7366,7
7367,七千三百六十七,7367,7
7368,十二乘六百十四,12 * 614,7
7369,七千三百六十九,7369,7
7370,七千三百七十,7370,6
7371,九乘八百十九,9 * 819,6
7372,七十六乘九十七,76 * 97,7
7373,七千三百七十三,7373,7
7374,七千三百七十四,7374,7
7375,半分之半分之半分之五万九千,59000 / 2 / 2 / 2,7
7376,八乘九百二十二,8 * 922,7
7377,七千三百七十七,7377,7
7378,七乘一千五十四,7 * 1054,7
7379,七千三百七十九,7379,7
7380,八十二乘九十,82 * 90,6
7381,七千四百减十九,7400 - 19,7
7382,七千四百减十八,7400 - 18,7
7383,七千四百减十七,7400 - 17,7
7384,七千四百减十六,7400 - 16,7
7385,七千四百减十五,7400 - 15,7
7386,八十六平方减十,86 ² - 10,7
7387,八十六平方减九,86 ² - 9,7
7388,八十六平方减八,86 ² - 8,7
7389,八十六平方减七,86 ² - 7,7
7390,七千四百减十,7400 - 10,6
7391,七千四百减九,7400 - 9,6
7392,七千四百减八,7400 - 8,6
7393,七千四百减七,7400 - 7,6
7394,七千四百减六,7400 - 6,6
7395,七千四百减五,7400 - 5,6
7396,八十六平方,86 ²,5
7397,七千四百减三,7400 - 3,6
7398,七千四百减二,7400 - 2,6
7399,七千四百减一,7400 - 1,6
7400,七千四百,7400,4
7401,七千四百加一,7400 + 1,6
7402,七千四百加二,7400 + 2,6
7403,七千四百加三,7400 + 3,6
7404,七千四百加四,7400 + 4,6
7405,七千四百加五,7400 + 5,6
7406,七千四百加六,7400 + 6,6
7407,七千四百加七,7400 + 7,6
7408,七千四百加八,7400 + 8,6
7409,七千四百加九,7400 + 9,6
7410,七千四百十,7410,5
7411,七千四百十一,7411,6
7412,七千四百十二,7412,6
7413,七千四百十三,7413,6
7414,七千四百十四,7414,6
7415,七千四百十五,7415,6
7416,七千四百十六,7416,6
7417,七千四百十七,7417,6
7418,七千四百十八,7418,6
7419,七千四百十九,7419,6
7420,七乘一千六十,7 * 1060,6
7421,七千四百二十一,7421,7
7422,七千四百二十二,7422,7
7423,七千四百二十三,7423,7
7424,八乘九百二十八,8 * 928,7
7425,七十五乘九十九,75 * 99,7
7426,七十九乘九十四,79 * 94,7
7427,七乘一千六十一,7 * 1061,7
7428,十二乘六百十九,12 * 619,7
7429,七千四百二十九,7429,7
7430,七千四百三十,7430,6
7431,七千四百三十一,7431,7
7432,八乘九百二十九,8 * 929,7
7433,七千四百三十三,7433,7
7434,十八乘四百十三,18 * 413,7
7435,七千四百三十五,7435,7
7436,七千四百三十六,7436,7
7437,七千四百三十七,7437,7
7438,七千四百三十八,7438,7
7439,七千四百三十九,7439,7
7440,八十乘九十三,80 * 93,6
7441,七乘一千六十三,7 * 1063,7
7442,二乘六十一平方,2 * 61 ²,7
7443,九乘八百二十七,9 * 827,7
7444,七千四百四十四,7444,7
7445,七千四百四十五,7445,7
7446,七千四百四十六,7446,7
7447,七千四百四十七,7447,7
7448,七十六乘九十八,76 * 98,7
7449,七千四百四十九,7449,7
7450,七千加半分之九百,7000 + 900 / 2,6
7451,七千四百五十一,7451,7
7452,九平方乘九十二,9 ² * 92,7
7453,七千四百五十三,7453,7
7454,七千四百五十四,7454,7
7455,七乘一千六十五,7 * 1065,7
7456,八乘九百三十二,8 * 932,7
7457,七千四百五十七,7457,7
7458,七千四百五十八,7458,7
7459,十九立方加六百,19 ³ + 600,7
7460,七千四百六十,7460,6
7461,九乘八百二十九,9 * 829,7
7462,八十二乘九十一,82 * 91,7
7463,七千四百六十三,7463,7
7464,八乘九百三十三,8 * 933,7
7465,七千四百六十五,7465,7
7466,七千四百六十六,7466,7
7467,七千四百六十七,7467,7
7468,七千四百六十八,7468,7
7469,七十七乘九十七,77 * 97,7
7470,八十三乘九十,83 * 90,6
7471,七千四百七十一,7471,7
7472,八乘九百三十四,8 * 934,7
7473,七千四百七十三,7473,7
7474,七千四百七十四,7474,7
7475,七千四百七十五,7475,7
7476,八十四乘八十九,84 * 89,7
7477,七千四百七十七,7477,7
7478,七千四百七十八,7478,7
7479,九乘八百三十一,9 * 831,7
7480,七千四百八十,7480,6
7481,半分之半分之三万减十九,30000 / 2 / 2 - 19,7
7482,半分之半分之三万减十八,30000 / 2 / 2 - 18,7
7483,半分之半分之三万减十七,30000 / 2 / 2 - 17,7
7484,半分之半分之三万减十六,30000 / 2 / 2 - 16,7
7485,半分之半分之三万减十五,30000 / 2 / 2 - 15,7
7486,半分之半分之三万减十四,30000 / 2 / 2 - 14,7
7487,半分之半分之三万减十三,30000 / 2 / 2 - 13,7
7488,八千减八立方,8000 - 8 ³,6
7489,半分之半分之三万减十一,30000 / 2 / 2 - 11,7
7490,半分之半分之三万减十,30000 / 2 / 2 - 10,6
7491,半分之半分之三万减九,30000 / 2 / 2 - 9,6
7492,半分之半分之三万减八,30000 / 2 / 2 - 8,6
7493,半分之半分之三万减七,30000 / 2 / 2 - 7,6
7494,半分之半分之三万减六,30000 / 2 / 2 - 6,6
7495,半分之半分之三万减五,30000 / 2 / 2 - 5,6
7496,半分之半分之三万减四,30000 / 2 / 2 - 4,6
7497,半分之半分之三万减三,30000 / 2 / 2 - 3,6
7498,半分之半分之三万减二,30000 / 2 / 2 - 2,6
7499,半分之半分之三万减一,30000 / 2 / 2 - 1,6
7500,半分之半分之三万,30000 / 2 / 2,4
7501,半分之半分之三万零四,30004 / 2 / 2,6
7502,半分之半分之三万零八,30008 / 2 / 2,6
7503,半分之半分之三万十二,30012 / 2 / 2,6
7504,半分之半分之三万十六,30016 / 2 / 2,6
7505,半分之半分之三万二十,30020 / 2 / 2,6
7506,半分之半分之三万加六,30000 / 2 / 2 + 6,6
7507,半分之半分之三万加七,30000 / 2 / 2 + 7,6
7508,半分之半分之三万加八,30000 / 2 / 2 + 8,6
7509,半分之半分之三万加九,30000 / 2 / 2 + 9,6
7510,七千五百十,7510,5
7511,七千五百十一,7511,6
7512,七千加八立方,7000 + 8 ³,6
7513,七千五百十三,7513,6
7514,七千五百十四,7514,6
7515,半分之半分之三万六十,30060 / 2 / 2,6
7516,七千五百十六,7516,6
7517,七千五百十七,7517,6
7518,七千五百十八,7518,6
7519,七千五百十九,7519,6
7520,半分之半分之三万八十,30080 / 2 / 2,6
7521,半分之半分之三万八十四,30084 / 2 / 2,7
7522,半分之半分之三万八十八,30088 / 2 / 2,7
7523,半分之半分之三万九十二,30092 / 2 / 2,7
7524,半分之半分之三万九十六,30096 / 2 / 2,7
7525,半分之半分之三万一百,30100 / 2 / 2,6
7526,七千五百二十六,7526,7
7527,三乘半分之五千十八,3 * 5018 / 2,7
7528,八乘九百四十一,8 * 941,7
7529,七千五百二十九,7529,7
7530,七千五百三十,7530,6
7531,七千五百三十一,7531,7
7532,七乘一千七十六,7 * 1076,7
7533,九平方乘九十三,9 ² * 93,7
7534,七千五百三十四,7534,7
7535,半分之一万五千七十,15070 / 2,7
7536,八乘九百四十二,8 * 942,7
7537,七千五百三十七,7537,7
7538,七千五百三十八,7538,7
7539,七乘一千七十七,7 * 1077,7
7540,七千五百四十,7540,6
7541,七千五百四十一,7541,7
7542,十八乘四百十九,18 * 419,7
7543,七千五百四十三,7543,7
7544,八十二乘九十二,82 * 92,7
7545,半分之一万五千九十,15090 / 2,7
7546,七十七乘九十八,77 * 98,7
7547,七千五百四十七,7547,7
7548,七千五百四十八,7548,7
7549,七千五百四十九,7549,7
7550,半分之半分之三万二百,30200 / 2 / 2,6
7551,九乘八百三十九,9 * 839,7
7552,八乘九百四十四,8 * 944,7
7553,八十三乘九十一,83 * 91,7
7554,七千五百五十四,7554,7
7555,七千五百五十五,7555,7
7556,七千五百五十六,7556,7
7557,七千五百五十七,7557,7
7558,七千五百五十八,7558,7
7559,八十七平方减十,87 ² - 10,7
7560,八十四乘九十,84 * 90,6
7561,八十七平方减八,87 ² - 8,7
7562,八十七平方减七,87 ² - 7,7
7563,八十七平方减六,87 ² - 6,7
7564,八十七平方减五,87 ² - 5,7
7565,八十七平方减四,87 ² - 4,7
7566,八十七平方减三,87 ² - 3,7
7567,八十七平方减二,87 ² - 2,7
7568,八十七平方减一,87 ² - 1,7
7569,八十七平方,87 ²,5
7570,七千五百七十,7570,6
7571,八十七平方加二,87 ² + 2,7
7572,八十七平方加三,87 ² + 3,7
7573,八十七平方加四,87 ² + 4,7
7574,七乘一千八十二,7 * 1082,7
7575,半分之半分之三万三百,30300 / 2 / 2,6
7576,八乘九百四十七,8 * 947,7
7577,八十七平方加八,87 ² + 8,7
7578,九乘八百四十二,9 * 842,7
7579,八十七平方加十,87 ² + 10,7
7580,七千五百八十,7580,6
7581,七千六百减十九,7600 - 19,7
7582,七千六百减十八,7600 - 18,7
7583,七千六百减十七,7600 - 17,7
7584,七千六百减十六,7600 - 16,7
7585,七千六百减十五,7600 - 15,7
7586,七千六百减十四,7600 - 14,7
7587,七千六百减十三,7600 - 13,7
7588,七千六百减十二,7600 - 12,7
7589,七千六百减十一,7600 - 11,7
7590,七千六百减十,7600 - 10,6
7591,七千六百减九,7600 - 9,6
7592,七千六百减八,7600 - 8,6
7593,七千六百减七,7600 - 7,6
7594,七千六百减六,7600 - 6,6
7595,七千六百减五,7600 - 5,6
7596,七千六百减四,7600 - 4,6
7597,七千六百减三,7600 - 3,6
7598,七千六百减二,7600 - 2,6
7599,七千六百减一,7600 - 1,6
7600,七千六百,7600,4
7601,七千六百加一,7600 + 1,6
7602,七千六百加二,7600 + 2,6
7603,七千六百加三,7600 + 3,6
7604,七千六百加四,7600 + 4,6
7605,七千六百加五,7600 + 5,6
7606,七千六百加六,7600 + 6,6
7607,七千六百加七,7600 + 7,6
7608,七千六百加八,7600 + 8,6
7609,七千六百加九,7600 + 9,6
7610,七千六百十,7610,5
7611,七千六百十一,7611,6
7612,七千六百十二,7612,6
7613,七千六百十三,7613,6
7614,七千六百十四,7614,6
7615,七千六百十五,7615,6
7616,七千六百十六,7616,6
7617,七千六百十七,7617,6
7618,七千六百十八,7618,6
7619,七千六百十九,7619,6
7620,七千六百二十,7620,6
7621,七千六百二十一,7621,7
7622,七千六百二十二,7622,7
7623,七十七乘九十九,77 * 99,7
7624,八乘九百五十三,8 * 953,7
7625,半分之半分之三万五百,30500 / 2 / 2,6
7626,八十二乘九十三,82 * 93,7
7627,七千六百二十七,7627,7
7628,七千六百二十八,7628,7
7629,七千六百二十九,7629,7
7630,七乘一千九十,7 * 1090,6
7631,七千六百三十一,7631,7
7632,九乘八百四十八,9 * 848,7
7633,七千六百三十三,7633,7
7634,七千六百三十四,7634,7
7635,十五乘五百零九,15 * 509,7
7636,八十三乘九十二,83 * 92,7
7637,七乘一千九十一,7 * 1091,7
7638,十九乘四百零二,19 * 402,7
7639,八千减十九平方,8000 - 19 ²,7
7640,七千六百四十,7640,6
7641,九乘八百四十九,9 * 849,7
7642,七千六百四十二,7642,7
7643,七千六百四十三,7643,7
7644,八十四乘九十一,84 * 91,7
7645,八千减半分之七百十,8000 - 710 / 2,7
7646,七千六百四十六,7646,7
7647,七千六百四十七,7647,7
7648,八乘九百五十六,8 * 956,7
7649,七千六百四十九,7649,7
7650,半分之半分之三万六百,30600 / 2 / 2,6
7651,七乘一千九十三,7 * 1093,7
7652,七千六百五十二,7652,7
7653,七千六百五十三,7653,7
7654,八十六乘八十九,86 * 89,7
7655,七千六百五十五,7655,7
7656,八十七乘八十八,87 * 88,7
7657,八千减七立方,8000 - 7 ³,6
7658,七乘一千九十四,7 * 1094,7
7659,九乘八百五十一,9 * 851,7
7660,七千六百六十,7660,6
7661,七千六百六十一,7661,7
7662,七千六百六十二,7662,7
7663,七十九乘九十七,79 * 97,7
7664,八乘九百五十八,8 * 958,7
7665,十五乘五百十一,15 * 511,7
7666,七千六百六十六,7666,7
7667,八千十减七立方,8010 - 7 ³,7
7668,九乘八百五十二,9 * 852,7
7669,九千减十一立方,9000 - 11 ³,7
7670,七千六百七十,7670,6
7671,七千六百七十一,7671,7
7672,八乘九百五十九,8 * 959,7
7673,七千六百七十三,7673,7
7674,七千六百七十四,7674,7
7675,半分之半分之三万七百,30700 / 2 / 2,6
7676,八千减十八平方,8000 - 18 ²,7
7677,九乘八百五十三,9 * 853,7
7678,七千六百七十八,7678,7
7679,七乘一千九十七,7 * 1097,7
7680,八十乘九十六,80 * 96,6
7681,七千七百减十九,7700 - 19,7
7682,七千七百减十八,7700 - 18,7
7683,七千七百减十七,7700 - 17,7
7684,七千七百减十六,7700 - 16,7
7685,七千七百减十五,7700 - 15,7
7686,七千七百减十四,7700 - 14,7
7687,七千七百减十三,7700 - 13,7
7688,七千七百减十二,7700 - 12,7
7689,七千七百减十一,7700 - 11,7
7690,七千七百减十,7700 - 10,6
7691,七千七百减九,7700 - 9,6
7692,七千七百减八,7700 - 8,6
7693,七千七百减七,7700 - 7,6
7694,七千七百减六,7700 - 6,6
7695,七千七百减五,7700 - 5,6
7696,七千七百减四,7700 - 4,6
7697,七千七百减三,7700 - 3,6
7698,七千七百减二,7700 - 2,6
7699,七千七百减一,7700 - 1,6
7700,七千七百,7700,4
7701,七千七百加一,7700 + 1,6
7702,七千七百加二,7700 + 2,6
7703,七千七百加三,7700 + 3,6
7704,七千七百加四,7700 + 4,6
7705,七千七百加五,7700 + 5,6
7706,七千七百加六,7700 + 6,6
7707,七千七百加七,7700 + 7,6
7708,七千七百加八,7700 + 8,6
7709,七千七百加九,7700 + 9,6
7710,七千七百十,7710,5
7711,七千七百十一,7711,6
7712,七千七百十二,7712,6
7713,七千七百十三,7713,6
7714,七千七百十四,7714,6
7715,七千七百十五,7715,6
7716,七千七百十六,7716,6
7717,七千七百十七,7717,6
7718,七千七百十八,7718,6
7719,七千七百十九,7719,6
7720,七千七百二十,7720,6
7721,七千七百二十一,7721,7
7722,七十八乘九十九,78 * 99,7
7723,七千七百二十三,7723,7
7724,七千七百二十四,7724,7
7725,半分之半分之三万九百,30900 / 2 / 2,6
7726,七千七百二十六,7726,7
7727,七千七百二十七,7727,7
7728,八十四乘九十二,84 * 92,7
7729,七千加九立方,7000 + 9 ³,6
7730,七千七百三十,7730,6
7731,九乘八百五十九,9 * 859,7
7732,七千七百三十二,7732,7
7733,十九乘四百零七,19 * 407,7
7734,八十八平方减十,88 ² - 10,7
7735,八十八平方减九,88 ² - 9,7
7736,八十八平方减八,88 ² - 8,7
7737,八十八平方减七,88 ² - 7,7
7738,八十八平方减六,88 ² - 6,7
7739,八十八平方减五,88 ² - 5,7
7740,八十六乘九十,86 * 90,6
7741,八十八平方减三,88 ² - 3,7
7742,八十八平方减二,88 ² - 2,7
7743,八十八平方减一,88 ² - 1,7
7744,八十八平方,88 ²,5
7745,八千减半分之五百十,8000 - 510 / 2,7
7746,八十八平方加二,88 ² + 2,7
7747,八十八平方加三,88 ² + 3,7
7748,八十八平方加四,88 ² + 4,7
7749,九乘八百六十一,9 * 861,7
7750,半分之半分之三万一千,31000 / 2 / 2,6
7751,八十八平方加七,88 ² + 7,7
7752,十九乘四百零八,19 * 408,7
7753,八十八平方加九,88 ² + 9,7
7754,八十八平方加十,88 ² + 10,7
7755,十五乘五百十七,15 * 517,7
7756,七千七百五十六,7756,7
7757,七千七百五十七,7757,7
7758,九乘八百六十二,9 * 862,7
7759,十九立方加九百,19 ³ + 900,7
7760,八十乘九十七,80 * 97,6
7761,七千七百六十一,7761,7
7762,七千七百六十二,7762,7
7763,七千七百六十三,7763,7
7764,七千七百六十四,7764,7
7765,七千七百六十五,7765,7
7766,十一乘七百零六,11 * 706,7
7767,九乘八百六十三,9 * 863,7
7768,八乘九百七十一,8 * 971,7
7769,七千七百六十九,7769,7
7770,七千七百七十,7770,6
7771,十九乘四百零九,19 * 409,7
7772,七千七百七十二,7772,7
7773,七千七百七十三,7773,7
7774,七千七百七十四,7774,7
7775,八千减十五平方,8000 - 15 ²,7
7776,九平方乘九十六,9 ² * 96,7
7777,十一乘七百零七,11 * 707,7
7778,七万零二除以九,70002 / 9,7
7779,七万十一除以九,70011 / 9,7
7780,七千七百八十,7780,6
7781,七千八百减十九,7800 - 19,7
7782,七千八百减十八,7800 - 18,7
7783,七千八百减十七,7800 - 17,7
7784,八千减六立方,8000 - 6 ³,6
7785,七千八百减十五,7800 - 15,7
7786,七千八百减十四,7800 - 14,7
7787,七千八百减十三,7800 - 13,7
7788,七千八百减十二,7800 - 12,7
7789,七千八百减十一,7800 - 11,7
7790,七千八百减十,7800 - 10,6
7791,七千八百减九,7800 - 9,6
7792,七千八百减八,7800 - 8,6
7793,七千八百减七,7800 - 7,6
7794,七千八百减六,7800 - 6,6
7795,七千八百减五,7800 - 5,6
7796,七千八百减四,7800 - 4,6
7797,七千八百减三,7800 - 3,6
7798,七千八百减二,7800 - 2,6
7799,七千八百减一,7800 - 1,6
7800,七千八百,7800,4
7801,七千八百加一,7800 + 1,6
7802,七千八百加二,7800 + 2,6
7803,七千八百加三,7800 + 3,6
7804,七千八百加四,7800 + 4,6
7805,七千八百加五,7800 + 5,6
7806,七千八百加六,7800 + 6,6
7807,七千八百加七,7800 + 7,6
7808,七千八百加八,7800 + 8,6
7809,七千八百加九,7800 + 9,6
7810,七千八百十,7810,5
7811,七千八百十一,7811,6
7812,七千八百十二,7812,6
7813,七千八百十三,7813,6
7814,七千八百十四,7814,6
7815,七千八百十五,7815,6
7816,七千八百十六,7816,6
7817,七千八百十七,7817,6
7818,七千八百十八,7818,6
7819,七千八百十九,7819,6
7820,七千八百二十,7820,6
7821,七十九乘九十九,79 * 99,7
7822,七千八百二十二,7822,7
7823,七千八百二十三,7823,7
7824,八乘九百七十八,8 * 978,7
7825,八千减半分之半分之七百,8000 - 700 / 2 / 2,7
7826,八十六乘九十一,86 * 91,7
7827,七千八百二十七,7827,7
7828,十九乘四百十二,19 * 412,7
7829,八千减九乘十九,8000 - 9 * 19,7
7830,八十七乘九十,87 * 90,6
7831,八千减十三平方,8000 - 13 ²,7
7832,八十八乘八十九,88 * 89,7
7833,七千八百三十三,7833,7
7834,七千八百三十四,7834,7
7835,七千八百三十五,7835,7
7836,七千八百三十六,7836,7
7837,七千八百三十七,7837,7
7838,八千减九乘十八,8000 - 9 * 18,7
7839,十三乘六百零三,13 * 603,7
7840,八十乘九十八,80 * 98,6
7841,七千八百四十一,7841,7
7842,七千八百四十二,7842,7
7843,十一乘七百十三,11 * 713,7
7844,七千八百四十四,7844,7
7845,八千减半分之三百十,8000 - 310 / 2,7
7846,七千八百四十六,7846,7
7847,八千减九乘十七,8000 - 9 * 17,7
7848,八千减八乘十九,8000 - 8 * 19,7
7849,七千八百四十九,7849,7
7850,八千减半分之三百,8000 - 300 / 2,6
7851,七千八百五十一,7851,7
7852,十三乘六百零四,13 * 604,7
7853,七千八百五十三,7853,7
7854,十一乘七百十四,11 * 714,7
7855,七千八百五十五,7855,7
7856,八千减十二平方,8000 - 12 ²,7
7857,九平方乘九十七,9 ² * 97,7
7858,七千八百五十八,7858,7
7859,十九立方加一千,19 ³ + 1000,7
7860,七千八百六十,7860,6
7861,七千八百六十一,7861,7
7862,七千八百六十二,7862,7
7863,七千八百六十三,7863,7
7864,八千减八乘十七,8000 - 8 * 17,7
7865,八千减九乘十五,8000 - 9 * 15,7
7866,十九乘四百十四,19 * 414,7
7867,八千减七乘十九,8000 - 7 * 19,7
7868,七千八百六十八,7868,7
7869,七千八百六十九,7869,7
7870,七千八百七十,7870,6
7871,七千八百七十一,7871,7
7872,八千减八乘十六,8000 - 8 * 16,7
7873,七千八百七十三,7873,7
7874,八千减九乘十四,8000 - 9 * 14,7
7875,八千减五立方,8000 - 5 ³,6
7876,十一乘七百十六,11 * 716,7
7877,七千八百七十七,7877,7
7878,十三乘六百零六,13 * 606,7
7879,八千减十一平方,8000 - 11 ²,7
7880,七千八百八十,7880,6
7881,七千九百减十九,7900 - 19,7
7882,七千九百减十八,7900 - 18,7
7883,七千九百减十七,7900 - 17,7
7884,七千九百减十六,7900 - 16,7
7885,七千九百减十五,7900 - 15,7
7886,七千九百减十四,7900 - 14,7
7887,七千九百减十三,7900 - 13,7
7888,七千九百减十二,7900 - 12,7
7889,七千九百减十一,7900 - 11,7
7890,七千九百减十,7900 - 10,6
7891,七千九百减九,7900 - 9,6
7892,七千九百减八,7900 - 8,6
7893,七千九百减七,7900 - 7,6
7894,七千九百减六,7900 - 6,6
7895,七千九百减五,7900 - 5,6
7896,七千九百减四,7900 - 4,6
7897,七千九百减三,7900 - 3,6
7898,七千九百减二,7900 - 2,6
7899,七千九百减一,7900 - 1,6
7900,七千九百,7900,4
7901,八千减九十九,8000 - 99,6
7902,八千减九十八,8000 - 98,6
7903,八千减九十七,8000 - 97,6
7904,八千减九十六,8000 - 96,6
7905,八千减九十五,8000 - 95,6
7906,八千减九十四,8000 - 94,6
7907,八千减九十三,8000 - 93,6
7908,八千减九十二,8000 - 92,6
7909,八千减九十一,8000 - 91,6
7910,八千减九十,8000 - 90,5
7911,八千减八十九,8000 - 89,6
7912,八千减八十八,8000 - 88,6
7913,八千减八十七,8000 - 87,6
7914,八千减八十六,8000 - 86,6
7915,八千减八十五,8000 - 85,6
7916,八千减八十四,8000 - 84,6
7917,八千减八十三,8000 - 83,6
7918,八千减八十二,8000 - 82,6
7919,八千减九平方,8000 - 9 ²,6
7920,八千减八十,8000 - 80,5
7921,八十九平方,89 ²,5
7922,八千减七十八,8000 - 78,6
7923,八千减七十七,8000 - 77,6
7924,八千减七十六,8000 - 76,6
7925,八千减七十五,8000 - 75,6
7926,八千减七十四,8000 - 74,6
7927,八千减七十三,8000 - 73,6
7928,八千减八乘九,8000 - 8 * 9,6
7929,八千减七十一,8000 - 71,6
7930,八千减七十,8000 - 70,5
7931,八千减六十九,8000 - 69,6
7932,八千减六十八,8000 - 68,6
7933,八千减六十七,8000 - 67,6
7934,八千减六十六,8000 - 66,6
7935,八千减六十五,8000 - 65,6
7936,八千减四立方,8000 - 4 ³,6
7937,八千减七乘九,8000 - 7 * 9,6
7938,八千减六十二,8000 - 62,6
7939,八千减六十一,8000 - 61,6
7940,八千减六十,8000 - 60,5
7941,八千减五十九,8000 - 59,6
7942,八千减五十八,8000 - 58,6
7943,八千减五十七,8000 - 57,6
7944,八千减七乘八,8000 - 7 * 8,6
7945,八千减五十五,8000 - 55,6
7946,八千减六乘九,8000 - 6 * 9,6
7947,八千减五十三,8000 - 53,6
7948,八千减五十二,8000 - 52,6
7949,八千减五十一,8000 - 51,6
7950,八千减五十,8000 - 50,5
7951,八千减七平方,8000 - 7 ²,6
7952,八千减六乘八,8000 - 6 * 8,6
7953,八千减四十七,8000 - 47,6
7954,八千减四十六,8000 - 46,6
7955,八千减半分之九十,8000 - 90 / 2,6
7956,八千减四十四,8000 - 44,6
7957,八千减四十三,8000 - 43,6
7958,八千减六乘七,8000 - 6 * 7,6
7959,八千减四十一,8000 - 41,6
7960,八千减四十,8000 - 40,5
7961,八千减三十九,8000 - 39,6
7962,八千减三十八,8000 - 38,6
7963,八千减三十七,8000 - 37,6
7964,八千减六平方,8000 - 6 ²,6
7965,八千减半分之七十,8000 - 70 / 2,6
7966,八千减三十四,8000 - 34,6
7967,八千减三十三,8000 - 33,6
7968,八千减四乘八,8000 - 4 * 8,6
7969,八千减三十一,8000 - 31,6
7970,八千减三十,8000 - 30,5
7971,八千减二十九,8000 - 29,6
7972,八千减四乘七,8000 - 4 * 7,6
7973,八千减三立方,8000 - 3 ³,6
7974,八千减二十六,8000 - 26,6
7975,八千减五平方,8000 - 5 ²,6
7976,八千减四乘六,8000 - 4 * 6,6
7977,八千减二十三,8000 - 23,6
7978,八千减二十二,8000 - 22,6
7979,八千减三乘七,8000 - 3 * 7,6
7980,八千减二十,8000 - 20,5
7981,八千减十九,8000 - 19,5
7982,八千减十八,8000 - 18,5
7983,八千减十七,8000 - 17,5
7984,八千减十六,8000 - 16,5
7985,八千减十五,8000 - 15,5
7986,八千减十四,8000 - 14,5
7987,八千减十三,8000 - 13,5
7988,八千减十二,8000 - 12,5
7989,八千减十一,8000 - 11,5
7990,八千减十,8000 - 10,4
7991,八千减九,8000 - 9,4
7992,八千减八,8000 - 8,4
7993,八千减七,8000 - 7,4
7994,八千减六,8000 - 6,4
7995,八千减五,8000 - 5,4
7996,八千减四,8000 - 4,4
7997,八千减三,8000 - 3,4
7998,八千减二,8000 - 2,4
7999,八千减一,8000 - 1,4
8000,八千,8000,2
8001,八千加一,8000 + 1,4
8002,八千加二,8000 + 2,4
8003,八千加三,8000 + 3,4
8004,八千加四,8000 + 4,4
8005,八千加五,8000 + 5,4
8006,八千加六,8000 + 6,4
8007,八千加七,8000 + 7,4
8008,八千加八,8000 + 8,4
8009,八千加九,8000 + 9,4
8010,八千十,8010,3
8011,八千十一,8011,4
8012,八千十二,8012,4
8013,八千十三,8013,4
8014,八千十四,8014,4
8015,八千十五,8015,4
8016,八千十六,8016,4
8017,八千十七,8017,4
8018,八千十八,8018,4
8019,八千十九,8019,4
8020,八千二十,8020,4
8021,八千二十一,8021,5
8022,八千二十二,8022,5
8023,八千二十三,8023,5
8024,八千二十四,8024,5
8025,八千二十五,8025,5
8026,八千二十六,8026,5
8027,八千二十七,8027,5
8028,八千二十八,8028,5
8029,八千二十九,8029,5
8030,八千三十,8030,4
8031,八千三十一,8031,5
8032,八千三十二,8032,5
8033,八千三十三,8033,5
8034,八千三十四,8034,5
8035,八千三十五,8035,5
8036,八千三十六,8036,5
8037,八千三十七,8037,5
8038,八千三十八,8038,5
8039,八千三十九,8039,5
8040,八千四十,8040,4
8041,八千四十一,8041,5
8042,八千四十二,8042,5
8043,八千四十三,8043,5
8044,八千四十四,8044,5
8045,八千四十五,8045,5
8046,八千四十六,8046,5
8047,八千四十七,8047,5
8048,八千四十八,8048,5
8049,八千四十九,8049,5
8050,八千五十,8050,4
8051,八千五十一,8051,5
8052,八千五十二,8052,5
8053,八千五十三,8053,5
8054,八千五十四,8054,5
8055,八千五十五,8055,5
8056,八千五十六,8056,5
8057,八千五十七,8057,5
8058,八千五十八,8058,5
8059,八千五十九,8059,5
8060,八千六十,8060,4
8061,八千六十一,8061,5
8062,八千六十二,8062,5
8063,八千六十三,8063,5
8064,八千六十四,8064,5
8065,八千六十五,8065,5
8066,八千六十六,8066,5
8067,八千六十七,8067,5
8068,八千六十八,8068,5
8069,八千六十九,8069,5
8070,八千七十,8070,4
8071,八千七十一,8071,5
8072,八千七十二,8072,5
8073,八千七十三,8073,5
8074,八千七十四,8074,5
8075,八千七十五,8075,5
8076,八千七十六,8076,5
8077,八千七十七,8077,5
8078,八千七十八,8078,5
8079,八千七十九,8079,5
8080,八千八十,8080,4
8081,八千八十一,8081,5
8082,八千八十二,8082,5
8083,八千八十三,8083,5
8084,八千八十四,8084,5
8085,八千八十五,8085,5
8086,八千八十六,8086,5
8087,八千八十七,8087,5
8088,八千八十八,8088,5
8089,八千八十九,8089,5
8090,八千九十,8090,4
8091,八千九十一,8091,5
8092,八千九十二,8092,5
8093,八千九十三,8093,5
8094,八千九十四,8094,5
8095,八千九十五,8095,5
8096,八千九十六,8096,5
8097,八千九十七,8097,5
8098,八千九十八,8098,5
8099,八千九十九,8099,5
8100,九十平方,90 ²,4
8101,九十平方加一,90 ² + 1,6
8102,九十平方加二,90 ² + 2,6
8103,九十平方加三,90 ² + 3,6
8104,八乘一千十三,8 * 1013,6
8105,九十平方加五,90 ² + 5,6
8106,九十平方加六,90 ² + 6,6
8107,九十平方加七,90 ² + 7,6
8108,九十平方加八,90 ² + 8,6
8109,九乘九百零一,9 * 901,6
8110,八千一百十,8110,5
8111,八千一百十一,8111,6
8112,八乘一千十四,8 * 1014,6
8113,八千一百十三,8113,6
8114,八千一百十四,8114,6
8115,八千一百十五,8115,6
8116,八千一百十六,8116,6
8117,八千一百十七,8117,6
8118,九乘九百零二,9 * 902,6
8119,八千一百十九,8119,6
8120,十乘八百十二,10 * 812,6
8121,八千加十一平方,8000 + 11 ²,7
8122,二乘四千六十一,2 * 4061,7
8123,八千一百二十三,8123,7
8124,四乘二千三十一,4 * 2031,7
8125,八千加五立方,8000 + 5 ³,6
8126,二乘四千六十三,2 * 4063,7
8127,九乘九百零三,9 * 903,6
8128,八乘一千十六,8 * 1016,6
8129,八千一百二十九,8129,7
8130,十乘八百十三,10 * 813,6
8131,八千一百三十一,8131,7
8132,四乘二千三十三,4 * 2033,7
8133,八千加七乘十九,8000 + 7 * 19,7
8134,八十三乘九十八,83 * 98,7
8135,八千十加五立方,8010 + 5 ³,7
8136,九乘九百零四,9 * 904,6
8137,八千一百三十七,8137,7
8138,二乘四千六十九,2 * 4069,7
8139,八千一百三十九,8139,7
8140,十乘八百十四,10 * 814,6
8141,八千一百四十一,8141,7
8142,二乘四千七十一,2 * 4071,7
8143,八千一百四十三,8143,7
8144,八乘一千十八,8 * 1018,6
8145,九乘九百零五,9 * 905,6
8146,二乘四千七十三,2 * 4073,7
8147,八千一百四十七,8147,7
8148,八十四乘九十七,84 * 97,7
8149,八千一百四十九,8149,7
8150,十乘八百十五,10 * 815,6
8151,八千一百五十一,8151,7
8152,八乘一千十九,8 * 1019,6
8153,八千加九乘十七,8000 + 9 * 17,7
8154,九乘九百零六,9 * 906,6
8155,八千加半分之三百十,8000 + 310 / 2,7
8156,四乘二千三十九,4 * 2039,7
8157,八千一百五十七,8157,7
8158,二乘四千七十九,2 * 4079,7
8159,八千一百五十九,8159,7
8160,十六乘五百十,16 * 510,6
8161,八千一百六十一,8161,7
8162,二乘四千八十一,2 * 4081,7
8163,九乘九百零七,9 * 907,6
8164,四乘二千四十一,4 * 2041,7
8165,八千一百六十五,8165,7
8166,二乘四千八十三,2 * 4083,7
8167,八千一百六十七,8167,7
8168,八乘一千二十一,8 * 1021,7
8169,八千加十三平方,8000 + 13 ²,7
8170,十乘八百十七,10 * 817,6
8171,八千加九乘十九,8000 + 9 * 19,7
8172,九乘九百零八,9 * 908,6
8173,八千一百七十三,8173,7
8174,二乘四千八十七,2 * 4087,7
8175,八千加半分之半分之七百,8000 + 700 / 2 / 2,7
8176,十六乘五百十一,16 * 511,7
8177,八千一百七十七,8177,7
8178,八十七乘九十四,87 * 94,7
8179,八千一百七十九,8179,7
8180,十乘八百十八,10 * 818,6
8181,九乘九百零九,9 * 909,6
8182,九乘九百十减八,9 * 910 - 8,7
8183,九乘九百十减七,9 * 910 - 7,7
8184,九乘九百十减六,9 * 910 - 6,7
8185,九乘九百十减五,9 * 910 - 5,7
8186,九乘九百十减四,9 * 910 - 4,7
8187,九乘九百十减三,9 * 910 - 3,7
8188,九乘九百十减二,9 * 910 - 2,7
8189,九乘九百十减一,9 * 910 - 1,7
8190,九乘九百十,9 * 910,5
8191,八千二百减九,8200 - 9,6
8192,八千二百减八,8200 - 8,6
8193,八千二百减七,8200 - 7,6
8194,八千二百减六,8200 - 6,6
8195,八千二百减五,8200 - 5,6
8196,八千二百减四,8200 - 4,6
8197,八千二百减三,8200 - 3,6
8198,八千二百减二,8200 - 2,6
8199,八千二百减一,8200 - 1,6
8200,八千二百,8200,4
8201,八千二百加一,8200 + 1,6
8202,八千二百加二,8200 + 2,6
8203,八千二百加三,8200 + 3,6
8204,八千二百加四,8200 + 4,6
8205,八千二百加五,8200 + 5,6
8206,八千二百加六,8200 + 6,6
8207,八千二百加七,8200 + 7,6
8208,九乘九百十二,9 * 912,6
8209,八千二百加九,8200 + 9,6
8210,八千二百十,8210,5
8211,八千二百十一,8211,6
8212,八千二百十二,8212,6
8213,八千二百十三,8213,6
8214,八千二百十四,8214,6
8215,八千二百十五,8215,6
8216,八千加六立方,8000 + 6 ³,6
8217,九乘九百十三,9 * 913,6
8218,八千二百十八,8218,6
8219,八千二百十九,8219,6
8220,八千二百二十,8220,6
8221,八千二百二十一,8221,7
8222,八千二百二十二,8222,7
8223,八千二百二十三,8223,7
8224,十六乘五百十四,16 * 514,7
8225,八千加十五平方,8000 + 15 ²,7
8226,九乘九百十四,9 * 914,6
8227,八千二百二十七,8227,7
8228,四乘二千五十七,4 * 2057,7
8229,八千二百二十九,8229,7
8230,八千二百三十,8230,6
8231,八千二百三十一,8231,7
8232,三乘十四立方,3 * 14 ³,6
8233,八千二百三十三,8233,7
8234,八千二百三十四,8234,7
8235,九乘九百十五,9 * 915,6
8236,四乘二千五十九,4 * 2059,7
8237,八千二百三十七,8237,7
8238,八千二百三十八,8238,7
8239,八千二百三十九,8239,7
8240,八乘一千三十,8 * 1030,6
8241,八千二百四十一,8241,7
8242,八千二百四十二,8242,7
8243,八千二百四十三,8243,7
8244,九乘九百十六,9 * 916,6
8245,八十五乘九十七,85 * 97,7
8246,八千二百四十六,8246,7
8247,八千二百四十七,8247,7
8248,八乘一千三十一,8 * 1031,7
8249,八千二百四十九,8249,7
8250,半分之半分之三万三千,33000 / 2 / 2,6
8251,八千二百五十一,8251,7
8252,四乘二千六十三,4 * 2063,7
8253,九乘九百十七,9 * 917,6
8254,八千二百五十四,8254,7
8255,八千加半分之五百十,8000 + 510 / 2,7
8256,八十六乘九十六,86 * 96,7
8257,八千二百五十七,8257,7
8258,八千二百五十八,8258,7
8259,八千二百五十九,8259,7
8260,八千二百六十,8260,6
8261,八千二百六十一,8261,7
8262,九乘九百十八,9 * 918,6
8263,八千二百六十三,8263,7
8264,八乘一千三十三,8 * 1033,7
8265,八十七乘九十五,87 * 95,7
8266,八千二百六十六,8266,7
8267,八千二百六十七,8267,7
8268,四乘二千六十七,4 * 2067,7
8269,八千二百六十九,8269,7
8270,八千二百七十,8270,6
8271,九千减九立方,9000 - 9 ³,6
8272,九十一平方减九,91 ² - 9,7
8273,九十一平方减八,91 ² - 8,7
8274,九十一平方减七,91 ² - 7,7
8275,九十一平方减六,91 ² - 6,7
8276,九十一平方减五,91 ² - 5,7
8277,九十一平方减四,91 ² - 4,7
8278,九十一平方减三,91 ² - 3,7
8279,九十一平方减二,91 ² - 2,7
8280,九十乘九十二,90 * 92,6
8281,九十一平方,91 ²,5
8282,八千三百减十八,8300 - 18,7
8283,八千三百减十七,8300 - 17,7
8284,八千三百减十六,8300 - 16,7
8285,八千三百减十五,8300 - 15,7
8286,八千三百减十四,8300 - 14,7
8287,八千三百减十三,8300 - 13,7
8288,八千三百减十二,8300 - 12,7
8289,八千三百减十一,8300 - 11,7
8290,八千三百减十,8300 - 10,6
8291,八千三百减九,8300 - 9,6
8292,八千三百减八,8300 - 8,6
8293,八千三百减七,8300 - 7,6
8294,八千三百减六,8300 - 6,6
8295,八千三百减五,8300 - 5,6
8296,八千三百减四,8300 - 4,6
8297,八千三百减三,8300 - 3,6
8298,八千三百减二,8300 - 2,6
8299,八千三百减一,8300 - 1,6
8300,八千三百,8300,4
8301,八千三百加一,8300 + 1,6
8302,八千三百加二,8300 + 2,6
8303,八千三百加三,8300 + 3,6
8304,八千三百加四,8300 + 4,6
8305,八千三百加五,8300 + 5,6
8306,八千三百加六,8300 + 6,6
8307,八千三百加七,8300 + 7,6
8308,八千三百加八,8300 + 8,6
8309,八千三百加九,8300 + 9,6
8310,八千三百十,8310,5
8311,八千三百十一,8311,6
8312,八千三百十二,8312,6
8313,八千三百十三,8313,6
8314,八千三百十四,8314,6
8315,八千三百十五,8315,6
8316,八千三百十六,8316,6
8317,八千三百十七,8317,6
8318,八千三百十八,8318,6
8319,八千三百十九,8319,6
8320,八乘一千四十,8 * 1040,6
8321,八千三百二十一,8321,7
8322,八千三百二十二,8322,7
8323,八千三百二十三,8323,7
8324,四乘二千八十一,4 * 2081,7
8325,九乘九百二十五,9 * 925,7
8326,八千三百二十六,8326,7
8327,八千三百二十七,8327,7
8328,八乘一千四十一,8 * 1041,7
8329,八千三百二十九,8329,7
8330,八千三百三十,8330,6
8331,七千加十一立方,7000 + 11 ³,7
8332,四乘二千八十三,4 * 2083,7
8333,八千三百三十三,8333,7
8334,五万零四除以六,50004 / 6,7
8335,五万十除以六,50010 / 6,6
8336,五万十六除以六,50016 / 6,7
8337,八千三百三十七,8337,7
8338,八千三百三十八,8338,7
8339,八千三百三十九,8339,7
8340,八千三百四十,8340,6
8341,八千三百四十一,8341,7
8342,八十六乘九十七,86 * 97,7
8343,八千加七立方,8000 + 7 ³,6
8344,八乘一千四十三,8 * 1043,7
8345,五万七十除以六,50070 / 6,7
8346,八千三百四十六,8346,7
8347,八千三百四十七,8347,7
8348,四乘二千八十七,4 * 2087,7
8349,八千三百四十九,8349,7
8350,八千加半分之七百,8000 + 700 / 2,6
8351,八千三百五十一,8351,7
8352,八十七乘九十六,87 * 96,7
8353,八千十加七立方,8010 + 7 ³,7
8354,八千三百五十四,8354,7
8355,八千加半分之七百十,8000 + 710 / 2,7
8356,四乘二千八十九,4 * 2089,7
8357,八千三百五十七,8357,7
8358,八千三百五十八,8358,7
8359,八千三百五十九,8359,7
8360,四乘二千九十,4 * 2090,6
8361,九乘九百二十九,9 * 929,7
8362,八千三百六十二,8362,7
8363,八千三百六十三,8363,7
8364,四乘二千九十一,4 * 2091,7
8365,八千三百六十五,8365,7
8366,八十九乘九十四,89 * 94,7
8367,八千三百六十七,8367,7
8368,八乘一千四十六,8 * 1046,7
8369,八千三百六十九,8369,7
8370,九十乘九十三,90 * 93,6
8371,八千三百七十一,8371,7
8372,九十一乘九十二,91 * 92,7
8373,八千三百七十三,8373,7
8374,八千三百七十四,8374,7
8375,半分之半分之半分之六万七千,67000 / 2 / 2 / 2,7
8376,八乘一千四十七,8 * 1047,7
8377,八千三百七十七,8377,7
8378,八千三百七十八,8378,7
8379,九乘九百三十一,9 * 931,7
8380,八千三百八十,8380,6
8381,八千四百减十九,8400 - 19,7
8382,八千四百减十八,8400 - 18,7
8383,八千四百减十七,8400 - 17,7
8384,八千四百减十六,8400 - 16,7
8385,八千四百减十五,8400 - 15,7
8386,八千四百减十四,8400 - 14,7
8387,八千四百减十三,8400 - 13,7
8388,八千四百减十二,8400 - 12,7
8389,八千四百减十一,8400 - 11,7
8390,八千四百减十,8400 - 10,6
8391,八千四百减九,8400 - 9,6
8392,八千四百减八,8400 - 8,6
8393,八千四百减七,8400 - 7,6
8394,八千四百减六,8400 - 6,6
8395,八千四百减五,8400 - 5,6
8396,八千四百减四,8400 - 4,6
8397,八千四百减三,8400 - 3,6
8398,八千四百减二,8400 - 2,6
8399,八千四百减一,8400 - 1,6
8400,八千四百,8400,4
8401,八千四百加一,8400 + 1,6
8402,八千四百加二,8400 + 2,6
8403,八千四百加三,8400 + 3,6
8404,八千四百加四,8400 + 4,6
8405,八千四百加五,8400 + 5,6
8406,八千四百加六,8400 + 6,6
8407,八千四百加七,8400 + 7,6
8408,八千四百加八,8400 + 8,6
8409,八千四百加九,8400 + 9,6
8410,八千四百十,8410,5
8411,八千四百十一,8411,6
8412,八千四百十二,8412,6
8413,八千四百十三,8413,6
8414,八千四百十四,8414,6
8415,八千四百十五,8415,6
8416,八千四百十六,8416,6
8417,八千四百十七,8417,6
8418,八千四百十八,8418,6
8419,八千四百十九,8419,6
8420,八千四百二十,8420,6
8421,八千四百二十一,8421,7
8422,八千四百二十二,8422,7
8423,八千四百二十三,8423,7
8424,三十九乘六立方,39 * 6 ³,7
8425,八千四百二十五,8425,7
8426,八千四百二十六,8426,7
8427,三乘五十三平方,3 * 53 ²,7
8428,八十六乘九十八,86 * 98,7
8429,八千四百二十九,8429,7
8430,八千四百三十,8430,6
8431,八千四百三十一,8431,7
8432,八乘一千五十四,8 * 1054,7
8433,九乘九百三十七,9 * 937,7
8434,八千四百三十四,8434,7
8435,八千四百三十五,8435,7
8436,十二乘七百零三,12 * 703,7
8437,八千四百三十七,8437,7
8438,八千四百三十八,8438,7
8439,八十七乘九十七,87 * 97,7
8440,八千四百四十,8440,6
8441,八千四百四十一,8441,7
8442,十四乘六百零三,14 * 603,7
8443,八千四百四十三,8443,7
8444,八千四百四十四,8444,7
8445,八千四百四十五,8445,7
8446,八千四百四十六,8446,7
8447,八千四百四十七,8447,7
8448,八十八乘九十六,88 * 96,7
8449,八千四百四十九,8449,7
8450,八千加半分之九百,8000 + 900 / 2,6
8451,九乘九百三十九,9 * 939,7
8452,八千四百五十二,8452,7
8453,八千四百五十三,8453,7
8454,九十二平方减十,92 ² - 10,7
8455,九十二平方减九,92 ² - 9,7
8456,九十二平方减八,92 ² - 8,7
8457,九十二平方减七,92 ² - 7,7
8458,九十二平方减六,92 ² - 6,7
8459,九十二平方减五,92 ² - 5,7
8460,九十乘九十四,90 * 94,6
8461,九十二平方减三,92 ² - 3,7
8462,九十二平方减二,92 ² - 2,7
8463,九十二平方减一,92 ² - 1,7
8464,九十二平方,92 ²,5
8465,九十二平方加一,92 ² + 1,7
8466,九十二平方加二,92 ² + 2,7
8467,九十二平方加三,92 ² + 3,7
8468,九十二平方加四,92 ² + 4,7
8469,九乘九百四十一,9 * 941,7
8470,八千四百七十,8470,6
8471,九十二平方加七,92 ² + 7,7
8472,十二乘七百零六,12 * 706,7
8473,九十二平方加九,92 ² + 9,7
8474,九十二平方加十,92 ² + 10,7
8475,八千四百七十五,8475,7
8476,八千四百七十六,8476,7
8477,八千四百七十七,8477,7
8478,九乘九百四十二,9 * 942,7
8479,八千四百七十九,8479,7
8480,八乘一千六十,8 * 1060,6
8481,八千五百减十九,8500 - 19,7
8482,八千五百减十八,8500 - 18,7
8483,八千五百减十七,8500 - 17,7
8484,八千五百减十六,8500 - 16,7
8485,八千五百减十五,8500 - 15,7
8486,八千五百减十四,8500 - 14,7
8487,八千五百减十三,8500 - 13,7
8488,九千减八立方,9000 - 8 ³,6
8489,八千五百减十一,8500 - 11,7
8490,八千五百减十,8500 - 10,6
8491,八千五百减九,8500 - 9,6
8492,八千五百减八,8500 - 8,6
8493,八千五百减七,8500 - 7,6
8494,八千五百减六,8500 - 6,6
8495,八千五百减五,8500 - 5,6
8496,八千五百减四,8500 - 4,6
8497,八千五百减三,8500 - 3,6
8498,八千五百减二,8500 - 2,6
8499,八千五百减一,8500 - 1,6
8500,八千五百,8500,4
8501,八千五百加一,8500 + 1,6
8502,八千五百加二,8500 + 2,6
8503,八千五百加三,8500 + 3,6
8504,八千五百加四,8500 + 4,6
8505,半分之一万七千十,17010 / 2,6
8506,八千五百加六,8500 + 6,6
8507,八千五百加七,8500 + 7,6
8508,八千五百加八,8500 + 8,6
8509,八千五百加九,8500 + 9,6
8510,八千五百十,8510,5
8511,八千五百十一,8511,6
8512,八千加八立方,8000 + 8 ³,6
8513,八千五百十三,8513,6
8514,八千五百十四,8514,6
8515,八千五百十五,8515,6
8516,八千五百十六,8516,6
8517,八千五百十七,8517,6
8518,八千五百十八,8518,6
8519,八千五百十九,8519,6
8520,十二乘七百十,12 * 710,6
8521,八千五百二十一,8521,7
8522,八千十加八立方,8010 + 8 ³,7
8523,九乘九百四十七,9 * 947,7
8524,八千五百二十四,8524,7
8525,半分之一万七千五十,17050 / 2,7
8526,八十七乘九十八,87 * 98,7
8527,八千五百二十七,8527,7
8528,八乘一千六十六,8 * 1066,7
8529,八千五百二十九,8529,7
8530,八千五百三十,8530,6
8531,八千五百三十一,8531,7
8532,十二乘七百十一,12 * 711,7
8533,八千五百三十三,8533,7
8534,十七乘五百零二,17 * 502,7
8535,半分之一万七千七十,17070 / 2,7
8536,八十八乘九十七,88 * 97,7
8537,八千五百三十七,8537,7
8538,八千五百三十八,8538,7
8539,八千五百三十九,8539,7
8540,十四乘六百十,14 * 610,6
8541,九乘九百四十九,9 * 949,7
8542,八千五百四十二,8542,7
8543,八千五百四十三,8543,7
8544,八十九乘九十六,89 * 96,7
8545,半分之一万七千九十,17090 / 2,7
8546,八千五百四十六,8546,7
8547,八千五百四十七,8547,7
8548,八千五百四十八,8548,7
8549,八千五百四十九,8549,7
8550,九千减半分之九百,9000 - 900 / 2,6
8551,十七乘五百零三,17 * 503,7
8552,八乘一千六十九,8 * 1069,7
8553,八千五百五十三,8553,7
8554,九十一乘九十四,91 * 94,7
8555,八千五百五十五,8555,7
8556,九十二乘九十三,92 * 93,7
8557,八千五百五十七,8557,7
8558,八千五百五十八,8558,7
8559,九乘九百五十一,9 * 951,7
8560,八乘一千七十,8 * 1070,6
8561,八千五百六十一,8561,7
8562,八千五百六十二,8562,7
8563,八千五百六十三,8563,7
8564,八千五百六十四,8564,7
8565,八千五百六十五,8565,7
8566,八千五百六十六,8566,7
8567,八千五百六十七,8567,7
8568,十七乘五百零四,17 * 504,7
8569,八千五百六十九,8569,7
8570,八千五百七十,8570,6
8571,八千五百七十一,8571,7
8572,六万零四除以七,60004 / 7,7
8573,六万十一除以七,60011 / 7,7
8574,六万十八除以七,60018 / 7,7
8575,五平方乘七立方,5 ² * 7 ³,7
8576,八乘一千七十二,8 * 1072,7
8577,九乘九百五十三,9 * 953,7
8578,八千五百七十八,8578,7
8579,八千五百七十九,8579,7
8580,八千五百八十,8580,6
8581,八千六百减十九,8600 - 19,7
8582,八千六百减十八,8600 - 18,7
8583,八千六百减十七,8600 - 17,7
8584,八千六百减十六,8600 - 16,7
8585,八千六百减十五,8600 - 15,7
8586,八千六百减十四,8600 - 14,7
8587,八千六百减十三,8600 - 13,7
8588,八千六百减十二,8600 - 12,7
8589,八千六百减十一,8600 - 11,7
8590,八千六百减十,8600 - 10,6
8591,八千六百减九,8600 - 9,6
8592,八千六百减八,8600 - 8,6
8593,八千六百减七,8600 - 7,6
8594,八千六百减六,8600 - 6,6
8595,八千六百减五,8600 - 5,6
8596,八千六百减四,8600 - 4,6
8597,八千六百减三,8600 - 3,6
8598,八千六百减二,8600 - 2,6
8599,八千六百减一,8600 - 1,6
8600,八千六百,8600,4
8601,八千六百加一,8600 + 1,6
8602,八千六百加二,8600 + 2,6
8603,八千六百加三,8600 + 3,6
8604,八千六百加四,8600 + 4,6
8605,八千六百加五,8600 + 5,6
8606,八千六百加六,8600 + 6,6
8607,八千六百加七,8600 + 7,6
8608,八千六百加八,8600 + 8,6
8609,八千六百加九,8600 + 9,6
8610,八千六百十,8610,5
8611,八千六百十一,8611,6
8612,八千六百十二,8612,6
8613,八千六百十三,8613,6
8614,八千六百十四,8614,6
8615,八千六百十五,8615,6
8616,八千六百十六,8616,6
8617,八千六百十七,8617,6
8618,八千六百十八,8618,6
8619,八千六百十九,8619,6
8620,八千六百二十,8620,6
8621,八千六百二十一,8621,7
8622,九乘九百五十八,9 * 958,7
8623,八千六百二十三,8623,7
8624,八十八乘九十八,88 * 98,7
8625,半分之半分之半分之六万九千,69000 / 2 / 2 / 2,7
8626,八千六百二十六,8626,7
8627,八千六百二十七,8627,7
8628,十二乘七百十九,12 * 719,7
8629,八千六百二十九,8629,7
8630,八千六百三十,8630,6
8631,九乘九百五十九,9 * 959,7
8632,八乘一千七十九,8 * 1079,7
8633,八十九乘九十七,89 * 97,7
8634,八千六百三十四,8634,7
8635,八千六百三十五,8635,7
8636,十七乘五百零八,17 * 508,7
8637,八千六百三十七,8637,7
8638,十四乘六百十七,14 * 617,7
8639,九十三平方减十,93 ² - 10,7
8640,九十乘九十六,90 * 96,6
8641,九十三平方减八,93 ² - 8,7
8642,九十三平方减七,93 ² - 7,7
8643,九十三平方减六,93 ² - 6,7
8644,九十三平方减五,93 ² - 5,7
8645,九十三平方减四,93 ² - 4,7
8646,九十三平方减三,93 ² - 3,7
8647,九十三平方减二,93 ² - 2,7
8648,九十三平方减一,93 ² - 1,7
8649,九十三平方,93 ²,5
8650,九千减半分之七百,9000 - 700 / 2,6
8651,九十三平方加二,93 ² + 2,7
8652,十四乘六百十八,14 * 618,7
8653,十七乘五百零九,17 * 509,7
8654,九十三平方加五,93 ² + 5,7
8655,九十三平方加六,93 ² + 6,7
8656,八乘一千八十二,8 * 1082,7
8657,九千减七立方,9000 - 7 ³,6
8658,九乘九百六十二,9 * 962,7
8659,九十三平方加十,93 ² + 10,7
8660,八千六百六十,8660,6
8661,八千六百六十一,8661,7
8662,八千六百六十二,8662,7
8663,八千六百六十三,8663,7
8664,八乘一千八十三,8 * 1083,7
8665,八千六百六十五,8665,7
8666,十四乘六百十九,14 * 619,7
8667,九千十减七立方,9010 - 7 ³,7
8668,八千六百六十八,8668,7
8669,一万减十一立方,10000 - 11 ³,7
8670,十七乘五百十,17 * 510,6
8671,八千六百七十一,8671,7
8672,八乘一千八十四,8 * 1084,7
8673,八千六百七十三,8673,7
8674,八千六百七十四,8674,7
8675,八千六百七十五,8675,7
8676,九千减十八平方,9000 - 18 ²,7
8677,八千六百七十七,8677,7
8678,八千六百七十八,8678,7
8679,八千六百七十九,8679,7
8680,八千六百八十,8680,6
8681,八千七百减十九,8700 - 19,7
8682,八千七百减十八,8700 - 18,7
8683,八千七百减十七,8700 - 17,7
8684,八千七百减十六,8700 - 16,7
8685,八千七百减十五,8700 - 15,7
8686,八千七百减十四,8700 - 14,7
8687,八千七百减十三,8700 - 13,7
8688,八千七百减十二,8700 - 12,7
8689,八千七百减十一,8700 - 11,7
8690,八千七百减十,8700 - 10,6
8691,八千七百减九,8700 - 9,6
8692,八千七百减八,8700 - 8,6
8693,八千七百减七,8700 - 7,6
8694,八千七百减六,8700 - 6,6
8695,八千七百减五,8700 - 5,6
8696,八千七百减四,8700 - 4,6
8697,八千七百减三,8700 - 3,6
8698,八千七百减二,8700 - 2,6
8699,八千七百减一,8700 - 1,6
8700,八千七百,8700,4
8701,八千七百加一,8700 + 1,6
8702,八千七百加二,8700 + 2,6
8703,八千七百加三,8700 + 3,6
8704,十七乘八立方,17 * 8 ³,6
8705,八千七百加五,8700 + 5,6
8706,八千七百加六,8700 + 6,6
8707,八千七百加七,8700 + 7,6
8708,八千七百加八,8700 + 8,6
8709,八千七百加九,8700 + 9,6
8710,八千七百十,8710,5
8711,八千七百十一,8711,6
8712,八千七百十二,8712,6
8713,八千七百十三,8713,6
8714,八千七百十四,8714,6
8715,八千七百十五,8715,6
8716,八千七百十六,8716,6
8717,八千七百十七,8717,6
8718,八千七百十八,8718,6
8719,八千七百十九,8719,6
8720,八乘一千九十,8 * 1090,6
8721,十七乘五百十三,17 * 513,7
8722,八十九乘九十八,89 * 98,7
8723,八千七百二十三,8723,7
8724,八千七百二十四,8724,7
8725,八千七百二十五,8725,7
8726,八千七百二十六,8726,7
8727,八千七百二十七,8727,7
8728,八乘一千九十一,8 * 1091,7
8729,八千加九立方,8000 + 9 ³,6
8730,九十乘九十七,90 * 97,6
8731,八千七百三十一,8731,7
8732,八千七百三十二,8732,7
8733,八千七百三十三,8733,7
8734,八千七百三十四,8734,7
8735,八千七百三十五,8735,7
8736,九十一乘九十六,91 * 96,7
8737,八千七百三十七,8737,7
8738,十七乘五百十四,17 * 514,7
8739,九乘九百七十一,9 * 971,7
8740,八千七百四十,8740,6
8741,半分之半分之半分之七万减九,70000 / 2 / 2 / 2 - 9,7
8742,半分之半分之半分之七万减八,70000 / 2 / 2 / 2 - 8,7
8743,半分之半分之半分之七万减七,70000 / 2 / 2 / 2 - 7,7
8744,半分之半分之半分之七万减六,70000 / 2 / 2 / 2 - 6,7
8745,半分之半分之半分之七万减五,70000 / 2 / 2 / 2 - 5,7
8746,半分之半分之半分之七万减四,70000 / 2 / 2 / 2 - 4,7
8747,半分之半分之半分之七万减三,70000 / 2 / 2 / 2 - 3,7
8748,十二乘九立方,12 * 9 ³,6
8749,半分之半分之半分之七万减一,70000 / 2 / 2 / 2 - 1,7
8750,半分之半分之半分之七万,70000 / 2 / 2 / 2,5
8751,半分之半分之半分之七万零八,70008 / 2 / 2 / 2,7
8752,半分之半分之半分之七万十六,70016 / 2 / 2 / 2,7
8753,半分之半分之半分之七万加三,70000 / 2 / 2 / 2 + 3,7
8754,半分之半分之半分之七万加四,70000 / 2 / 2 / 2 + 4,7
8755,半分之半分之半分之七万四十,70040 / 2 / 2 / 2,7
8756,半分之半分之半分之七万加六,70000 / 2 / 2 / 2 + 6,7
8757,九乘九百七十三,9 * 973,7
8758,半分之半分之半分之七万加八,70000 / 2 / 2 / 2 + 8,7
8759,半分之半分之半分之七万加九,70000 / 2 / 2 / 2 + 9,7
8760,八千七百六十,8760,6
8761,八千七百六十一,8761,7
8762,八千七百六十二,8762,7
8763,八千七百六十三,8763,7
8764,八千七百六十四,8764,7
8765,八千七百六十五,8765,7
8766,九乘九百七十四,9 * 974,7
8767,八千七百六十七,8767,7
8768,八乘一千九十六,8 * 1096,7
8769,八千七百六十九,8769,7
8770,八千七百七十,8770,6
8771,八千七百七十一,8771,7
8772,十七乘五百十六,17 * 516,7
8773,八千七百七十三,8773,7
8774,八千七百七十四,8774,7
8775,半分之半分之半分之七万二百,70200 / 2 / 2 / 2,7
8776,八乘一千九十七,8 * 1097,7
8777,八千七百七十七,8777,7
8778,八千七百七十八,8778,7
8779,八千七百七十九,8779,7
8780,八千七百八十,8780,6
8781,八千八百减十九,8800 - 19,7
8782,八千八百减十八,8800 - 18,7
8783,八千八百减十七,8800 - 17,7
8784,九千减六立方,9000 - 6 ³,6
8785,八千八百减十五,8800 - 15,7
8786,八千八百减十四,8800 - 14,7
8787,八千八百减十三,8800 - 13,7
8788,半分之二十六立方,26 ³ / 2,6
8789,八千八百减十一,8800 - 11,7
8790,八千八百减十,8800 - 10,6
8791,八千八百减九,8800 - 9,6
8792,八千八百减八,8800 - 8,6
8793,八千八百减七,8800 - 7,6
8794,八千八百减六,8800 - 6,6
8795,八千八百减五,8800 - 5,6
8796,八千八百减四,8800 - 4,6
8797,八千八百减三,8800 - 3,6
8798,八千八百减二,8800 - 2,6
8799,八千八百减一,8800 - 1,6
8800,八千八百,8800,4
8801,八千八百加一,8800 + 1,6
8802,八千八百加二,8800 + 2,6
8803,八千八百加三,8800 + 3,6
8804,八千八百加四,8800 + 4,6
8805,八千八百加五,8800 + 5,6
8806,八千八百加六,8800 + 6,6
8807,八千八百加七,8800 + 7,6
8808,八千八百加八,8800 + 8,6
8809,八千八百加九,8800 + 9,6
8810,八千八百十,8810,5
8811,八千八百十一,8811,6
8812,八千八百十二,8812,6
8813,八千八百十三,8813,6
8814,八千八百十四,8814,6
8815,八千八百十五,8815,6
8816,八千八百十六,8816,6
8817,八千八百十七,8817,6
8818,八千八百十八,8818,6
8819,八千八百十九,8819,6
8820,九十乘九十八,90 * 98,6
8821,八千八百二十一,8821,7
8822,十一乘八百零二,11 * 802,7
8823,十七乘五百十九,17 * 519,7
8824,八千八百二十四,8824,7
8825,半分之半分之半分之七万六百,70600 / 2 / 2 / 2,7
8826,九十四平方减十,94 ² - 10,7
8827,九十四平方减九,94 ² - 9,7
8828,九十四平方减八,94 ² - 8,7
8829,九十四平方减七,94 ² - 7,7
8830,八千八百三十,8830,6
8831,九十四平方减五,94 ² - 5,7
8832,九十四平方减四,94 ² - 4,7
8833,九十四平方减三,94 ² - 3,7
8834,九十四平方减二,94 ² - 2,7
8835,九十四平方减一,94 ² - 1,7
8836,九十四平方,94 ²,5
8837,九十四平方加一,94 ² + 1,7
8838,九千减九乘十八,9000 - 9 * 18,7
8839,九十四平方加三,94 ² + 3,7
8840,八千八百四十,8840,6
8841,九十四平方加五,94 ² + 5,7
8842,九十四平方加六,94 ² + 6,7
8843,九十四平方加七,94 ² + 7,7
8844,十一乘八百零四,11 * 804,7
8845,九千减半分之三百十,9000 - 310 / 2,7
8846,九十四平方加十,94 ² + 10,7
8847,九千减九乘十七,9000 - 9 * 17,7
8848,九千减八乘十九,9000 - 8 * 19,7
8849,八千八百四十九,8849,7
8850,九千减半分之三百,9000 - 300 / 2,6
8851,八千八百五十一,8851,7
8852,八千八百五十二,8852,7
8853,八千八百五十三,8853,7
8854,八千八百五十四,8854,7
8855,十一乘八百零五,11 * 805,7
8856,九千减十二平方,9000 - 12 ²,7
8857,八千八百五十七,8857,7
8858,八千八百五十八,8858,7
8859,十九立方加二千,19 ³ + 2000,7
8860,八千八百六十,8860,6
8861,八千八百六十一,8861,7
8862,八千八百六十二,8862,7
8863,八千八百六十三,8863,7
8864,九千减八乘十七,9000 - 8 * 17,7
8865,九千减九乘十五,9000 - 9 * 15,7
8866,十一乘八百零六,11 * 806,7
8867,九千减七乘十九,9000 - 7 * 19,7
8868,八千八百六十八,8868,7
8869,八千八百六十九,8869,7
8870,八千八百七十,8870,6
8871,八千八百七十一,8871,7
8872,九千减八乘十六,9000 - 8 * 16,7
8873,八千八百七十三,8873,7
8874,九千减九乘十四,9000 - 9 * 14,7
8875,九千减五立方,9000 - 5 ³,6
8876,八千八百七十六,8876,7
8877,十一乘八百零七,11 * 807,7
8878,八千八百七十八,8878,7
8879,九千减十一平方,9000 - 11 ²,7
8880,八千八百八十,8880,6
8881,八千九百减十九,8900 - 19,7
8882,八千九百减十八,8900 - 18,7
8883,八千九百减十七,8900 - 17,7
8884,八千九百减十六,8900 - 16,7
8885,八千九百减十五,8900 - 15,7
8886,八千九百减十四,8900 - 14,7
8887,八千九百减十三,8900 - 13,7
8888,八千九百减十二,8900 - 12,7
8889,八万零一除以九,80001 / 9,7
8890,八万十除以九,80010 / 9,6
8891,八千九百减九,8900 - 9,6
8892,八千九百减八,8900 - 8,6
8893,八千九百减七,8900 - 7,6
8894,八千九百减六,8900 - 6,6
8895,八千九百减五,8900 - 5,6
8896,八千九百减四,8900 - 4,6
8897,八千九百减三,8900 - 3,6
8898,八千九百减二,8900 - 2,6
8899,八千九百减一,8900 - 1,6
8900,八千九百,8900,4
8901,九千减九十九,9000 - 99,6
8902,九千减九十八,9000 - 98,6
8903,九千减九十七,9000 - 97,6
8904,九千减九十六,9000 - 96,6
8905,九千减九十五,9000 - 95,6
8906,九千减九十四,9000 - 94,6
8907,九千减九十三,9000 - 93,6
8908,九千减九十二,9000 - 92,6
8909,九千减九十一,9000 - 91,6
8910,九千减九十,9000 - 90,5
8911,九千减八十九,9000 - 89,6
8912,九千减八十八,9000 - 88,6
8913,九千减八十七,9000 - 87,6
8914,九千减八十六,9000 - 86,6
8915,九千减八十五,9000 - 85,6
8916,九千减八十四,9000 - 84,6
8917,九千减八十三,9000 - 83,6
8918,九千减八十二,9000 - 82,6
8919,九千减九平方,9000 - 9 ²,6
8920,九千减八十,9000 - 80,5
8921,九千减七十九,9000 - 79,6
8922,九千减七十八,9000 - 78,6
8923,九千减七十七,9000 - 77,6
8924,九千减七十六,9000 - 76,6
8925,九千减七十五,9000 - 75,6
8926,九千减七十四,9000 - 74,6
8927,九千减七十三,9000 - 73,6
8928,九千减八乘九,9000 - 8 * 9,6
8929,九千减七十一,9000 - 71,6
8930,九千减七十,9000 - 70,5
8931,九千减六十九,9000 - 69,6
8932,九千减六十八,9000 - 68,6
8933,九千减六十七,9000 - 67,6
8934,九千减六十六,9000 - 66,6
8935,九千减六十五,9000 - 65,6
8936,九千减四立方,9000 - 4 ³,6
8937,九千减七乘九,9000 - 7 * 9,6
8938,九千减六十二,9000 - 62,6
8939,九千减六十一,9000 - 61,6
8940,九千减六十,9000 - 60,5
8941,九千减五十九,9000 - 59,6
8942,九千减五十八,9000 - 58,6
8943,九千减五十七,9000 - 57,6
8944,九千减七乘八,9000 - 7 * 8,6
8945,九千减五十五,9000 - 55,6
8946,九千减六乘九,9000 - 6 * 9,6
8947,九千减五十三,9000 - 53,6
8948,九千减五十二,9000 - 52,6
8949,九千减五十一,9000 - 51,6
8950,九千减五十,9000 - 50,5
8951,九千减七平方,9000 - 7 ²,6
8952,九千减六乘八,9000 - 6 * 8,6
8953,九千减四十七,9000 - 47,6
8954,九千减四十六,9000 - 46,6
8955,九千减半分之九十,9000 - 90 / 2,6
8956,九千减四十四,9000 - 44,6
8957,九千减四十三,9000 - 43,6
8958,九千减六乘七,9000 - 6 * 7,6
8959,九千减四十一,9000 - 41,6
8960,九千减四十,9000 - 40,5
8961,九千减三十九,9000 - 39,6
8962,九千减三十八,9000 - 38,6
8963,九千减三十七,9000 - 37,6
8964,九千减六平方,9000 - 6 ²,6
8965,九千减半分之七十,9000 - 70 / 2,6
8966,九千减三十四,9000 - 34,6
8967,九千减三十三,9000 - 33,6
8968,九千减四乘八,9000 - 4 * 8,6
8969,九千减三十一,9000 - 31,6
8970,九千减三十,9000 - 30,5
8971,九千减二十九,9000 - 29,6
8972,九千减四乘七,9000 - 4 * 7,6
8973,九千减三立方,9000 - 3 ³,6
8974,九千减二十六,9000 - 26,6
8975,九千减五平方,9000 - 5 ²,6
8976,九千减四乘六,9000 - 4 * 6,6
8977,九千减二十三,9000 - 23,6
8978,九千减二十二,9000 - 22,6
8979,九千减三乘七,9000 - 3 * 7,6
8980,九千减二十,9000 - 20,5
8981,九千减十九,9000 - 19,5
8982,九千减十八,9000 - 18,5
8983,九千减十七,9000 - 17,5
8984,九千减十六,9000 - 16,5
8985,九千减十五,9000 - 15,5
8986,九千减十四,9000 - 14,5
8987,九千减十三,9000 - 13,5
8988,九千减十二,9000 - 12,5
8989,九千减十一,9000 - 11,5
8990,九千减十,9000 - 10,4
8991,九千减九,9000 - 9,4
8992,九千减八,9000 - 8,4
8993,九千减七,9000 - 7,4
8994,九千减六,9000 - 6,4
8995,九千减五,9000 - 5,4
8996,九千减四,9000 - 4,4
8997,九千减三,9000 - 3,4
8998,九千减二,9000 - 2,4
8999,九千减一,9000 - 1,4
9000,九千,9000,2
9001,九千加一,9000 + 1,4
9002,九千加二,9000 + 2,4
9003,九千加三,9000 + 3,4
9004,九千加四,9000 + 4,4
9005,九千加五,9000 + 5,4
9006,九千加六,9000 + 6,4
9007,九千加七,9000 + 7,4
9008,九千加八,9000 + 8,4
9009,九千加九,9000 + 9,4
9010,九千十,9010,3
9011,九千十一,9011,4
9012,九千十二,9012,4
9013,九千十三,9013,4
9014,九千十四,9014,4
9015,九千十五,9015,4
9016,九千十六,9016,4
9017,九千十七,9017,4
9018,九千十八,9018,4
9019,九千十九,9019,4
9020,九千二十,9020,4
9021,九千二十一,9021,5
9022,九千二十二,9022,5
9023,九千二十三,9023,5
9024,九千二十四,9024,5
9025,九十五平方,95 ²,5
9026,九千二十六,9026,5
9027,九千二十七,9027,5
9028,九千二十八,9028,5
9029,九千二十九,9029,5
9030,九千三十,9030,4
9031,九千三十一,9031,5
9032,九千三十二,9032,5
9033,九千三十三,9033,5
9034,九千三十四,9034,5
9035,九千三十五,9035,5
9036,九千三十六,9036,5
9037,九千三十七,9037,5
9038,九千三十八,9038,5
9039,九千三十九,9039,5
9040,九千四十,9040,4
9041,九千四十一,9041,5
9042,九千四十二,9042,5
9043,九千四十三,9043,5
9044,九千四十四,9044,5
9045,九千四十五,9045,5
9046,九千四十六,9046,5
9047,九千四十七,9047,5
9048,九千四十八,9048,5
9049,九千四十九,9049,5
9050,九千五十,9050,4
9051,九千五十一,9051,5
9052,九千五十二,9052,5
9053,九千五十三,9053,5
9054,九千五十四,9054,5
9055,九千五十五,9055,5
9056,九千五十六,9056,5
9057,九千五十七,9057,5
9058,九千五十八,9058,5
9059,九千五十九,9059,5
9060,九千六十,9060,4
9061,九千六十一,9061,5
9062,九千六十二,9062,5
9063,九千六十三,9063,5
9064,九千六十四,9064,5
9065,九千六十五,9065,5
9066,九千六十六,9066,5
9067,九千六十七,9067,5
9068,九千六十八,9068,5
9069,九千六十九,9069,5
9070,九千七十,9070,4
9071,九千七十一,9071,5
9072,九千七十二,9072,5
9073,九千七十三,9073,5
9074,九千七十四,9074,5
9075,九千七十五,9075,5
9076,九千七十六,9076,5
9077,九千七十七,9077,5
9078,九千七十八,9078,5
9079,九千七十九,9079,5
9080,九千八十,9080,4
9081,九千八十一,9081,5
9082,九千八十二,9082,5
9083,九千八十三,9083,5
9084,九千八十四,9084,5
9085,九千八十五,9085,5
9086,九千八十六,9086,5
9087,九千八十七,9087,5
9088,九千八十八,9088,5
9089,九千八十九,9089,5
9090,九千九十,9090,4
9091,九千九十一,9091,5
9092,九千九十二,9092,5
9093,九千九十三,9093,5
9094,九千九十四,9094,5
9095,九千九十五,9095,5
9096,九千九十六,9096,5
9097,九千九十七,9097,5
9098,九千九十八,9098,5
9099,九千九十九,9099,5
9100,九千一百,9100,4
9101,九千一百加一,9100 + 1,6
9102,九千一百加二,9100 + 2,6
9103,九千一百加三,9100 + 3,6
9104,九千一百加四,9100 + 4,6
9105,九千一百加五,9100 + 5,6
9106,九千一百加六,9100 + 6,6
9107,九千一百加七,9100 + 7,6
9108,九乘一千十二,9 * 1012,6
9109,九千一百加九,9100 + 9,6
9110,九千一百十,9110,5
9111,九千一百十一,9111,6
9112,九千一百十二,9112,6
9113,九千一百十三,9113,6
9114,九千一百十四,9114,6
9115,九千一百十五,9115,6
9116,九千一百十六,9116,6
9117,九乘一千十三,9 * 1013,6
9118,九千一百十八,9118,6
9119,九千一百十九,9119,6
9120,十乘九百十二,10 * 912,6
9121,九千加十一平方,9000 + 11 ²,7
9122,九千一百二十二,9122,7
9123,三乘三千四十一,3 * 3041,7
9124,九千一百二十四,9124,7
9125,九千加五立方,9000 + 5 ³,6
9126,九乘一千十四,9 * 1014,6
9127,九千一百二十七,9127,7
9128,九千加八乘十六,9000 + 8 * 16,7
9129,三乘三千四十三,3 * 3043,7
9130,十乘九百十三,10 * 913,6
9131,九千一百三十一,9131,7
9132,三乘三千四十四,3 * 3044,7
9133,九千加七乘十九,9000 + 7 * 19,7
9134,九千一百三十四,9134,7
9135,九乘一千十五,9 * 1015,6
9136,九千加八乘十七,9000 + 8 * 17,7
9137,九千一百三十七,9137,7
9138,三乘三千四十六,3 * 3046,7
9139,十三乘七百零三,13 * 703,7
9140,十乘九百十四,10 * 914,6
9141,三乘三千四十七,3 * 3047,7
9142,九千一百四十二,9142,7
9143,九千一百四十三,9143,7
9144,九乘一千十六,9 * 1016,6
9145,九千一百四十五,9145,7
9146,九千一百四十六,9146,7
9147,三乘三千四十九,3 * 3049,7
9148,九千一百四十八,9148,7
9149,九千一百四十九,9149,7
9150,十五乘六百十,15 * 610,6
9151,九千一百五十一,9151,7
9152,十三乘七百零四,13 * 704,7
9153,九乘一千十七,9 * 1017,6
9154,九千一百五十四,9154,7
9155,九千加半分之三百十,9000 + 310 / 2,7
9156,三乘三千五十二,3 * 3052,7
9157,九千一百五十七,9157,7
9158,九千一百五十八,9158,7
9159,三乘三千五十三,3 * 3053,7
9160,十乘九百十六,10 * 916,6
9161,九千一百六十一,9161,7
9162,九乘一千十八,9 * 1018,6
9163,九千一百六十三,9163,7
9164,九千一百六十四,9164,7
9165,十五乘六百十一,15 * 611,7
9166,九千一百六十六,9166,7
9167,九千一百六十七,9167,7
9168,三乘三千五十六,3 * 3056,7
9169,九千加十三平方,9000 + 13 ²,7
9170,十乘九百十七,10 * 917,6
9171,九乘一千十九,9 * 1019,6
9172,九千一百七十二,9172,7
9173,九千一百七十三,9173,7
9174,三乘三千五十八,3 * 3058,7
9175,九千加半分之半分之七百,9000 + 700 / 2 / 2,7
9176,九千一百七十六,9176,7
9177,三乘三千五十九,3 * 3059,7
9178,十三乘七百零六,13 * 706,7
9179,九千一百七十九,9179,7
9180,十八乘五百十,18 * 510,6
9181,九千二百减十九,9200 - 19,7
9182,九千二百减十八,9200 - 18,7
9183,九千二百减十七,9200 - 17,7
9184,九千二百减十六,9200 - 16,7
9185,九千二百减十五,9200 - 15,7
9186,九千二百减十四,9200 - 14,7
9187,九千二百减十三,9200 - 13,7
9188,九千二百减十二,9200 - 12,7
9189,九千二百减十一,9200 - 11,7
9190,九千二百减十,9200 - 10,6
9191,九千二百减九,9200 - 9,6
9192,九千二百减八,9200 - 8,6
9193,九千二百减七,9200 - 7,6
9194,九千二百减六,9200 - 6,6
9195,九千二百减五,9200 - 5,6
9196,九千二百减四,9200 - 4,6
9197,九千二百减三,9200 - 3,6
9198,九千二百减二,9200 - 2,6
9199,九千二百减一,9200 - 1,6
9200,九千二百,9200,4
9201,九千二百加一,9200 + 1,6
9202,九千二百加二,9200 + 2,6
9203,九千二百加三,9200 + 3,6
9204,九千二百加四,9200 + 4,6
9205,九千二百加五,9200 + 5,6
9206,九千二百加六,9200 + 6,6
9207,九千二百加七,9200 + 7,6
9208,九千二百加八,9200 + 8,6
9209,九千二百加九,9200 + 9,6
9210,九千二百十,9210,5
9211,九千二百十一,9211,6
9212,九千二百十二,9212,6
9213,九千二百十三,9213,6
9214,九千二百十四,9214,6
9215,九千二百十五,9215,6
9216,九十六平方,96 ²,5
9217,九千二百十七,9217,6
9218,九千二百十八,9218,6
9219,九千二百十九,9219,6
9220,九千二百二十,9220,6
9221,九十六平方加五,96 ² + 5,7
9222,三乘三千七十四,3 * 3074,7
9223,九十六平方加七,96 ² + 7,7
9224,九十六平方加八,96 ² + 8,7
9225,十五乘六百十五,15 * 615,7
9226,九十六平方加十,96 ² + 10,7
9227,九千二百二十七,9227,7
9228,三乘三千七十六,3 * 3076,7
9229,九千二百二十九,9229,7
9230,十三乘七百十,13 * 710,6
9231,三乘三千七十七,3 * 3077,7
9232,九千二百三十二,9232,7
9233,九千二百三十三,9233,7
9234,十八乘五百十三,18 * 513,7
9235,九千二百三十五,9235,7
9236,九千二百三十六,9236,7
9237,三乘三千七十九,3 * 3079,7
9238,九千二百三十八,9238,7
9239,九千二百三十九,9239,7
9240,三乘三千八十,3 * 3080,6
9241,九千二百四十一,9241,7
9242,九千二百四十二,9242,7
9243,十三乘七百十一,13 * 711,7
9244,九千二百四十四,9244,7
9245,五乘四十三平方,5 * 43 ²,7
9246,三乘三千八十二,3 * 3082,7
9247,九千二百四十七,9247,7
9248,八乘三十四平方,8 * 34 ²,7
9249,三乘三千八十三,3 * 3083,7
9250,半分之半分之三万七千,37000 / 2 / 2,6
9251,二十一立方减十,21 ³ - 10,7
9252,二十一立方减九,21 ³ - 9,7
9253,二十一立方减八,21 ³ - 8,7
9254,二十一立方减七,21 ³ - 7,7
9255,二十一立方减六,21 ³ - 6,7
9256,二十一立方减五,21 ³ - 5,7
9257,二十一立方减四,21 ³ - 4,7
9258,二十一立方减三,21 ³ - 3,7
9259,二十一立方减二,21 ³ - 2,7
9260,九千二百六十,9260,6
9261,二十一立方,21 ³,5
9262,二十一立方加一,21 ³ + 1,7
9263,二十一立方加二,21 ³ + 2,7
9264,三乘三千八十八,3 * 3088,7
9265,二十一立方加四,21 ³ + 4,7
9266,二十一立方加五,21 ³ + 5,7
9267,三乘三千八十九,3 * 3089,7
9268,二十一立方加七,21 ³ + 7,7
9269,十三乘七百十三,13 * 713,7
9270,九乘一千三十,9 * 1030,6
9271,一万减九立方,10000 - 9 ³,6
9272,九千二百七十二,9272,7
9273,三乘三千九十一,3 * 3091,7
9274,九千二百七十四,9274,7
9275,九千二百七十五,9275,7
9276,三乘三千九十二,3 * 3092,7
9277,九千二百七十七,9277,7
9278,九千二百七十八,9278,7
9279,九乘一千三十一,9 * 1031,7
9280,九千二百八十,9280,6
9281,九千三百减十九,9300 - 19,7
9282,九千三百减十八,9300 - 18,7
9283,九千三百减十七,9300 - 17,7
9284,九千三百减十六,9300 - 16,7
9285,九千三百减十五,9300 - 15,7
9286,九千三百减十四,9300 - 14,7
9287,九千三百减十三,9300 - 13,7
9288,九千三百减十二,9300 - 12,7
9289,九千三百减十一,9300 - 11,7
9290,九千三百减十,9300 - 10,6
9291,九千三百减九,9300 - 9,6
9292,九千三百减八,9300 - 8,6
9293,九千三百减七,9300 - 7,6
9294,九千三百减六,9300 - 6,6
9295,九千三百减五,9300 - 5,6
9296,九千三百减四,9300 - 4,6
9297,九千三百减三,9300 - 3,6
9298,九千三百减二,9300 - 2,6
9299,九千三百减一,9300 - 1,6
9300,九千三百,9300,4
9301,九千三百加一,9300 + 1,6
9302,九千三百加二,9300 + 2,6
9303,九千三百加三,9300 + 3,6
9304,九千三百加四,9300 + 4,6
9305,九千三百加五,9300 + 5,6
9306,九千三百加六,9300 + 6,6
9307,九千三百加七,9300 + 7,6
9308,九千三百加八,9300 + 8,6
9309,九千三百加九,9300 + 9,6
9310,九千三百十,9310,5
9311,九千三百十一,9311,6
9312,九千三百十二,9312,6
9313,九千三百十三,9313,6
9314,九千三百十四,9314,6
9315,九千三百十五,9315,6
9316,九千三百十六,9316,6
9317,七乘十一立方,7 * 11 ³,6
9318,九千三百十八,9318,6
9319,九千三百十九,9319,6
9320,九千三百二十,9320,6
9321,十三乘七百十七,13 * 717,7
9322,九千三百二十二,9322,7
9323,九千三百二十三,9323,7
9324,十八乘五百十八,18 * 518,7
9325,九千三百二十五,9325,7
9326,九千三百二十六,9326,7
9327,九千三百二十七,9327,7
9328,九千三百二十八,9328,7
9329,九千三百二十九,9329,7
9330,九千三百三十,9330,6
9331,八千加十一立方,8000 + 11 ³,7
9332,九千三百三十二,9332,7
9333,九乘一千三十七,9 * 1037,7
9334,十三乘七百十八,13 * 718,7
9335,九千三百三十五,9335,7
9336,九千三百三十六,9336,7
9337,九千三百三十七,9337,7
9338,九千三百三十八,9338,7
9339,九千三百三十九,9339,7
9340,九千三百四十,9340,6
9341,九千三百四十一,9341,7
9342,十八乘五百十九,18 * 519,7
9343,九千加七立方,9000 + 7 ³,6
9344,九千三百四十四,9344,7
9345,九千三百四十五,9345,7
9346,九千三百四十六,9346,7
9347,十三乘七百十九,13 * 719,7
9348,九千三百四十八,9348,7
9349,九千三百四十九,9349,7
9350,九千加半分之七百,9000 + 700 / 2,6
9351,九乘一千三十九,9 * 1039,7
9352,九千三百五十二,9352,7
9353,九千十加七立方,9010 + 7 ³,7
9354,九千三百五十四,9354,7
9355,九千加半分之七百十,9000 + 710 / 2,7
9356,九千三百五十六,9356,7
9357,九千三百五十七,9357,7
9358,九千三百五十八,9358,7
9359,九千三百五十九,9359,7
9360,九乘一千四十,9 * 1040,6
9361,九千加十九平方,9000 + 19 ²,7
9362,九千三百六十二,9362,7
9363,九千三百六十三,9363,7
9364,九千三百六十四,9364,7
9365,九千三百六十五,9365,7
9366,九千三百六十六,9366,7
9367,九千三百六十七,9367,7
9368,九千三百六十八,9368,7
9369,九乘一千四十一,9 * 1041,7
9370,九千三百七十,9370,6
9371,九千三百七十一,9371,7
9372,九千三百七十二,9372,7
9373,九千三百七十三,9373,7
9374,九千三百七十四,9374,7
9375,半分之半分之半分之七万五千,75000 / 2 / 2 / 2,7
9376,九千三百七十六,9376,7
9377,九千三百七十七,9377,7
9378,九乘一千四十二,9 * 1042,7
9379,九千三百七十九,9379,7
9380,九千三百八十,9380,6
9381,九千四百减十九,9400 - 19,7
9382,九千四百减十八,9400 - 18,7
9383,九千四百减十七,9400 - 17,7
9384,九千四百减十六,9400 - 16,7
9385,九千四百减十五,9400 - 15,7
9386,九千四百减十四,9400 - 14,7
9387,九千四百减十三,9400 - 13,7
9388,九千四百减十二,9400 - 12,7
9389,九千四百减十一,9400 - 11,7
9390,九千四百减十,9400 - 10,6
9391,九千四百减九,9400 - 9,6
9392,九千四百减八,9400 - 8,6
9393,九千四百减七,9400 - 7,6
9394,九千四百减六,9400 - 6,6
9395,九千四百减五,9400 - 5,6
9396,九千四百减四,9400 - 4,6
9397,九千四百减三,9400 - 3,6
9398,九千四百减二,9400 - 2,6
9399,九千四百减一,9400 - 1,6
9400,九千四百,9400,4
9401,九千四百加一,9400 + 1,6
9402,九千四百加二,9400 + 2,6
9403,九千四百加三,9400 + 3,6
9404,九千四百加四,9400 + 4,6
9405,九千四百加五,9400 + 5,6
9406,九千四百加六,9400 + 6,6
9407,九千四百加七,9400 + 7,6
9408,九千四百加八,9400 + 8,6
9409,九十七平方,97 ²,5
9410,九千四百十,9410,5
9411,九千四百十一,9411,6
9412,九千四百十二,9412,6
9413,九千四百十三,9413,6
9414,九千四百十四,9414,6
9415,九千四百十五,9415,6
9416,九千四百十六,9416,6
9417,九千四百十七,9417,6
9418,九千四百十八,9418,6
9419,九千四百十九,9419,6
9420,九千四百二十,9420,6
9421,九千四百二十一,9421,7
9422,九千四百二十二,9422,7
9423,九乘一千四十七,9 * 1047,7
9424,九千四百二十四,9424,7
9425,九千四百二十五,9425,7
9426,九千四百二十六,9426,7
9427,九千四百二十七,9427,7
9428,九千四百二十八,9428,7
9429,九千四百二十九,9429,7
9430,九千四百三十,9430,6
9431,九千四百三十一,9431,7
9432,九乘一千四十八,9 * 1048,7
9433,九千四百三十三,9433,7
9434,九千四百三十四,9434,7
9435,九千四百三十五,9435,7
9436,九千四百三十六,9436,7
9437,九千四百三十七,9437,7
9438,九千四百三十八,9438,7
9439,九千四百三十九,9439,7
9440,九千四百四十,9440,6
9441,九乘一千四十九,9 * 1049,7
9442,九千四百四十二,9442,7
9443,九千四百四十三,9443,7
9444,九千四百四十四,9444,7
9445,九千四百四十五,9445,7
9446,九千四百四十六,9446,7
9447,九千四百四十七,9447,7
9448,九千四百四十八,9448,7
9449,九千四百四十九,9449,7
9450,九乘一千五十,9 * 1050,6
9451,九千四百五十一,9451,7
9452,九千四百五十二,9452,7
9453,九千四百五十三,9453,7
9454,九千四百五十四,9454,7
9455,九千加半分之九百十,9000 + 910 / 2,7
9456,九千四百五十六,9456,7
9457,九千四百五十七,9457,7
9458,九千四百五十八,9458,7
9459,九乘一千五十一,9 * 1051,7
9460,九千四百六十,9460,6
9461,九千四百六十一,9461,7
9462,九千四百六十二,9462,7
9463,九千四百六十三,9463,7
9464,九千四百六十四,9464,7
9465,九千四百六十五,9465,7
9466,九千四百六十六,9466,7
9467,九千四百六十七,9467,7
9468,九乘一千五十二,9 * 1052,7
9469,九千四百六十九,9469,7
9470,九千四百七十,9470,6
9471,九千四百七十一,9471,7
9472,九千四百七十二,9472,7
9473,九千四百七十三,9473,7
9474,九千四百七十四,9474,7
9475,九千四百七十五,9475,7
9476,九千四百七十六,9476,7
9477,十三乘九立方,13 * 9 ³,6
9478,九千四百七十八,9478,7
9479,九千四百七十九,9479,7
9480,九千四百八十,9480,6
9481,九千五百减十九,9500 - 19,7
9482,九千五百减十八,9500 - 18,7
9483,九千五百减十七,9500 - 17,7
9484,九千五百减十六,9500 - 16,7
9485,九千五百减十五,9500 - 15,7
9486,九千五百减十四,9500 - 14,7
9487,九千五百减十三,9500 - 13,7
9488,一万减八立方,10000 - 8 ³,6
9489,九千五百减十一,9500 - 11,7
9490,九千五百减十,9500 - 10,6
9491,九千五百减九,9500 - 9,6
9492,九千五百减八,9500 - 8,6
9493,九千五百减七,9500 - 7,6
9494,九千五百减六,9500 - 6,6
9495,九千五百减五,9500 - 5,6
9496,九千五百减四,9500 - 4,6
9497,九千五百减三,9500 - 3,6
9498,九千五百减二,9500 - 2,6
9499,九千五百减一,9500 - 1,6
9500,九千五百,9500,4
9501,九千五百加一,9500 + 1,6
9502,九千五百加二,9500 + 2,6
9503,九千五百加三,9500 + 3,6
9504,九千五百加四,9500 + 4,6
9505,半分之一万九千十,19010 / 2,6
9506,九千五百加六,9500 + 6,6
9507,九千五百加七,9500 + 7,6
9508,九千五百加八,9500 + 8,6
9509,九千五百加九,9500 + 9,6
9510,九千五百十,9510,5
9511,九千五百十一,9511,6
9512,九千加八立方,9000 + 8 ³,6
9513,九千五百十三,9513,6
9514,九千五百十四,9514,6
9515,九千五百十五,9515,6
9516,九千五百十六,9516,6
9517,九千五百十七,9517,6
9518,九千五百十八,9518,6
9519,九千五百十九,9519,6
9520,九千五百二十,9520,6
9521,九千五百二十一,9521,7
9522,九乘一千五十八,9 * 1058,7
9523,九千五百二十三,9523,7
9524,九千五百二十四,9524,7
9525,半分之一万九千五十,19050 / 2,7
9526,九千五百二十六,9526,7
9527,九千五百二十七,9527,7
9528,九千五百二十八,9528,7
9529,九千五百二十九,9529,7
9530,九千五百三十,9530,6
9531,九乘一千五十九,9 * 1059,7
9532,九千五百三十二,9532,7
9533,九千五百三十三,9533,7
9534,九千五百三十四,9534,7
9535,半分之一万九千七十,19070 / 2,7
9536,九千五百三十六,9536,7
9537,九千五百三十七,9537,7
9538,十九乘五百零二,19 * 502,7
9539,九千五百三十九,9539,7
9540,九乘一千六十,9 * 1060,6
9541,九千五百四十一,9541,7
9542,九千五百四十二,9542,7
9543,九千五百四十三,9543,7
9544,九千五百四十四,9544,7
9545,半分之一万九千九十,19090 / 2,7
9546,九千五百四十六,9546,7
9547,九千五百四十七,9547,7
9548,九千五百四十八,9548,7
9549,九乘一千六十一,9 * 1061,7
9550,一万减半分之九百,10000 - 900 / 2,6
9551,九千五百五十一,9551,7
9552,九千五百五十二,9552,7
9553,九千五百五十三,9553,7
9554,九千五百五十四,9554,7
9555,九千五百五十五,9555,7
9556,九千五百五十六,9556,7
9557,十九乘五百零三,19 * 503,7
9558,九乘一千六十二,9 * 1062,7
9559,九千五百五十九,9559,7
9560,九千五百六十,9560,6
9561,九千五百六十一,9561,7
9562,九千五百六十二,9562,7
9563,九千五百六十三,9563,7
9564,九千五百六十四,9564,7
9565,九千五百六十五,9565,7
9566,九千五百六十六,9566,7
9567,九乘一千六十三,9 * 1063,7
9568,九千五百六十八,9568,7
9569,九千五百六十九,9569,7
9570,九千五百七十,9570,6
9571,九千五百七十一,9571,7
9572,九千五百七十二,9572,7
9573,九千五百七十三,9573,7
9574,九千五百七十四,9574,7
9575,九千五百七十五,9575,7
9576,十九乘五百零四,19 * 504,7
9577,九千五百七十七,9577,7
9578,九千五百七十八,9578,7
9579,九千五百七十九,9579,7
9580,九千五百八十,9580,6
9581,九千六百减十九,9600 - 19,7
9582,九千六百减十八,9600 - 18,7
9583,九千六百减十七,9600 - 17,7
9584,九千六百减十六,9600 - 16,7
9585,九千六百减十五,9600 - 15,7
9586,九千六百减十四,9600 - 14,7
9587,九千六百减十三,9600 - 13,7
9588,九千六百减十二,9600 - 12,7
9589,九千六百减十一,9600 - 11,7
9590,九千六百减十,9600 - 10,6
9591,九千六百减九,9600 - 9,6
9592,九千六百减八,9600 - 8,6
9593,九千六百减七,9600 - 7,6
9594,九千六百减六,9600 - 6,6
9595,九千六百减五,9600 - 5,6
9596,九千六百减四,9600 - 4,6
9597,九千六百减三,9600 - 3,6
9598,九千六百减二,9600 - 2,6
9599,九千六百减一,9600 - 1,6
9600,九千六百,9600,4
9601,九千六百加一,9600 + 1,6
9602,九千六百加二,9600 + 2,6
9603,九千六百加三,9600 + 3,6
9604,九十八平方,98 ²,5
9605,九千六百加五,9600 + 5,6
9606,九千六百加六,9600 + 6,6
9607,九千六百加七,9600 + 7,6
9608,九千六百加八,9600 + 8,6
9609,九千六百加九,9600 + 9,6
9610,九千六百十,9610,5
9611,九千六百十一,9611,6
9612,九千六百十二,9612,6
9613,九千六百十三,9613,6
9614,九千六百十四,9614,6
9615,九千六百十五,9615,6
9616,九千六百十六,9616,6
9617,九千六百十七,9617,6
9618,九千六百十八,9618,6
9619,九千六百十九,9619,6
9620,九千六百二十,9620,6
9621,九乘一千六十九,9 * 1069,7
9622,九千六百二十二,9622,7
9623,九千六百二十三,9623,7
9624,十二乘八百零二,12 * 802,7
9625,半分之半分之半分之七万七千,77000 / 2 / 2 / 2,7
9626,九千六百二十六,9626,7
9627,九千六百二十七,9627,7
9628,九千六百二十八,9628,7
9629,九千六百二十九,9629,7
9630,九乘一千七十,9 * 1070,6
9631,九千六百三十一,9631,7
9632,十六乘六百零二,16 * 602,7
9633,十九乘五百零七,19 * 507,7
9634,九千六百三十四,9634,7
9635,九千六百三十五,9635,7
9636,十二乘八百零三,12 * 803,7
9637,九千六百三十七,9637,7
9638,九千六百三十八,9638,7
9639,一万减十九平方,10000 - 19 ²,7
9640,九千六百四十,9640,6
9641,九千六百四十一,9641,7
9642,九千六百四十二,9642,7
9643,九千六百四十三,9643,7
9644,九千六百四十四,9644,7
9645,一万减半分之七百十,10000 - 710 / 2,7
9646,九千六百四十六,9646,7
9647,九千六百四十七,9647,7
9648,十六乘六百零三,16 * 603,7
9649,九千六百四十九,9649,7
9650,一万减半分之七百,10000 - 700 / 2,6
9651,九千六百五十一,9651,7
9652,十九乘五百零八,19 * 508,7
9653,九千六百五十三,9653,7
9654,九千六百五十四,9654,7
9655,九千六百五十五,9655,7
9656,九千六百五十六,9656,7
9657,一万减七立方,10000 - 7 ³,6
9658,九千六百五十八,9658,7
9659,九千六百五十九,9659,7
9660,九千六百六十,9660,6
9661,九千六百六十一,9661,7
9662,九千六百六十二,9662,7
9663,九千六百六十三,9663,7
9664,十六乘六百零四,16 * 604,7
9665,九千六百六十五,9665,7
9666,九乘一千七十四,9 * 1074,7
9667,一万十减七立方,10010 - 7 ³,7
9668,九千六百六十八,9668,7
9669,九千六百六十九,9669,7
9670,九千六百七十,9670,6
9671,十九乘五百零九,19 * 509,7
9672,十二乘八百零六,12 * 806,7
9673,九千六百七十三,9673,7
9674,九千六百七十四,9674,7
9675,九乘一千七十五,9 * 1075,7
9676,一万减十八平方,10000 - 18 ²,7
9677,九千六百七十七,9677,7
9678,九千六百七十八,9678,7
9679,九千六百七十九,9679,7
9680,九千六百八十,9680,6
9681,九千七百减十九,9700 - 19,7
9682,九千七百减十八,9700 - 18,7
9683,九千七百减十七,9700 - 17,7
9684,九千七百减十六,9700 - 16,7
9685,九千七百减十五,9700 - 15,7
9686,九千七百减十四,9700 - 14,7
9687,九千七百减十三,9700 - 13,7
9688,九千七百减十二,9700 - 12,7
9689,九千七百减十一,9700 - 11,7
9690,九千七百减十,9700 - 10,6
9691,九千七百减九,9700 - 9,6
9692,九千七百减八,9700 - 8,6
9693,九千七百减七,9700 - 7,6
9694,九千七百减六,9700 - 6,6
9695,九千七百减五,9700 - 5,6
9696,九千七百减四,9700 - 4,6
9697,九千七百减三,9700 - 3,6
9698,九千七百减二,9700 - 2,6
9699,九千七百减一,9700 - 1,6
9700,九千七百,9700,4
9701,九千七百加一,9700 + 1,6
9702,九千七百加二,9700 + 2,6
9703,九千七百加三,9700 + 3,6
9704,九千七百加四,9700 + 4,6
9705,九千七百加五,9700 + 5,6
9706,九千七百加六,9700 + 6,6
9707,九千七百加七,9700 + 7,6
9708,九千七百加八,9700 + 8,6
9709,九千七百加九,9700 + 9,6
9710,九千七百十,9710,5
9711,九千七百十一,9711,6
9712,九千七百十二,9712,6
9713,九千七百十三,9713,6
9714,九千七百十四,9714,6
9715,九千七百十五,9715,6
9716,九千七百十六,9716,6
9717,九千七百十七,9717,6
9718,九千七百十八,9718,6
9719,九千七百十九,9719,6
9720,十二乘八百十,12 * 810,6
9721,九千七百二十一,9721,7
9722,九千七百二十二,9722,7
9723,九千七百二十三,9723,7
9724,九千七百二十四,9724,7
9725,九千七百二十五,9725,7
9726,九千七百二十六,9726,7
9727,九千七百二十七,9727,7
9728,十九乘八立方,19 * 8 ³,6
9729,九千加九立方,9000 + 9 ³,6
9730,九千七百三十,9730,6
9731,九千七百三十一,9731,7
9732,十二乘八百十一,12 * 811,7
9733,九千七百三十三,9733,7
9734,九千七百三十四,9734,7
9735,九千七百三十五,9735,7
9736,九千七百三十六,9736,7
9737,九千七百三十七,9737,7
9738,九乘一千八十二,9 * 1082,7
9739,九千十加九立方,9010 + 9 ³,7
9740,九千七百四十,9740,6
9741,九千七百四十一,9741,7
9742,九千七百四十二,9742,7
9743,九千七百四十三,9743,7
9744,一万减十六平方,10000 - 16 ²,7
9745,一万减半分之五百十,10000 - 510 / 2,7
9746,九千七百四十六,9746,7
9747,十九乘五百十三,19 * 513,7
9748,九千七百四十八,9748,7
9749,九千七百四十九,9749,7
9750,半分之半分之三万九千,39000 / 2 / 2,6
9751,九千七百五十一,9751,7
9752,九千七百五十二,9752,7
9753,九千七百五十三,9753,7
9754,九千七百五十四,9754,7
9755,九千七百五十五,9755,7
9756,十二乘八百十三,12 * 813,7
9757,九千七百五十七,9757,7
9758,九千七百五十八,9758,7
9759,九千七百五十九,9759,7
9760,十六乘六百十,16 * 610,6
9761,九千七百六十一,9761,7
9762,九千七百六十二,9762,7
9763,九千七百六十三,9763,7
9764,九千七百六十四,9764,7
9765,九乘一千八十五,9 * 1085,7
9766,十九乘五百十四,19 * 514,7
9767,九千七百六十七,9767,7
9768,十二乘八百十四,12 * 814,7
9769,九千七百六十九,9769,7
9770,九千七百七十,9770,6
9771,九千七百七十一,9771,7
9772,九千七百七十二,9772,7
9773,九千七百七十三,9773,7
9774,九乘一千八十六,9 * 1086,7
9775,一万减十五平方,10000 - 15 ²,7
9776,十六乘六百十一,16 * 611,7
9777,九千七百七十七,9777,7
9778,九千七百七十八,9778,7
9779,九千七百七十九,9779,7
9780,九千七百八十,9780,6
9781,九千八百减十九,9800 - 19,7
9782,九千八百减十八,9800 - 18,7
9783,九千八百减十七,9800 - 17,7
9784,一万减六立方,10000 - 6 ³,6
9785,九千八百减十五,9800 - 15,7
9786,九千八百减十四,9800 - 14,7
9787,九千八百减十三,9800 - 13,7
9788,九千八百减十二,9800 - 12,7
9789,九千八百减十一,9800 - 11,7
9790,九千八百减十,9800 - 10,6
9791,九千八百减九,9800 - 9,6
9792,九千八百减八,9800 - 8,6
9793,九千八百减七,9800 - 7,6
9794,九千八百减六,9800 - 6,6
9795,九千八百减五,9800 - 5,6
9796,九千八百减四,9800 - 4,6
9797,九千八百减三,9800 - 3,6
9798,九千八百减二,9800 - 2,6
9799,九千八百减一,9800 - 1,6
9800,九千八百,9800,4
9801,九十九平方,99 ²,5
9802,九千八百加二,9800 + 2,6
9803,九千八百加三,9800 + 3,6
9804,九千八百加四,9800 + 4,6
9805,九千八百加五,9800 + 5,6
9806,九千八百加六,9800 + 6,6
9807,九千八百加七,9800 + 7,6
9808,九千八百加八,9800 + 8,6
9809,九千八百加九,9800 + 9,6
9810,九千八百十,9810,5
9811,九千八百十一,9811,6
9812,九千八百十二,9812,6
9813,九千八百十三,9813,6
9814,九千八百十四,9814,6
9815,九千八百十五,9815,6
9816,九千八百十六,9816,6
9817,九千八百十七,9817,6
9818,九千八百十八,9818,6
9819,九千八百十九,9819,6
9820,九千八百二十,9820,6
9821,九千八百二十一,9821,7
9822,九千八百二十二,9822,7
9823,十九乘五百十七,19 * 517,7
9824,十六乘六百十四,16 * 614,7
9825,一万减半分之半分之七百,10000 - 700 / 2 / 2,7
9826,二乘十七立方,2 * 17 ³,6
9827,九千八百二十七,9827,7
9828,十四乘七百零二,14 * 702,7
9829,一万减九乘十九,10000 - 9 * 19,7
9830,九千八百三十,9830,6
9831,一万减十三平方,10000 - 13 ²,7
9832,十八立方加四千,18 ³ + 4000,7
9833,九千八百三十三,9833,7
9834,九千八百三十四,9834,7
9835,九千八百三十五,9835,7
9836,九千八百三十六,9836,7
9837,九乘一千九十三,9 * 1093,7
9838,一万减九乘十八,10000 - 9 * 18,7
9839,九千八百三十九,9839,7
9840,九千八百四十,9840,6
9841,九千八百四十一,9841,7
9842,十九乘五百十八,19 * 518,7
9843,九千八百四十三,9843,7
9844,九千八百四十四,9844,7
9845,一万减半分之三百十,10000 - 310 / 2,7
9846,九乘一千九十四,9 * 1094,7
9847,一万减九乘十七,10000 - 9 * 17,7
9848,一万减八乘十九,10000 - 8 * 19,7
9849,九千八百四十九,9849,7
9850,一万减半分之三百,10000 - 300 / 2,6
9851,九千八百五十一,9851,7
9852,九千八百五十二,9852,7
9853,九千八百五十三,9853,7
9854,九千八百五十四,9854,7
9855,九乘一千九十五,9 * 1095,7
9856,一万减十二平方,10000 - 12 ²,7
9857,九千八百五十七,9857,7
9858,九千八百五十八,9858,7
9859,十九立方加三千,19 ³ + 3000,7
9860,九千八百六十,9860,6
9861,十九乘五百十九,19 * 519,7
9862,九千八百六十二,9862,7
9863,九千八百六十三,9863,7
9864,一万减八乘十七,10000 - 8 * 17,7
9865,一万减九乘十五,10000 - 9 * 15,7
9866,九千八百六十六,9866,7
9867,一万减七乘十九,10000 - 7 * 19,7
9868,九千八百六十八,9868,7
9869,九千八百六十九,9869,7
9870,九千八百七十,9870,6
9871,九千八百七十一,9871,7
9872,一万减八乘十六,10000 - 8 * 16,7
9873,九乘一千九十七,9 * 1097,7
9874,一万减九乘十四,10000 - 9 * 14,7
9875,一万减五立方,10000 - 5 ³,6
9876,九千八百七十六,9876,7
9877,九千八百七十七,9877,7
9878,九千八百七十八,9878,7
9879,一万减十一平方,10000 - 11 ²,7
9880,九千八百八十,9880,6
9881,九千九百减十九,9900 - 19,7
9882,九千九百减十八,9900 - 18,7
9883,九千九百减十七,9900 - 17,7
9884,九千九百减十六,9900 - 16,7
9885,九千九百减十五,9900 - 15,7
9886,九千九百减十四,9900 - 14,7
9887,九千九百减十三,9900 - 13,7
9888,九千九百减十二,9900 - 12,7
9889,九千九百减十一,9900 - 11,7
9890,九千九百减十,9900 - 10,6
9891,九千九百减九,9900 - 9,6
9892,九千九百减八,9900 - 8,6
9893,九千九百减七,9900 - 7,6
9894,九千九百减六,9900 - 6,6
9895,九千九百减五,9900 - 5,6
9896,九千九百减四,9900 - 4,6
9897,九千九百减三,9900 - 3,6
9898,九千九百减二,9900 - 2,6
9899,九千九百减一,9900 - 1,6
9900,九千九百,9900,4
9901,一万减九十九,10000 - 99,6
9902,一万减九十八,10000 - 98,6
9903,一万减九十七,10000 - 97,6
9904,一万减九十六,10000 - 96,6
9905,一万减九十五,10000 - 95,6
9906,一万减九十四,10000 - 94,6
9907,一万减九十三,10000 - 93,6
9908,一万减九十二,10000 - 92,6
9909,一万减九十一,10000 - 91,6
9910,一万减九十,10000 - 90,5
9911,一万减八十九,10000 - 89,6
9912,一万减八十八,10000 - 88,6
9913,一万减八十七,10000 - 87,6
9914,一万减八十六,10000 - 86,6
9915,一万减八十五,10000 - 85,6
9916,一万减八十四,10000 - 84,6
9917,一万减八十三,10000 - 83,6
9918,一万减八十二,10000 - 82,6
9919,一万减九平方,10000 - 9 ²,6
9920,一万减八十,10000 - 80,5
9921,一万减七十九,10000 - 79,6
9922,一万减七十八,10000 - 78,6
9923,一万减七十七,10000 - 77,6
9924,一万减七十六,10000 - 76,6
9925,一万减七十五,10000 - 75,6
9926,一万减七十四,10000 - 74,6
9927,一万减七十三,10000 - 73,6
9928,一万减八乘九,10000 - 8 * 9,6
9929,一万减七十一,10000 - 71,6
9930,一万减七十,10000 - 70,5
9931,一万减六十九,10000 - 69,6
9932,一万减六十八,10000 - 68,6
9933,一万减六十七,10000 - 67,6
9934,一万减六十六,10000 - 66,6
9935,一万减六十五,10000 - 65,6
9936,一万减四立方,10000 - 4 ³,6
9937,一万减七乘九,10000 - 7 * 9,6
9938,一万减六十二,10000 - 62,6
9939,一万减六十一,10000 - 61,6
9940,一万减六十,10000 - 60,5
9941,一万减五十九,10000 - 59,6
9942,一万减五十八,10000 - 58,6
9943,一万减五十七,10000 - 57,6
9944,一万减七乘八,10000 - 7 * 8,6
9945,一万减五十五,10000 - 55,6
9946,一万减六乘九,10000 - 6 * 9,6
9947,一万减五十三,10000 - 53,6
9948,一万减五十二,10000 - 52,6
9949,一万减五十一,10000 - 51,6
9950,一万减五十,10000 - 50,5
9951,一万减七平方,10000 - 7 ²,6
9952,一万减六乘八,10000 - 6 * 8,6
9953,一万减四十七,10000 - 47,6
9954,一万减四十六,10000 - 46,6
9955,一万减半分之九十,10000 - 90 / 2,6
9956,一万减四十四,10000 - 44,6
9957,一万减四十三,10000 - 43,6
9958,一万减六乘七,10000 - 6 * 7,6
9959,一万减四十一,10000 - 41,6
9960,一万减四十,10000 - 40,5
9961,一万减三十九,10000 - 39,6
9962,一万减三十八,10000 - 38,6
9963,一万减三十七,10000 - 37,6
9964,一万减六平方,10000 - 6 ²,6
9965,一万减半分之七十,10000 - 70 / 2,6
9966,一万减三十四,10000 - 34,6
9967,一万减三十三,10000 - 33,6
9968,一万减四乘八,10000 - 4 * 8,6
9969,一万减三十一,10000 - 31,6
9970,一万减三十,10000 - 30,5
9971,一万减二十九,10000 - 29,6
9972,一万减四乘七,10000 - 4 * 7,6
9973,一万减三立方,10000 - 3 ³,6
9974,一万减二十六,10000 - 26,6
9975,一万减五平方,10000 - 5 ²,6
9976,一万减四乘六,10000 - 4 * 6,6
9977,一万减二十三,10000 - 23,6
9978,一万减二十二,10000 - 22,6
9979,一万减三乘七,10000 - 3 * 7,6
9980,一万减二十,10000 - 20,5
9981,一万减十九,10000 - 19,5
9982,一万减十八,10000 - 18,5
9983,一万减十七,10000 - 17,5
9984,一万减十六,10000 - 16,5
9985,一万减十五,10000 - 15,5
9986,一万减十四,10000 - 14,5
9987,一万减十三,10000 - 13,5
9988,一万减十二,10000 - 12,5
9989,一万减十一,10000 - 11,5
9990,一万减十,10000 - 10,4
9991,一万减九,10000 - 9,4
9992,一万减八,10000 - 8,4
9993,一万减七,10000 - 7,4
9994,一万减六,10000 - 6,4
9995,一万减五,10000 - 5,4
9996,一万减四,10000 - 4,4
9997,一万减三,10000 - 3,4
9998,一万减二,10000 - 2,4
9999,一万减一,10000 - 1,4
10000,一万,10000,2
